QA,Tactic,a,b,c,d,n,n_series_1,n_series_2,confidence,logRR,phi,p_value,w_p,logRR_norm,phi_norm,Score_default,Score_minus_conf
Robustness,Adversarial training,26,2,43,146,217,69,28,0.9466190566837405,1.406438927212358,0.5046712780573087,5.577303216472297e-13,1.0,0.6064073226544622,0.5046712780573087,0.5258840884536335,0.5555393003558855
Functional adaptability,Meta-learning,9,1,12,195,217,21,10,0.6194325242901088,2.7424516278195425,0.59713775543404,1.1212986632139324e-09,1.0,0.8789712556732224,0.59713775543404,0.45717496543877384,0.7380545055536312
Performance Efficiency,Integer-only operations,5,6,10,196,217,15,11,0.5752900605933942,2.236833715431265,0.35110463307775786,0.00028443050255055576,1.0,0.8070175438596491,0.35110463307775786,0.3331280886724372,0.5790610884687035
Capacity,Task-level parallelism on CNN layer-level,5,4,17,191,217,22,9,0.6086226723407995,1.9165380707429829,0.31299835245739804,0.0006567764148781417,1.0,0.7435037720033529,0.31299835245739804,0.3215055731615171,0.5282510622303755
Ressource utilization,Quantization,35,5,83,94,217,118,40,0.9897466460260561,0.6237777321527085,0.3161277492181326,2.314447187287029e-06,1.0,0.30215449290593793,0.3161277492181326,0.3059713877198844,0.3091411210620353
Interoperability,External computational offloading,4,7,2,204,217,6,11,0.4181848889381188,3.623128076551156,0.4735082636303228,5.2224757006037235e-05,1.0,0.9479905437352246,0.4735082636303228,0.29722466044191487,0.7107494036827737
Ressource utilization,Pruning,22,1,96,98,217,118,23,0.9689783833857701,0.6590582050246581,0.28532763485436213,8.721486723318913e-06,1.0,0.31809759110562075,0.28532763485436213,0.2923529999724486,0.3017126129799914
Confidentiality,Edge compute hardware,4,0,10,203,217,14,4,0.3927942914850693,3.0587070727153796,0.5218241748746105,1.1139856615244153e-05,1.0,0.9103139013452916,0.5218241748746105,0.2812678304787933,0.716069038109951
Fault tolerance,Fault tolerant training,4,0,7,206,217,11,4,0.3573895939171715,3.4153820166541116,0.5930310892462834,3.672480202827742e-06,1.0,0.9363636363636364,0.5930310892462834,0.2732948799623966,0.7646973628049599
Robustness,Heuristics-driven augmentation,5,0,64,148,217,69,5,0.7101171417669998,1.1977031913123406,0.22491757065728463,0.00293592378017657,0.844085074457984,0.536231884057971,0.22491757065728463,0.2281162177479053,0.32123744707849017
Time behaviour,Closed-loop learning,6,0,79,132,217,85,6,0.7781037403979929,0.982410281009045,0.21014153500381785,0.003233582752994136,0.8301053400750624,0.45517241379310347,0.21014153500381785,0.2148658243179756,0.2761403308613755
Time behaviour,Tensor or matrix decomposition,6,0,79,132,217,85,6,0.7781037403979929,0.982410281009045,0.21014153500381785,0.003233582752994136,0.8301053400750624,0.45517241379310347,0.21014153500381785,0.2148658243179756,0.2761403308613755
Functional adaptability,Few-shot learning,3,1,18,195,217,21,4,0.4571976885569208,2.1832383353614797,0.3027788802109732,0.002967642222081999,0.842529486209788,0.7974683544303798,0.3027788802109732,0.2119090112050167,0.46349536865305957
Performance Efficiency,Closed-loop learning,3,3,12,199,217,15,6,0.46871439086703215,2.173804303128121,0.28643408328838943,0.004762310905760595,0.7740607517486686,0.7957446808510639,0.28643408328838943,0.1963144858525708,0.41883605384811523
Functional correctness,Quantization,30,10,86,91,217,116,40,0.9893390708055061,0.4341203638685404,0.20532191026940838,0.0027274240102165143,0.8547491135375128,0.21371428571428566,0.20532191026940838,0.1771761916685066,0.17908540852859697
Capacity,Sensor or input data fusion,3,2,19,193,217,22,5,0.503020200599074,1.9013216717395813,0.25369720721202,0.00798913584742989,0.6991667313421094,0.7400820793433652,0.25369720721202,0.17475359785130978,0.34740870772821103
Time behaviour,Sensor or input data fusion,5,0,80,132,217,85,5,0.7470006961583802,0.9745596399981308,0.19137912933017082,0.008568994295434462,0.6890233820961265,0.4520547945205479,0.19137912933017082,0.1655880246778585,0.22167050918350187
Time behaviour,TPU SoC or Accelerator Hardware ,5,0,80,132,217,85,5,0.7470006961583802,0.9745596399981308,0.19137912933017082,0.008568994295434462,0.6890233820961265,0.4520547945205479,0.19137912933017082,0.1655880246778585,0.22167050918350187
Robustness,Training with adversarial noise,4,0,65,148,217,69,4,0.669632579485788,1.186904895813788,0.20069959969792822,0.009620796387347839,0.67226299219269,0.5323741007194245,0.20069959969792822,0.1650036011988604,0.24640915967016858
Resiliency,Tuner and meta-tuner blocks,2,0,6,209,217,8,2,0.2340716616353513,3.578878558899608,0.4929738895864095,0.0011947431302270011,0.9742418193310867,0.9457013574660634,0.4929738895864095,0.16403947914777758,0.7008087950575008
Scalability,Sensor or input data fusion,2,3,1,211,217,3,5,0.22755841388363107,4.440295542797857,0.5079179676353486,0.0012681741864037437,0.9656070303642282,0.9766899766899767,0.5079179676353486,0.16310793957685119,0.7167739341875594
Portability,Containerization,2,1,3,211,217,5,3,0.22755841388363107,3.8618986182455775,0.5079179676353486,0.0012681741864037437,0.9656070303642282,0.9588100686498856,0.5079179676353486,0.1611435455619935,0.7081414517346705
Scalability,Edge compute hardware,2,2,1,212,217,3,4,0.206212993639731,4.66814498514948,0.5705912921279264,0.0007632860596101407,1.0,0.9813953488372094,0.5705912921279264,0.16001990566114552,0.7759933204825679
Interoperability,Multitask Scheduling,2,1,4,210,217,6,3,0.24636168355623522,3.574216545793796,0.4614333328814883,0.0018963074101858797,0.9073637526200176,0.9454545454545454,0.4614333328814883,0.15724762018187063,0.6382795324012991
Capacity,External computational offloading,4,7,18,188,217,22,11,0.6455152476849719,1.4259034992149364,0.2007778199554148,0.016440195802934182,0.5946976714375153,0.6125244618395302,0.2007778199554148,0.15610784850289888,0.24183448657913584
Functional adaptability,Closed-loop learning,3,3,18,193,217,21,6,0.5268446350764039,1.7683391950199565,0.22998778337341216,0.01302740936454597,0.6283806465543281,0.708502024291498,0.22998778337341216,0.1553477356774972,0.29486441606256164
Flexibility,Containerization,2,1,5,209,217,7,3,0.263248813069786,3.3510729944795865,0.42513207281433163,0.0026464949570726014,0.8591096430750632,0.9322799097065463,0.42513207281433163,0.15349587131773637,0.5830828619046626
Scalability,Network partitioning,2,7,1,207,217,3,9,0.29277764778107507,3.8334606829250437,0.37125642043225443,0.004508269924624014,0.7819966964132209,0.9576470588235294,0.37125642043225443,0.1521269921321794,0.5195990653150291
Confidentiality,Training with gradient noise,2,0,12,203,217,14,2,0.29725897566229753,2.8857313783396625,0.3672651915581336,0.0038829151732377534,0.8036140323381286,0.8942731277533039,0.3672651915581336,0.15067907297088182,0.506894947865465
Confidentiality,Federated learning,2,0,12,203,217,14,2,0.29725897566229753,2.8857313783396625,0.3672651915581336,0.0038829151732377534,0.8036140323381286,0.8942731277533039,0.3672651915581336,0.15067907297088182,0.506894947865465
Capacity,Multi-model of different models,3,3,19,192,217,22,6,0.5351040613112231,1.7142719737496808,0.22270084193488943,0.014916761933464494,0.6087751471370095,0.6947791164658634,0.22270084193488943,0.14943824275958717,0.2792694983353379
Modifiability ,Containerization,2,1,1,213,217,3,3,0.18126924692201818,4.9605109069136875,0.661993769470405,0.00038283380368901737,1.0,0.9860788863109049,0.661993769470405,0.14937244459312427,0.824036327890655
Fault tolerance,Failure prevention or mitigation,2,1,9,205,217,11,3,0.31816722087539906,2.763286329577468,0.33246574547124363,0.006843972897986401,0.7215639063087081,0.8813186813186813,0.33246574547124363,0.13932909010047032,0.4379115162056072
Resiliency,Fault tolerant training,2,2,6,207,217,8,4,0.31416871149888526,2.8763855159214247,0.33681243656826326,0.0069040624642141835,0.7202984293380165,0.8933333333333333,0.33681243656826326,0.13918805962213782,0.4430360329584625
Functional adaptability,Test time adaption,2,0,19,196,217,21,2,0.35082268041346987,2.426199048961222,0.2946552314593389,0.008960573476702509,0.6825547315338533,0.8376068376068375,0.2946552314593389,0.13556329209549364,0.3864154162887146
Functional adaptability,Incremental training with sensor data,2,0,19,196,217,21,2,0.35082268041346987,2.426199048961222,0.2946552314593389,0.008960573476702509,0.6825547315338533,0.8376068376068375,0.2946552314593389,0.13556329209549364,0.3864154162887146
Functional adaptability,Adapter module,2,0,19,196,217,21,2,0.35082268041346987,2.426199048961222,0.2946552314593389,0.008960573476702509,0.6825547315338533,0.8376068376068375,0.2946552314593389,0.13556329209549364,0.3864154162887146
Capacity,Partial layer execution,2,0,20,195,217,22,2,0.3573895939171715,2.3749057545736716,0.28714531389113873,0.00985663082437276,0.668757169814445,0.8297872340425532,0.28714531389113873,0.13347726684245773,0.3734783248148864
Capacity,Deadline-aware scheduling,2,0,20,195,217,22,2,0.3573895939171715,2.3749057545736716,0.28714531389113873,0.00985663082437276,0.668757169814445,0.8297872340425532,0.28714531389113873,0.13347726684245773,0.3734783248148864
Capacity,Modular system design,2,0,20,195,217,22,2,0.3573895939171715,2.3749057545736716,0.28714531389113873,0.00985663082437276,0.668757169814445,0.8297872340425532,0.28714531389113873,0.13347726684245773,0.3734783248148864
Interoperability,Concurrent processing hardware,2,5,4,206,217,6,7,0.35082268041346987,2.70805020110221,0.28734956684330365,0.01262471483766367,0.6329261409266062,0.875,0.28734956684330365,0.12904686485598177,0.3678407128749222
Confidentiality,External computational offloading,3,8,11,195,217,14,11,0.5627768512734111,1.6306979118609497,0.19584586170275256,0.026081726327998482,0.5278878887981503,0.6725304465493911,0.19584586170275256,0.12898995581332393,0.22920266802277794
Safety,Specific model type selection,2,2,9,204,217,11,4,0.3573895939171715,2.4709204078132605,0.280682190298605,0.013306007854878715,0.6253174081715632,0.8441558441558441,0.280682190298605,0.12569049001214525,0.35169040215892583
Performance Efficiency,Quantization,6,34,9,168,217,15,40,0.804655998007455,1.0818051703517284,0.15156508556926312,0.03720085229810592,0.476482370002413,0.49367088607594933,0.15156508556926312,0.12369315430510486,0.1537217824901603
Time behaviour,Early-exit inference,4,0,81,132,217,85,4,0.7074947296862014,0.9668430110369864,0.1707724057967425,0.022533281295401733,0.5490585205760972,0.44897959183673475,0.1707724057967425,0.12037319397020137,0.17014005747235894
Time behaviour,Edge compute hardware,4,0,81,132,217,85,4,0.7074947296862014,0.9668430110369864,0.1707724057967425,0.022533281295401733,0.5490585205760972,0.44897959183673475,0.1707724057967425,0.12037319397020137,0.17014005747235894
Time behaviour,Integer-only operations,8,3,77,129,217,85,11,0.8697784411291329,0.6656170158173627,0.15885691886284567,0.026199141024535483,0.5272376491328549,0.3210420841683367,0.15885691886284567,0.11003602814418825,0.1265104110896807
Time behaviour,External computational offloading,8,3,77,129,217,85,11,0.8697784411291329,0.6656170158173627,0.15885691886284567,0.026199141024535483,0.5272376491328549,0.3210420841683367,0.15885691886284567,0.11003602814418825,0.1265104110896807
Robustness,Pretraining,3,0,66,148,217,69,3,0.6167877649096681,1.176321272995426,0.17340437598494263,0.031194703437764204,0.5019730462569159,0.5285714285714286,0.17340437598494263,0.10866965688350957,0.17618646650590553
Functional adaptability,Deployment pipeline creation,2,1,19,195,217,21,3,0.41089465787466506,2.0160719277472468,0.2282278886202208,0.02529799116445778,0.5323046544806359,0.7649484536082475,0.2282278886202208,0.10861433034437094,0.2643361948441333
Functional adaptability,On-device local training,2,1,19,195,217,21,3,0.41089465787466506,2.0160719277472468,0.2282278886202208,0.02529799116445778,0.5323046544806359,0.7649484536082475,0.2282278886202208,0.10861433034437094,0.2643361948441333
Functional correctness,Sparsification,9,1,107,100,217,116,10,0.8967482242550092,0.5545294431456367,0.16102686324401916,0.02153133480023544,0.5556430153195954,0.2703716331401296,0.16102686324401916,0.10747687148748368,0.11985178066761398
Capacity,Feature encoding,2,1,20,194,217,22,3,0.4181848889381188,1.964778633359696,0.22174388824517868,0.027736100691839623,0.5189848649021571,0.7540983606557377,0.22174388824517868,0.10589431601882697,0.25322367885582964
Confidentiality,Sensor or input data fusion,2,3,12,200,217,14,5,0.4275176370043109,1.955388893009857,0.20971834133799283,0.03465974065218584,0.48672489709913475,0.7520661157024793,0.20971834133799283,0.100065727395468,0.23406222044228547
Time behaviour,Multi-model of different models,5,1,80,131,217,85,6,0.7781037403979929,0.7875099420082304,0.15256487705453947,0.035246052007636086,0.4842965074281879,0.37459283387622155,0.15256487705453947,0.09932519078100954,0.12765031913380293
Flexibility,Destillation learning,2,9,5,201,217,7,11,0.4428928155200824,2.0136901641170555,0.19560483968909614,0.042782026316578715,0.4562462164894576,0.7644539614561028,0.19560483968909614,0.09699866318781548,0.21901159781495078
Ressource utilization,Tensor or matrix decomposition,6,0,112,99,217,118,6,0.830327407619309,0.6333592621809718,0.1544582077417392,0.032647378714403374,0.495383894286561,0.30650154798761603,0.1544582077417392,0.09480347824328553,0.11417601945129494
Ressource utilization,Closed-loop learning,6,0,112,99,217,118,6,0.830327407619309,0.6333592621809718,0.1544582077417392,0.032647378714403374,0.495383894286561,0.30650154798761603,0.1544582077417392,0.09480347824328553,0.11417601945129494
Ressource utilization,Binary weights and activations,6,0,112,99,217,118,6,0.830327407619309,0.6333592621809718,0.1544582077417392,0.032647378714403374,0.495383894286561,0.30650154798761603,0.1544582077417392,0.09480347824328553,0.11417601945129494
Resiliency,Meta-learning,2,8,6,201,217,8,10,0.44914562337133124,1.9315214116032138,0.1902829837279232,0.04623768687139249,0.4450013001517086,0.7468354430379747,0.1902829837279232,0.09365111101030626,0.20850945915347413
Resiliency,Neural architecture search,2,8,6,201,217,8,10,0.44914562337133124,1.9315214116032138,0.1902829837279232,0.04623768687139249,0.4450013001517086,0.7468354430379747,0.1902829837279232,0.09365111101030626,0.20850945915347413
Resiliency,Finetuning ,2,8,6,201,217,8,10,0.44914562337133124,1.9315214116032138,0.1902829837279232,0.04623768687139249,0.4450013001517086,0.7468354430379747,0.1902829837279232,0.09365111101030626,0.20850945915347413
Performance Efficiency,Multi-model of different models,2,4,13,198,217,15,6,0.46871439086703215,1.6882964873464201,0.17563872486845983,0.05703319793802105,0.4146240920603397,0.6880000000000001,0.17563872486845983,0.08391989526462254,0.17904271108336733
Robustness,Depth adjustment,7,5,62,143,217,69,12,0.8531483828770723,0.6568790933606297,0.1378653382698024,0.05608610736258344,0.4170482336689902,0.31711794401101423,0.1378653382698024,0.0809424418301431,0.09487498711206707
Time behaviour,Out-of-distribution detection,3,0,82,132,217,85,3,0.6551277756808033,0.9592567677575984,0.14754729210821252,0.05880636825873135,0.4101918802542725,0.44594594594594594,0.14754729210821252,0.07974415336571487,0.1217230536178159
Time behaviour,Input resolution adjustment,3,0,82,132,217,85,3,0.6551277756808033,0.9592567677575984,0.14754729210821252,0.05880636825873135,0.4101918802542725,0.44594594594594594,0.14754729210821252,0.07974415336571487,0.1217230536178159
Functional adaptability,Transfer learning,2,3,19,193,217,21,5,0.49496626555868906,1.495856563631417,0.1575089666438883,0.07474625994921792,0.3754701776970654,0.6339113680154143,0.1575089666438883,0.0735407844132189,0.14857736684379966
Functional correctness,Sensor or input data fusion,5,0,111,101,217,116,5,0.799220089571997,0.6470560733596782,0.14330084918348485,0.06259210181569276,0.40116015492702695,0.31269349845201233,0.14330084918348485,0.07309937201225371,0.09146338157165232
Functional correctness,Ternary weights and activations 2-bit,5,0,111,101,217,116,5,0.799220089571997,0.6470560733596782,0.14330084918348485,0.06259210181569276,0.40116015492702695,0.31269349845201233,0.14330084918348485,0.07309937201225371,0.09146338157165232
Fault tolerance,Neural architecture search,2,8,9,198,217,11,10,0.503020200599074,1.5260563034950494,0.14959941137159483,0.0842249698876264,0.3581863785390435,0.6428571428571429,0.14959941137159483,0.0713904234833134,0.14192357165436034
Ressource utilization,Ternary weights and activations 2-bit,5,0,113,99,217,118,5,0.8019682102467025,0.6291984559596718,0.14066746640532368,0.06439159856719853,0.3970569310349564,0.3046153846153846,0.14066746640532368,0.07089504929358999,0.08840132113438906
Ressource utilization,Mixed-precision compression,5,0,113,99,217,118,5,0.8019682102467025,0.6291984559596718,0.14066746640532368,0.06439159856719853,0.3970569310349564,0.3046153846153846,0.14066746640532368,0.07089504929358999,0.08840132113438906
Ressource utilization,New or specific layer module,5,0,113,99,217,118,5,0.8019682102467025,0.6291984559596718,0.14066746640532368,0.06439159856719853,0.3970569310349564,0.3046153846153846,0.14066746640532368,0.07089504929358999,0.08840132113438906
Time behaviour,Transfer learning,4,1,81,131,217,85,5,0.7470006961583802,0.7389935686853639,0.12845599135343283,0.07839042929527083,0.36857898572923364,0.35355147645650437,0.12845599135343283,0.06635525895333097,0.08882891179965144
Time behaviour,New or specific layer module,4,1,81,131,217,85,5,0.7470006961583802,0.7389935686853639,0.12845599135343283,0.07839042929527083,0.36857898572923364,0.35355147645650437,0.12845599135343283,0.06635525895333097,0.08882891179965144
Safety,Integer-only operations,2,9,9,197,217,11,11,0.5196946989102006,1.4259034992149364,0.1381288614298323,0.10007655737324551,0.3332225475860883,0.6125244618395302,0.1381288614298323,0.06499681612585084,0.12506730636689026
Training performance efficiency,Training optimization algorithm selection or adaptation,2,9,9,197,217,11,11,0.5196946989102006,1.4259034992149364,0.1381288614298323,0.10007655737324551,0.3332225475860883,0.6125244618395302,0.1381288614298323,0.06499681612585084,0.12506730636689026
Reliability,Hardware and Software codesign,2,6,13,196,217,15,8,0.5182339919776623,1.3910905333833836,0.13950513614346355,0.09812653794234032,0.33607117449110446,0.6015325670498084,0.13950513614346355,0.06453086236104713,0.1245207056271767
Ressource utilization,Hardware and Software codesign,7,1,111,98,217,118,8,0.8710467744185655,0.49927265802795423,0.13010413726381131,0.07362126738096733,0.3776655701664911,0.24457677584006804,0.13010413726381131,0.06162833652076508,0.07075204033893905
Robustness,Denoising,2,0,67,148,217,69,2,0.5430384413191546,1.1659454087366967,0.14125443104741583,0.10010240655401945,0.33318516051865626,0.524822695035461,0.14125443104741583,0.0602574499312147,0.11096350708586428
Robustness,Input modification,2,0,67,148,217,69,2,0.5430384413191546,1.1659454087366967,0.14125443104741583,0.10010240655401945,0.33318516051865626,0.524822695035461,0.14125443104741583,0.0602574499312147,0.11096350708586428
Robustness,Robust feature extraction,2,0,67,148,217,69,2,0.5430384413191546,1.1659454087366967,0.14125443104741583,0.10010240655401945,0.33318516051865626,0.524822695035461,0.14125443104741583,0.0602574499312147,0.11096350708586428
Robustness,Training with unlabed data,2,0,67,148,217,69,2,0.5430384413191546,1.1659454087366967,0.14125443104741583,0.10010240655401945,0.33318516051865626,0.524822695035461,0.14125443104741583,0.0602574499312147,0.11096350708586428
Robustness,Test time adaption,2,0,67,148,217,69,2,0.5430384413191546,1.1659454087366967,0.14125443104741583,0.10010240655401945,0.33318516051865626,0.524822695035461,0.14125443104741583,0.0602574499312147,0.11096350708586428
Ressource utilization,Integer-only operations,9,2,109,97,217,118,11,0.9094498228207197,0.4358575910982863,0.12730713548717204,0.06979142319237648,0.385399315138467,0.2145430723878153,0.12730713548717204,0.05990947777622743,0.06587441799748134
Time behaviour,Quantization,21,19,64,113,217,85,40,0.9794994028343471,0.3729096328236439,0.12981363218506983,0.07245186056340361,0.3799834857898534,0.1843237215230205,0.12981363218506983,0.058459955880004216,0.05968350333940016
Capacity,Closed-loop learning,2,4,20,191,217,22,6,0.5351040613112231,1.2575135712539658,0.12958700243610136,0.1146745775723628,0.3135109503356696,0.5571955719557196,0.12958700243610136,0.05760765982156333,0.10765692878577875
Modularity,Containerization,1,2,1,213,217,2,3,0.15066306992548228,4.267363726353742,0.40158798747704766,0.027521761392729136,0.5201079249000705,0.9723502304147466,0.40158798747704766,0.053831625268416776,0.35729807772430106
Usability,Early-exit inference,1,3,1,212,217,2,4,0.17185068465818631,3.9749978045895347,0.3452965673181264,0.036610343061955965,0.47879873382892457,0.9631336405529954,0.3452965673181264,0.05383005536358274,0.31323736341610486
Scalability,Partial layer execution,1,1,2,213,217,3,2,0.15066306992548228,3.984343667007772,0.40158798747704766,0.027521761392729136,0.5201079249000705,0.9634703196347032,0.40158798747704766,0.05348370567254021,0.35498882173974794
Modifiability ,Modular system design,1,1,2,213,217,3,2,0.15066306992548228,3.984343667007772,0.40158798747704766,0.027521761392729136,0.5201079249000705,0.9634703196347032,0.40158798747704766,0.05348370567254021,0.35498882173974794
Scalability,Deadline-aware scheduling,1,1,2,213,217,3,2,0.15066306992548228,3.984343667007772,0.40158798747704766,0.027521761392729136,0.5201079249000705,0.9634703196347032,0.40158798747704766,0.05348370567254021,0.35498882173974794
Scalability,Additional side branches with uncertainty measures,1,1,2,213,217,3,2,0.15066306992548228,3.984343667007772,0.40158798747704766,0.027521761392729136,0.5201079249000705,0.9634703196347032,0.40158798747704766,0.05348370567254021,0.35498882173974794
Usability,Frame rate reduction,1,1,1,214,217,2,2,0.12482668095705252,4.677490847567717,0.49534883720930234,0.018390510325994196,0.5784687397249159,0.9815668202764977,0.49534883720930234,0.053322808669386136,0.4271747695329031
Interpretability,Input modification,1,1,1,214,217,2,2,0.12482668095705252,4.677490847567717,0.49534883720930234,0.018390510325994196,0.5784687397249159,0.9815668202764977,0.49534883720930234,0.053322808669386136,0.4271747695329031
Modularity,Modular system design,1,1,1,214,217,2,2,0.12482668095705252,4.677490847567717,0.49534883720930234,0.018390510325994196,0.5784687397249159,0.9815668202764977,0.49534883720930234,0.053322808669386136,0.4271747695329031
Usability,Sensor duty cycle,1,1,1,214,217,2,2,0.12482668095705252,4.677490847567717,0.49534883720930234,0.018390510325994196,0.5784687397249159,0.9815668202764977,0.49534883720930234,0.053322808669386136,0.4271747695329031
Portability,Library Encapsulation,1,0,4,212,217,5,1,0.13849222534596417,3.9889840465642745,0.44305337860837524,0.023041474654377878,0.5458299098375036,0.9636363636363636,0.44305337860837524,0.05316808871960844,0.38390666758939346
Portability,Matrix-multiplication optimization,1,0,4,212,217,5,1,0.13849222534596417,3.9889840465642745,0.44305337860837524,0.023041474654377878,0.5458299098375036,0.9636363636363636,0.44305337860837524,0.05316808871960844,0.38390666758939346
Portability,Adaptive model scheduling,1,0,4,212,217,5,1,0.13849222534596417,3.9889840465642745,0.44305337860837524,0.023041474654377878,0.5458299098375036,0.9636363636363636,0.44305337860837524,0.05316808871960844,0.38390666758939346
Portability,High-level synthesis,1,0,4,212,217,5,1,0.13849222534596417,3.9889840465642745,0.44305337860837524,0.023041474654377878,0.5458299098375036,0.9636363636363636,0.44305337860837524,0.05316808871960844,0.38390666758939346
Scalability,Feature encoding,1,2,2,212,217,3,3,0.18126924692201818,3.574216545793796,0.32398753894080995,0.04109122518724919,0.4620836365005327,0.9454545454545454,0.32398753894080995,0.053165220091494714,0.293294207342111
Modifiability ,Deployment pipeline creation,1,2,2,212,217,3,3,0.18126924692201818,3.574216545793796,0.32398753894080995,0.04109122518724919,0.4620836365005327,0.9454545454545454,0.32398753894080995,0.053165220091494714,0.293294207342111
Security,Sensor ring architecture,1,0,5,211,217,6,1,0.15066306992548228,3.765840495250065,0.403495529064832,0.027649769585253454,0.5194361611549619,0.9547511312217195,0.403495529064832,0.053148087686974224,0.352761215560397
Security,Suppress redundant channel activations,1,0,5,211,217,6,1,0.15066306992548228,3.765840495250065,0.403495529064832,0.027649769585253454,0.5194361611549619,0.9547511312217195,0.403495529064832,0.053148087686974224,0.352761215560397
Interoperability,Light communication protocol usage,1,0,5,211,217,6,1,0.15066306992548228,3.765840495250065,0.403495529064832,0.027649769585253454,0.5194361611549619,0.9547511312217195,0.403495529064832,0.053148087686974224,0.352761215560397
Interoperability,Relevant content caching,1,0,5,211,217,6,1,0.15066306992548228,3.765840495250065,0.403495529064832,0.027649769585253454,0.5194361611549619,0.9547511312217195,0.403495529064832,0.053148087686974224,0.352761215560397
Interoperability,Coupled semantic descriptions,1,0,5,211,217,6,1,0.15066306992548228,3.765840495250065,0.403495529064832,0.027649769585253454,0.5194361611549619,0.9547511312217195,0.403495529064832,0.053148087686974224,0.352761215560397
Physically small,Closed-loop learning,1,5,1,210,217,2,6,0.206212993639731,3.5600986642480112,0.27784512452512355,0.05465949820788531,0.42077811986359764,0.9447004608294931,0.27784512452512355,0.05304008872403755,0.25721021642652847
Flexibility,Layer fusion,1,0,6,210,217,7,1,0.16170349855334454,3.58351893845611,0.37267799624996495,0.03225806451612903,0.49712056461142423,0.9459459459459459,0.37267799624996495,0.05299954078645766,0.32775753932728663
Flexibility,Input spatial partitioning,1,0,6,210,217,7,1,0.16170349855334454,3.58351893845611,0.37267799624996495,0.03225806451612903,0.49712056461142423,0.9459459459459459,0.37267799624996495,0.05299954078645766,0.32775753932728663
Flexibility,Adaptive model scheduling,1,0,6,210,217,7,1,0.16170349855334454,3.58351893845611,0.37267799624996495,0.03225806451612903,0.49712056461142423,0.9459459459459459,0.37267799624996495,0.05299954078645766,0.32775753932728663
Resiliency,Merging of fault maps,1,0,7,209,217,8,1,0.17185068465818631,3.429368258628852,0.3477773340430254,0.03686635944700461,0.477789915618862,0.9372197309417041,0.3477773340430254,0.05275460625342088,0.30697931962476965
Resiliency,Fault-aware retraining,1,0,7,209,217,8,1,0.17185068465818631,3.429368258628852,0.3477773340430254,0.03686635944700461,0.477789915618862,0.9372197309417041,0.3477773340430254,0.05275460625342088,0.30697931962476965
Resiliency,Post-hoc uncertainty calibration ,1,0,7,209,217,8,1,0.17185068465818631,3.429368258628852,0.3477773340430254,0.03686635944700461,0.477789915618862,0.9372197309417041,0.3477773340430254,0.05275460625342088,0.30697931962476965
Modifiability ,Library Encapsulation,1,0,2,214,217,3,1,0.10905274771158924,4.68213122712422,0.5746711351549223,0.013824884792626727,0.6197794930429558,0.981651376146789,0.5746711351549223,0.05259487395891351,0.48228838853295725
Scalability,Later local processing of encoded features,1,0,2,214,217,3,1,0.10905274771158924,4.68213122712422,0.5746711351549223,0.013824884792626727,0.6197794930429558,0.981651376146789,0.5746711351549223,0.05259487395891351,0.48228838853295725
Modifiability ,Layer fusion,1,0,2,214,217,3,1,0.10905274771158924,4.68213122712422,0.5746711351549223,0.013824884792626727,0.6197794930429558,0.981651376146789,0.5746711351549223,0.05259487395891351,0.48228838853295725
Scalability,Sensor ring architecture,1,0,2,214,217,3,1,0.10905274771158924,4.68213122712422,0.5746711351549223,0.013824884792626727,0.6197794930429558,0.981651376146789,0.5746711351549223,0.05259487395891351,0.48228838853295725
Modifiability ,Adaptive model scheduling,1,0,2,214,217,3,1,0.10905274771158924,4.68213122712422,0.5746711351549223,0.013824884792626727,0.6197794930429558,0.981651376146789,0.5746711351549223,0.05259487395891351,0.48228838853295725
Modifiability ,Input spatial partitioning,1,0,2,214,217,3,1,0.10905274771158924,4.68213122712422,0.5746711351549223,0.013824884792626727,0.6197794930429558,0.981651376146789,0.5746711351549223,0.05259487395891351,0.48228838853295725
Portability,Model format conversion,1,1,4,211,217,5,2,0.19007895443513734,3.2911964864478267,0.30660779016507045,0.045656255333674685,0.44683323721675655,0.9282511210762332,0.30660779016507045,0.052440503038902846,0.2758880024079556
Portability,Modular system design,1,1,4,211,217,5,2,0.19007895443513734,3.2911964864478267,0.30660779016507045,0.045656255333674685,0.44683323721675655,0.9282511210762332,0.30660779016507045,0.052440503038902846,0.2758880024079556
Indenpendency/Autonomy,Incremental training with sensor data,1,1,4,211,217,5,2,0.19007895443513734,3.2911964864478267,0.30660779016507045,0.045656255333674685,0.44683323721675655,0.9282511210762332,0.30660779016507045,0.052440503038902846,0.2758880024079556
Scalability,End-to-end learning,1,3,2,211,217,3,4,0.206212993639731,3.2818506240295893,0.27718297366404004,0.05453387156312887,0.4211112230106988,0.9276018099547512,0.27718297366404004,0.05231091554101443,0.25367419684719467
Scalability,Early-exit inference,1,3,2,211,217,3,4,0.206212993639731,3.2818506240295893,0.27718297366404004,0.05453387156312887,0.4211112230106988,0.9276018099547512,0.27718297366404004,0.05231091554101443,0.25367419684719467
Interpretability,Policy conversion,1,0,1,215,217,2,1,0.08997290406174518,5.375278407684165,0.7054680610666829,0.009216589861751152,0.6784765793948494,0.9907834101382489,0.7054680610666829,0.051773418409770684,0.5754334479883014
Modularity,Automatic retraining and deployment triggering,1,0,1,215,217,2,1,0.08997290406174518,5.375278407684165,0.7054680610666829,0.009216589861751152,0.6784765793948494,0.9907834101382489,0.7054680610666829,0.051773418409770684,0.5754334479883014
Modularity,Adaptive model scheduling,1,0,1,215,217,2,1,0.08997290406174518,5.375278407684165,0.7054680610666829,0.009216589861751152,0.6784765793948494,0.9907834101382489,0.7054680610666829,0.051773418409770684,0.5754334479883014
Interpretability,Regularization training,1,7,1,208,217,2,8,0.2340716616353513,3.262892710284975,0.23705203781547443,0.07253797576378222,0.37981152265240176,0.9262672811059908,0.23705203781547443,0.05171135513958667,0.22092104092525833
Physically small,Hardware and Software codesign,1,7,1,208,217,2,8,0.2340716616353513,3.262892710284975,0.23705203781547443,0.07253797576378222,0.37981152265240176,0.9262672811059908,0.23705203781547443,0.05171135513958667,0.22092104092525833
Training performance efficiency,Fault-aware retraining,1,0,10,206,217,11,1,0.19837015644199685,3.0726933146901194,0.2944492090333012,0.05069124423963133,0.4316890162301015,0.9115044247787611,0.2944492090333012,0.05163544799725023,0.26029846889972263
Training performance efficiency,Self-adjusted learning,1,0,10,206,217,11,1,0.19837015644199685,3.0726933146901194,0.2944492090333012,0.05069124423963133,0.4316890162301015,0.9115044247787611,0.2944492090333012,0.05163544799725023,0.26029846889972263
Training performance efficiency,Training with uncertainty measures,1,0,10,206,217,11,1,0.19837015644199685,3.0726933146901194,0.2944492090333012,0.05069124423963133,0.4316890162301015,0.9115044247787611,0.2944492090333012,0.05163544799725023,0.26029846889972263
Training performance efficiency,Weight initialization random,1,0,10,206,217,11,1,0.19837015644199685,3.0726933146901194,0.2944492090333012,0.05069124423963133,0.4316890162301015,0.9115044247787611,0.2944492090333012,0.05163544799725023,0.26029846889972263
Training performance efficiency,Training loss early stopping,1,0,10,206,217,11,1,0.19837015644199685,3.0726933146901194,0.2944492090333012,0.05069124423963133,0.4316890162301015,0.9115044247787611,0.2944492090333012,0.05163544799725023,0.26029846889972263
Safety,Policy conversion,1,0,10,206,217,11,1,0.19837015644199685,3.0726933146901194,0.2944492090333012,0.05069124423963133,0.4316890162301015,0.9115044247787611,0.2944492090333012,0.05163544799725023,0.26029846889972263
Safety,Quantitative sensor selection,1,0,10,206,217,11,1,0.19837015644199685,3.0726933146901194,0.2944492090333012,0.05069124423963133,0.4316890162301015,0.9115044247787611,0.2944492090333012,0.05163544799725023,0.26029846889972263
Training performance efficiency,Matrix reusing,1,0,10,206,217,11,1,0.19837015644199685,3.0726933146901194,0.2944492090333012,0.05069124423963133,0.4316890162301015,0.9115044247787611,0.2944492090333012,0.05163544799725023,0.26029846889972263
Fault tolerance,Fault-map-based neuron re-mapping,1,0,10,206,217,11,1,0.19837015644199685,3.0726933146901194,0.2944492090333012,0.05069124423963133,0.4316890162301015,0.9115044247787611,0.2944492090333012,0.05163544799725023,0.26029846889972263
Fault tolerance,Independent model development,1,0,10,206,217,11,1,0.19837015644199685,3.0726933146901194,0.2944492090333012,0.05069124423963133,0.4316890162301015,0.9115044247787611,0.2944492090333012,0.05163544799725023,0.26029846889972263
Fault tolerance,Online training,1,0,10,206,217,11,1,0.19837015644199685,3.0726933146901194,0.2944492090333012,0.05069124423963133,0.4316890162301015,0.9115044247787611,0.2944492090333012,0.05163544799725023,0.26029846889972263
Fault tolerance,Signal overwriting,1,0,10,206,217,11,1,0.19837015644199685,3.0726933146901194,0.2944492090333012,0.05069124423963133,0.4316890162301015,0.9115044247787611,0.2944492090333012,0.05163544799725023,0.26029846889972263
Fault tolerance,Merging of fault maps,1,0,10,206,217,11,1,0.19837015644199685,3.0726933146901194,0.2944492090333012,0.05069124423963133,0.4316890162301015,0.9115044247787611,0.2944492090333012,0.05163544799725023,0.26029846889972263
Fault tolerance,Fault-aware retraining,1,0,10,206,217,11,1,0.19837015644199685,3.0726933146901194,0.2944492090333012,0.05069124423963133,0.4316890162301015,0.9115044247787611,0.2944492090333012,0.05163544799725023,0.26029846889972263
Training performance efficiency,Merging of fault maps,1,0,10,206,217,11,1,0.19837015644199685,3.0726933146901194,0.2944492090333012,0.05069124423963133,0.4316890162301015,0.9115044247787611,0.2944492090333012,0.05163544799725023,0.26029846889972263
Security,Federated learning,1,1,5,210,217,6,2,0.206212993639731,3.068052935133617,0.27784512452512355,0.05465949820788531,0.42077811986359764,0.9111111111111111,0.27784512452512355,0.051582816201370084,0.2501433847155577
Usability,Network partitioning,1,8,1,207,217,2,9,0.24636168355623522,3.1403135023650983,0.22180223928808765,0.08141321044546851,0.3631017063224677,0.9170506912442397,0.22180223928808765,0.05093767299741214,0.20675972116331542
Flexibility,Denoising,1,1,6,209,217,7,2,0.22076594753891132,2.8857313783396625,0.2553307628344309,0.06362007168458782,0.3988019486274949,0.8942731277533039,0.2553307628344309,0.050606649679075064,0.22923213585806904
Flexibility,Modular system design,1,1,6,209,217,7,2,0.22076594753891132,2.8857313783396625,0.2553307628344309,0.06362007168458782,0.3988019486274949,0.8942731277533039,0.2553307628344309,0.050606649679075064,0.22923213585806904
Indenpendency/Autonomy,On-device local training,1,2,4,210,217,5,3,0.22755841388363107,2.8810693652338513,0.24486737341847353,0.06785029590731015,0.38948275132132765,0.8938053097345132,0.24486737341847353,0.05046032386439648,0.22174668474443182
Portability,Multitask Scheduling,1,2,4,210,217,5,3,0.22755841388363107,2.8810693652338513,0.24486737341847353,0.06785029590731015,0.38948275132132765,0.8938053097345132,0.24486737341847353,0.05046032386439648,0.22174668474443182
Portability,Deployment pipeline creation,1,2,4,210,217,5,3,0.22755841388363107,2.8810693652338513,0.24486737341847353,0.06785029590731015,0.38948275132132765,0.8938053097345132,0.24486737341847353,0.05046032386439648,0.22174668474443182
Functional correctness,Tenary weights,4,0,112,101,217,116,4,0.762133086471552,0.6427932944143305,0.12787094838100457,0.1251221795212933,0.3008885663933711,0.31076923076923074,0.12787094838100457,0.050293853885155976,0.06599090733352289
Confidentiality,Cloud compression and edge reconstruction,1,0,13,203,217,14,1,0.22076594753891132,2.810329050222628,0.2590938625858004,0.06451612903225806,0.39677723272343046,0.8864628820960698,0.2590938625858004,0.050172465246324106,0.22726541754126692
Confidentiality,Convolution unfolding,1,0,13,203,217,14,1,0.22076594753891132,2.810329050222628,0.2590938625858004,0.06451612903225806,0.39677723272343046,0.8864628820960698,0.2590938625858004,0.050172465246324106,0.22726541754126692
Confidentiality,Sensor ring architecture,1,0,13,203,217,14,1,0.22076594753891132,2.810329050222628,0.2590938625858004,0.06451612903225806,0.39677723272343046,0.8864628820960698,0.2590938625858004,0.050172465246324106,0.22726541754126692
Confidentiality,Cache preloading,1,0,13,203,217,14,1,0.22076594753891132,2.810329050222628,0.2590938625858004,0.06451612903225806,0.39677723272343046,0.8864628820960698,0.2590938625858004,0.050172465246324106,0.22726541754126692
Reliability,Independent model development,1,0,14,202,217,15,1,0.22755841388363107,2.7362210780689065,0.24969116726938037,0.06912442396313363,0.38678949159761605,0.8782608695652174,0.24969116726938037,0.04963959182131458,0.21813999743687482
Performance Efficiency,Post-training quantization,1,0,14,202,217,15,1,0.22755841388363107,2.7362210780689065,0.24969116726938037,0.06912442396313363,0.38678949159761605,0.8782608695652174,0.24969116726938037,0.04963959182131458,0.21813999743687482
Performance Efficiency,Imitation learning,1,0,14,202,217,15,1,0.22755841388363107,2.7362210780689065,0.24969116726938037,0.06912442396313363,0.38678949159761605,0.8782608695652174,0.24969116726938037,0.04963959182131458,0.21813999743687482
Reliability,Quantitative sensor selection,1,0,14,202,217,15,1,0.22755841388363107,2.7362210780689065,0.24969116726938037,0.06912442396313363,0.38678949159761605,0.8782608695652174,0.24969116726938037,0.04963959182131458,0.21813999743687482
Reliability,Input spatial partitioning,1,0,14,202,217,15,1,0.22755841388363107,2.7362210780689065,0.24969116726938037,0.06912442396313363,0.38678949159761605,0.8782608695652174,0.24969116726938037,0.04963959182131458,0.21813999743687482
Reliability,Layer fusion,1,0,14,202,217,15,1,0.22755841388363107,2.7362210780689065,0.24969116726938037,0.06912442396313363,0.38678949159761605,0.8782608695652174,0.24969116726938037,0.04963959182131458,0.21813999743687482
Performance Efficiency,Single task assignment,1,0,14,202,217,15,1,0.22755841388363107,2.7362210780689065,0.24969116726938037,0.06912442396313363,0.38678949159761605,0.8782608695652174,0.24969116726938037,0.04963959182131458,0.21813999743687482
Reliability,Training with uncertainty measures,1,0,14,202,217,15,1,0.22755841388363107,2.7362210780689065,0.24969116726938037,0.06912442396313363,0.38678949159761605,0.8782608695652174,0.24969116726938037,0.04963959182131458,0.21813999743687482
Performance Efficiency,Model fusion,1,0,14,202,217,15,1,0.22755841388363107,2.7362210780689065,0.24969116726938037,0.06912442396313363,0.38678949159761605,0.8782608695652174,0.24969116726938037,0.04963959182131458,0.21813999743687482
Resiliency,Test time adaption,1,1,7,208,217,8,2,0.2340716616353513,2.731580698512404,0.23705203781547443,0.07253797576378222,0.37981152265240176,0.8777292576419213,0.23705203781547443,0.04955376441767626,0.2117033906260452
Resiliency,Adapter module,1,1,7,208,217,8,2,0.2340716616353513,2.731580698512404,0.23705203781547443,0.07253797576378222,0.37981152265240176,0.8777292576419213,0.23705203781547443,0.04955376441767626,0.2117033906260452
Performance Efficiency,Neural architecture search,2,8,13,194,217,15,10,0.5580226227593261,1.158331523369732,0.11339968627573652,0.14541376292662356,0.27913149567018286,0.5220588235294118,0.11339968627573652,0.04949004548639056,0.0886882421391283
Reliability,Neural architecture search,2,8,13,194,217,15,10,0.5580226227593261,1.158331523369732,0.11339968627573652,0.14541376292662356,0.27913149567018286,0.5220588235294118,0.11339968627573652,0.04949004548639056,0.0886882421391283
Training performance efficiency,Adversarial training,3,25,8,181,217,11,28,0.6896315850008591,0.9287132518727123,0.09904994746311323,0.155890363379462,0.2690602435376014,0.4336283185840708,0.09904994746311323,0.04941987658903524,0.07166127199492128
Physically small,Destillation learning,1,10,1,205,217,2,11,0.26852657159596116,2.9299808959912106,0.19754699638387585,0.09903567161631677,0.33473611629318717,0.8986175115207373,0.19754699638387585,0.049264670291320804,0.18346292509721143
Interpretability,Destillation learning,1,10,1,205,217,2,11,0.26852657159596116,2.9299808959912106,0.19754699638387585,0.09903567161631677,0.33473611629318717,0.8986175115207373,0.19754699638387585,0.049264670291320804,0.18346292509721143
Usability,External computational offloading,1,10,1,205,217,2,11,0.26852657159596116,2.9299808959912106,0.19754699638387585,0.09903567161631677,0.33473611629318717,0.8986175115207373,0.19754699638387585,0.049264670291320804,0.18346292509721143
Ressource utilization,ADMM-based compression,4,0,114,99,217,118,4,0.7650472225754257,0.6250937173149298,0.12552111476025252,0.12729273773717126,0.29839879095451677,0.3027522935779817,0.12552111476025252,0.048885089656067506,0.06389813362304958
Ressource utilization,Tenary weights,4,0,114,99,217,118,4,0.7650472225754257,0.6250937173149298,0.12552111476025252,0.12729273773717126,0.29839879095451677,0.3027522935779817,0.12552111476025252,0.048885089656067506,0.06389813362304958
Modifiability ,Concurrent processing hardware,1,6,2,208,217,3,7,0.263248813069786,2.70805020110221,0.2017575938779879,0.0941068600483454,0.34212623897607214,0.875,0.2017575938779879,0.04848872365692528,0.18419351294120045
Indenpendency/Autonomy,Edge compute hardware,1,3,4,209,217,5,4,0.25780435421065095,2.588703443469644,0.20729722868922784,0.08962949460106459,0.34918301748369657,0.8602620087336245,0.20729722868922784,0.0480513229184089,0.18638677793295277
Portability,Simultaneous memory loading,1,3,4,209,217,5,4,0.25780435421065095,2.588703443469644,0.20729722868922784,0.08962949460106459,0.34918301748369657,0.8602620087336245,0.20729722868922784,0.0480513229184089,0.18638677793295277
Flexibility,Deployment pipeline creation,1,2,6,208,217,7,3,0.263248813069786,2.4756042571256867,0.2017575938779879,0.0941068600483454,0.34212623897607214,0.8448275862068965,0.2017575938779879,0.0471299945959051,0.17903212571526833
Functional adaptability,Fault-map-based neuron re-mapping,1,0,20,196,217,21,1,0.263248813069786,2.379546134130174,0.20786985482077452,0.0967741935483871,0.33808014637153677,0.8305084745762712,0.20786985482077452,0.04620741888154132,0.17552754879579252
Functional adaptability,Post-hoc uncertainty calibration ,1,0,20,196,217,21,1,0.263248813069786,2.379546134130174,0.20786985482077452,0.0967741935483871,0.33808014637153677,0.8305084745762712,0.20786985482077452,0.04620741888154132,0.17552754879579252
Functional adaptability,Imitation learning,1,0,20,196,217,21,1,0.263248813069786,2.379546134130174,0.20786985482077452,0.0967741935483871,0.33808014637153677,0.8305084745762712,0.20786985482077452,0.04620741888154132,0.17552754879579252
Functional adaptability,Online training,1,0,20,196,217,21,1,0.263248813069786,2.379546134130174,0.20786985482077452,0.0967741935483871,0.33808014637153677,0.8305084745762712,0.20786985482077452,0.04620741888154132,0.17552754879579252
Functional adaptability,Automatic retraining and deployment triggering,1,0,20,196,217,21,1,0.263248813069786,2.379546134130174,0.20786985482077452,0.0967741935483871,0.33808014637153677,0.8305084745762712,0.20786985482077452,0.04620741888154132,0.17552754879579252
Functional adaptability,Test-time training,1,0,20,196,217,21,1,0.263248813069786,2.379546134130174,0.20786985482077452,0.0967741935483871,0.33808014637153677,0.8305084745762712,0.20786985482077452,0.04620741888154132,0.17552754879579252
Functional adaptability,Single task assignment,1,0,20,196,217,21,1,0.263248813069786,2.379546134130174,0.20786985482077452,0.0967741935483871,0.33808014637153677,0.8305084745762712,0.20786985482077452,0.04620741888154132,0.17552754879579252
Functional adaptability,Contrastive representation learning,1,0,20,196,217,21,1,0.263248813069786,2.379546134130174,0.20786985482077452,0.0967741935483871,0.33808014637153677,0.8305084745762712,0.20786985482077452,0.04620741888154132,0.17552754879579252
Functional adaptability,Model pool for deployment,1,0,20,196,217,21,1,0.263248813069786,2.379546134130174,0.20786985482077452,0.0967741935483871,0.33808014637153677,0.8305084745762712,0.20786985482077452,0.04620741888154132,0.17552754879579252
Safety,Incremental training with sensor data,1,1,10,205,217,11,2,0.26852657159596116,2.3749057545736716,0.19754699638387585,0.09903567161631677,0.33473611629318717,0.8297872340425532,0.19754699638387585,0.046171246903160955,0.17194293521399653
Training performance efficiency,Label smooting,1,1,10,205,217,11,2,0.26852657159596116,2.3749057545736716,0.19754699638387585,0.09903567161631677,0.33473611629318717,0.8297872340425532,0.19754699638387585,0.046171246903160955,0.17194293521399653
Fault tolerance,Training with gradient noise,1,1,10,205,217,11,2,0.26852657159596116,2.3749057545736716,0.19754699638387585,0.09903567161631677,0.33473611629318717,0.8297872340425532,0.19754699638387585,0.046171246903160955,0.17194293521399653
Training performance efficiency,Training with gradient noise,1,1,10,205,217,11,2,0.26852657159596116,2.3749057545736716,0.19754699638387585,0.09903567161631677,0.33473611629318717,0.8297872340425532,0.19754699638387585,0.046171246903160955,0.17194293521399653
Fault tolerance,Additional side branches with uncertainty measures,1,1,10,205,217,11,2,0.26852657159596116,2.3749057545736716,0.19754699638387585,0.09903567161631677,0.33473611629318717,0.8297872340425532,0.19754699638387585,0.046171246903160955,0.17194293521399653
Fault tolerance,Tuner and meta-tuner blocks,1,1,10,205,217,11,2,0.26852657159596116,2.3749057545736716,0.19754699638387585,0.09903567161631677,0.33473611629318717,0.8297872340425532,0.19754699638387585,0.046171246903160955,0.17194293521399653
Security,Edge compute hardware,1,3,5,208,217,6,4,0.27862677921159384,2.365559892155434,0.18583206752537204,0.10680629658972371,0.3238010478117132,0.8283261802575107,0.18583206752537204,0.04574849755920143,0.16419275163949426
Capacity,Sensor ring architecture,1,0,21,195,217,22,1,0.26852657159596116,2.330755969960742,0.2025718478351657,0.10138248847926266,0.33134568434210776,0.8227848101265822,0.2025718478351657,0.045615616165205666,0.16987375176353595
Capacity,Cache preloading,1,0,21,195,217,22,1,0.26852657159596116,2.330755969960742,0.2025718478351657,0.10138248847926266,0.33134568434210776,0.8227848101265822,0.2025718478351657,0.045615616165205666,0.16987375176353595
Capacity,Light communication protocol usage,1,0,21,195,217,22,1,0.26852657159596116,2.330755969960742,0.2025718478351657,0.10138248847926266,0.33134568434210776,0.8227848101265822,0.2025718478351657,0.045615616165205666,0.16987375176353595
Capacity,Imitation learning,1,0,21,195,217,22,1,0.26852657159596116,2.330755969960742,0.2025718478351657,0.10138248847926266,0.33134568434210776,0.8227848101265822,0.2025718478351657,0.045615616165205666,0.16987375176353595
Capacity,Coupled semantic descriptions,1,0,21,195,217,22,1,0.26852657159596116,2.330755969960742,0.2025718478351657,0.10138248847926266,0.33134568434210776,0.8227848101265822,0.2025718478351657,0.045615616165205666,0.16987375176353595
Capacity,Straggler mitigation,1,0,21,195,217,22,1,0.26852657159596116,2.330755969960742,0.2025718478351657,0.10138248847926266,0.33134568434210776,0.8227848101265822,0.2025718478351657,0.045615616165205666,0.16987375176353595
Capacity,Later local processing of encoded features,1,0,21,195,217,22,1,0.26852657159596116,2.330755969960742,0.2025718478351657,0.10138248847926266,0.33134568434210776,0.8227848101265822,0.2025718478351657,0.045615616165205666,0.16987375176353595
Capacity,Adaptive model scheduling,1,0,21,195,217,22,1,0.26852657159596116,2.330755969960742,0.2025718478351657,0.10138248847926266,0.33134568434210776,0.8227848101265822,0.2025718478351657,0.045615616165205666,0.16987375176353595
Capacity,Adaptive batching,1,0,21,195,217,22,1,0.26852657159596116,2.330755969960742,0.2025718478351657,0.10138248847926266,0.33134568434210776,0.8227848101265822,0.2025718478351657,0.045615616165205666,0.16987375176353595
Capacity,Competing models ,1,0,21,195,217,22,1,0.26852657159596116,2.330755969960742,0.2025718478351657,0.10138248847926266,0.33134568434210776,0.8227848101265822,0.2025718478351657,0.045615616165205666,0.16987375176353595
Capacity,Prediction combination of multi-models,1,0,21,195,217,22,1,0.26852657159596116,2.330755969960742,0.2025718478351657,0.10138248847926266,0.33134568434210776,0.8227848101265822,0.2025718478351657,0.045615616165205666,0.16987375176353595
Capacity,Cloud compression and edge reconstruction,1,0,21,195,217,22,1,0.26852657159596116,2.330755969960742,0.2025718478351657,0.10138248847926266,0.33134568434210776,0.8227848101265822,0.2025718478351657,0.045615616165205666,0.16987375176353595
Capacity,Single task assignment,1,0,21,195,217,22,1,0.26852657159596116,2.330755969960742,0.2025718478351657,0.10138248847926266,0.33134568434210776,0.8227848101265822,0.2025718478351657,0.045615616165205666,0.16987375176353595
Capacity,Data-level parallelsim in CNN layer,1,0,21,195,217,22,1,0.26852657159596116,2.330755969960742,0.2025718478351657,0.10138248847926266,0.33134568434210776,0.8227848101265822,0.2025718478351657,0.045615616165205666,0.16987375176353595
Modifiability ,Task-level parallelism on CNN layer-level,1,8,2,206,217,3,9,0.29277764778107507,2.447166321805153,0.17331380806419738,0.11986568070589074,0.3071017146511333,0.8407079646017699,0.17331380806419738,0.045586625263668995,0.1557039125396501
Modifiability ,Network partitioning,1,8,2,206,217,3,9,0.29277764778107507,2.447166321805153,0.17331380806419738,0.11986568070589074,0.3071017146511333,0.8407079646017699,0.17331380806419738,0.045586625263668995,0.1557039125396501
Scalability,Task-level parallelism on CNN layer-level,1,8,2,206,217,3,9,0.29277764778107507,2.447166321805153,0.17331380806419738,0.11986568070589074,0.3071017146511333,0.8407079646017699,0.17331380806419738,0.045586625263668995,0.1557039125396501
Portability,TPU SoC or Accelerator Hardware ,1,4,4,208,217,5,5,0.28346868942621073,2.3608540011180215,0.1811320754716981,0.11099969425831659,0.3182260724828525,0.8275862068965517,0.1811320754716981,0.045496789459475676,0.16050022861984858
Portability,Mixed-precision compression,1,4,4,208,217,5,5,0.28346868942621073,2.3608540011180215,0.1811320754716981,0.11099969425831659,0.3182260724828525,0.8275862068965517,0.1811320754716981,0.045496789459475676,0.16050022861984858
Resiliency,Failure prevention or mitigation,1,2,7,207,217,8,3,0.27862677921159384,2.3214535772984286,0.18628232872049613,0.10704819061908333,0.323473556321807,0.8212765957446808,0.18628232872049613,0.045404834444616314,0.16295933425026288
Resiliency,Normalization,1,2,7,207,217,8,3,0.27862677921159384,2.3214535772984286,0.18628232872049613,0.10704819061908333,0.323473556321807,0.8212765957446808,0.18628232872049613,0.045404834444616314,0.16295933425026288
Time behaviour,Incremental training with sensor data,2,0,83,132,217,85,2,0.5807244707051901,0.9517974203310648,0.12019136588076758,0.15232974910394265,0.2724050910744287,0.44295302013422816,0.12019136588076758,0.0445425534844128,0.07670169888023406
Time behaviour,Modular system design,2,0,83,132,217,85,2,0.5807244707051901,0.9517974203310648,0.12019136588076758,0.15232974910394265,0.2724050910744287,0.44295302013422816,0.12019136588076758,0.0445425534844128,0.07670169888023406
Time behaviour,Architecture design optimization with reinforcement learning,2,0,83,132,217,85,2,0.5807244707051901,0.9517974203310648,0.12019136588076758,0.15232974910394265,0.2724050910744287,0.44295302013422816,0.12019136588076758,0.0445425534844128,0.07670169888023406
Time behaviour,Additional side branches with uncertainty measures,2,0,83,132,217,85,2,0.5807244707051901,0.9517974203310648,0.12019136588076758,0.15232974910394265,0.2724050910744287,0.44295302013422816,0.12019136588076758,0.0445425534844128,0.07670169888023406
Time behaviour,Bottleneck module,2,0,83,132,217,85,2,0.5807244707051901,0.9517974203310648,0.12019136588076758,0.15232974910394265,0.2724050910744287,0.44295302013422816,0.12019136588076758,0.0445425534844128,0.07670169888023406
Time behaviour,Deadline-aware scheduling,2,0,83,132,217,85,2,0.5807244707051901,0.9517974203310648,0.12019136588076758,0.15232974910394265,0.2724050910744287,0.44295302013422816,0.12019136588076758,0.0445425534844128,0.07670169888023406
Time behaviour,Memory scheduling,2,0,83,132,217,85,2,0.5807244707051901,0.9517974203310648,0.12019136588076758,0.15232974910394265,0.2724050910744287,0.44295302013422816,0.12019136588076758,0.0445425534844128,0.07670169888023406
Time behaviour,Prediction/intermediate result caching,2,0,83,132,217,85,2,0.5807244707051901,0.9517974203310648,0.12019136588076758,0.15232974910394265,0.2724050910744287,0.44295302013422816,0.12019136588076758,0.0445425534844128,0.07670169888023406
Ressource utilization,Sparsification,8,2,110,97,217,118,10,0.8987411536015547,0.409094876158743,0.11306573698584252,0.11477146659116486,0.31338868958404864,0.2017416545718432,0.11306573698584252,0.04433358710788978,0.04932853795581781
Ressource utilization,Concurrent processing hardware,6,1,112,98,217,118,7,0.8528075525017331,0.4744579795951157,0.11486552037212454,0.12903123565145744,0.29643504791321784,0.23287671232876705,0.11486552037212454,0.0439549742469487,0.05154149270606907
Time behaviour,Network partitioning,6,3,79,129,217,85,9,0.8418021622327645,0.562625119126132,0.11717229465090456,0.15901537358153503,0.26618696204230646,0.27411944869831545,0.11717229465090456,0.04383969307240499,0.052078380217183376
Portability,Multi-model of different models,1,5,4,207,217,5,6,0.30590634059779964,2.173804303128121,0.16142538135394977,0.13196668260128086,0.2931785668425299,0.7957446808510639,0.16142538135394977,0.042921985867924575,0.14031087353092056
Indenpendency/Autonomy,Closed-loop learning,1,5,4,207,217,5,6,0.30590634059779964,2.173804303128121,0.16142538135394977,0.13196668260128086,0.2931785668425299,0.7957446808510639,0.16142538135394977,0.042921985867924575,0.14031087353092056
Confidentiality,Additional side branches with uncertainty measures,1,1,13,202,217,14,2,0.29725897566229753,2.1125414901061808,0.17096827882878632,0.12514934289127835,0.30085714211830905,0.7842323651452282,0.17096827882878632,0.042712984055622134,0.1436894679477952
Confidentiality,Prediction/intermediate result caching,1,1,13,202,217,14,2,0.29725897566229753,2.1125414901061808,0.17096827882878632,0.12514934289127835,0.30085714211830905,0.7842323651452282,0.17096827882878632,0.042712984055622134,0.1436894679477952
Security,Sensor or input data fusion,1,4,5,207,217,6,5,0.30590634059779964,2.1377104498038118,0.16142538135394977,0.13196668260128086,0.2931785668425299,0.7890295358649789,0.16142538135394977,0.0426208613660468,0.13932650523934045
Reliability,Sensor duty cycle,1,1,14,201,217,15,2,0.30590634059779964,2.038433517952459,0.16382722104229228,0.13376856118791602,0.2912153147229147,0.7695473251028807,0.16382722104229228,0.04157465429835826,0.1359064811050121
Performance Efficiency,Robust feature extraction,1,1,14,201,217,15,2,0.30590634059779964,2.038433517952459,0.16382722104229228,0.13376856118791602,0.2912153147229147,0.7695473251028807,0.16382722104229228,0.04157465429835826,0.1359064811050121
Reliability,Parameter amount reduction,1,1,14,201,217,15,2,0.30590634059779964,2.038433517952459,0.16382722104229228,0.13376856118791602,0.2912153147229147,0.7695473251028807,0.16382722104229228,0.04157465429835826,0.1359064811050121
Resiliency,Few-shot learning,1,3,7,206,217,8,4,0.31416871149888526,2.029087655534221,0.15500074817196194,0.14042956667070636,0.28418048142372837,0.7676348547717842,0.15500074817196194,0.0411867373404873,0.13109751491161284
Training performance efficiency,Pretraining,1,2,10,204,217,11,3,0.31816722087539906,1.964778633359696,0.1525528607648599,0.14513152097548196,0.27941275110560165,0.7540983606557377,0.1525528607648599,0.04030063704402151,0.12666495603519157
Safety,Out-of-distribution detection,1,2,10,204,217,11,3,0.31816722087539906,1.964778633359696,0.1525528607648599,0.14513152097548196,0.27941275110560165,0.7540983606557377,0.1525528607648599,0.04030063704402151,0.12666495603519157
Training performance efficiency,Standard training on fully labeled datasets,1,2,10,204,217,11,3,0.31816722087539906,1.964778633359696,0.1525528607648599,0.14513152097548196,0.27941275110560165,0.7540983606557377,0.1525528607648599,0.04030063704402151,0.12666495603519157
Fault tolerance,Normalization,1,2,10,204,217,11,3,0.31816722087539906,1.964778633359696,0.1525528607648599,0.14513152097548196,0.27941275110560165,0.7540983606557377,0.1525528607648599,0.04030063704402151,0.12666495603519157
Training performance efficiency,Self-supervision learning,1,2,10,204,217,11,3,0.31816722087539906,1.964778633359696,0.1525528607648599,0.14513152097548196,0.27941275110560165,0.7540983606557377,0.1525528607648599,0.04030063704402151,0.12666495603519157
Functional correctness,Pruning,16,7,100,94,217,116,23,0.9680477417116616,0.2997824793858684,0.11119917988907646,0.12359932201754717,0.3026613038290182,0.14877868245743897,0.11119917988907646,0.03808553385567809,0.03934261939223869
Portability,Hardware and Software codesign,1,7,4,205,217,5,8,0.3440278999511197,1.8765983491650844,0.13295424163686373,0.17271390219481128,0.2542242345080226,0.7344398340248962,0.13295424163686373,0.03793124246843715,0.11025629745095239
Indenpendency/Autonomy,Quantization,2,38,3,174,217,5,40,0.6104679147497827,1.0818051703517284,0.08541738977804837,0.22974107135225735,0.21292045267237644,0.49367088607594933,0.08541738977804837,0.03763526692177824,0.061649868916049594
Flexibility,Closed-loop learning,1,5,6,205,217,7,6,0.35082268041346987,1.7683391950199565,0.12828105662647485,0.18051848802316214,0.2478261042255094,0.708502024291498,0.12828105662647485,0.036376223300459594,0.1036883455128602
Portability,Task-level parallelism on CNN layer-level,1,8,4,204,217,5,9,0.3605926808381029,1.7540191412452077,0.12210194782886409,0.1925054356351268,0.23851900104228108,0.7049180327868851,0.12210194782886409,0.03556525243634775,0.09862998980923758
Confidentiality,Quantization-aware training,1,2,13,201,217,14,3,0.35082268041346987,1.702414368892205,0.12955628847386705,0.18211636242393933,0.24655034427888514,0.691699604743083,0.12955628847386705,0.035517450107212516,0.10124046160685118
Confidentiality,Internal computation balancing,1,2,13,201,217,14,3,0.35082268041346987,1.702414368892205,0.12955628847386705,0.18211636242393933,0.24655034427888514,0.691699604743083,0.12955628847386705,0.035517450107212516,0.10124046160685118
Confidentiality,On-device local training,1,2,13,201,217,14,3,0.35082268041346987,1.702414368892205,0.12955628847386705,0.18211636242393933,0.24655034427888514,0.691699604743083,0.12955628847386705,0.035517450107212516,0.10124046160685118
Confidentiality,Feature encoding,1,2,13,201,217,14,3,0.35082268041346987,1.702414368892205,0.12955628847386705,0.18211636242393933,0.24655034427888514,0.691699604743083,0.12955628847386705,0.035517450107212516,0.10124046160685118
Functional adaptability,Robust feature extraction,1,1,20,195,217,21,2,0.35082268041346987,1.6817585740137264,0.13154251404434775,0.18458781362007165,0.2445989914108022,0.6862745098039216,0.13154251404434775,0.035088796709674436,0.10001860959593534
Functional adaptability,Tuner and meta-tuner blocks,1,1,20,195,217,21,2,0.35082268041346987,1.6817585740137264,0.13154251404434775,0.18458781362007165,0.2445989914108022,0.6862745098039216,0.13154251404434775,0.035088796709674436,0.10001860959593534
Functional adaptability,Training with unlabed data,1,1,20,195,217,21,2,0.35082268041346987,1.6817585740137264,0.13154251404434775,0.18458781362007165,0.2445989914108022,0.6862745098039216,0.13154251404434775,0.035088796709674436,0.10001860959593534
Fault tolerance,Early-exit inference,1,3,10,203,217,11,4,0.3573895939171715,1.6724127115954888,0.12450774082476582,0.18907335868234965,0.24112322032038927,0.683794466403162,0.12450774082476582,0.03482769298022406,0.09745021559943828
Fault tolerance,Training with adversarial noise,1,3,10,203,217,11,4,0.3573895939171715,1.6724127115954888,0.12450774082476582,0.18907335868234965,0.24112322032038927,0.683794466403162,0.12450774082476582,0.03482769298022406,0.09745021559943828
Fault tolerance,Edge compute hardware,1,3,10,203,217,11,4,0.3573895939171715,1.6724127115954888,0.12450774082476582,0.18907335868234965,0.24112322032038927,0.683794466403162,0.12450774082476582,0.03482769298022406,0.09745021559943828
Training performance efficiency,Training with adversarial noise,1,3,10,203,217,11,4,0.3573895939171715,1.6724127115954888,0.12450774082476582,0.18907335868234965,0.24112322032038927,0.683794466403162,0.12450774082476582,0.03482769298022406,0.09745021559943828
Training performance efficiency,Fault tolerant training,1,3,10,203,217,11,4,0.3573895939171715,1.6724127115954888,0.12450774082476582,0.18907335868234965,0.24112322032038927,0.683794466403162,0.12450774082476582,0.03482769298022406,0.09745021559943828
Fault tolerance,Few-shot learning,1,3,10,203,217,11,4,0.3573895939171715,1.6724127115954888,0.12450774082476582,0.18907335868234965,0.24112322032038927,0.683794466403162,0.12450774082476582,0.03482769298022406,0.09745021559943828
Fault tolerance,End-to-end learning,1,3,10,203,217,11,4,0.3573895939171715,1.6724127115954888,0.12450774082476582,0.18907335868234965,0.24112322032038927,0.683794466403162,0.12450774082476582,0.03482769298022406,0.09745021559943828
Robustness,Regularization,4,3,65,145,217,69,7,0.7689568366814123,0.6131044728864088,0.09936802523559492,0.2124022639082364,0.22428028619997167,0.29729729729729726,0.09936802523559492,0.0342048195430175,0.044482106031640566
Capacity,Model format conversion,1,1,21,194,217,22,2,0.3573895939171715,1.6329684098442945,0.12737471616196666,0.1929083461341526,0.23821632743372834,0.6731517509727626,0.12737471616196666,0.03407682527299807,0.0953492375071662
Capacity,Frame rate reduction,1,1,21,194,217,22,2,0.3573895939171715,1.6329684098442945,0.12737471616196666,0.1929083461341526,0.23821632743372834,0.6731517509727626,0.12737471616196666,0.03407682527299807,0.0953492375071662
Capacity,Robust feature extraction,1,1,21,194,217,22,2,0.3573895939171715,1.6329684098442945,0.12737471616196666,0.1929083461341526,0.23821632743372834,0.6731517509727626,0.12737471616196666,0.03407682527299807,0.0953492375071662
Capacity,Federated learning,1,1,21,194,217,22,2,0.3573895939171715,1.6329684098442945,0.12737471616196666,0.1929083461341526,0.23821632743372834,0.6731517509727626,0.12737471616196666,0.03407682527299807,0.0953492375071662
Capacity,Prediction/intermediate result caching,1,1,21,194,217,22,2,0.3573895939171715,1.6329684098442945,0.12737471616196666,0.1929083461341526,0.23821632743372834,0.6731517509727626,0.12737471616196666,0.03407682527299807,0.0953492375071662
Performance Efficiency,Normalization,1,2,14,200,217,15,3,0.3605926808381029,1.6283063967384832,0.12332173286546987,0.19420331273294514,0.2372477887136166,0.671875,0.12332173286546987,0.03401446715191036,0.09432933323231261
Reliability,Pretraining,1,2,14,200,217,15,3,0.3605926808381029,1.6283063967384832,0.12332173286546987,0.19420331273294514,0.2372477887136166,0.671875,0.12332173286546987,0.03401446715191036,0.09432933323231261
Reliability,Standard training on fully labeled datasets,1,2,14,200,217,15,3,0.3605926808381029,1.6283063967384832,0.12332173286546987,0.19420331273294514,0.2372477887136166,0.671875,0.12332173286546987,0.03401446715191036,0.09432933323231261
Reliability,Containerization,1,2,14,200,217,15,3,0.3605926808381029,1.6283063967384832,0.12332173286546987,0.19420331273294514,0.2372477887136166,0.671875,0.12332173286546987,0.03401446715191036,0.09432933323231261
Performance Efficiency,Quantization-aware retraining,1,2,14,200,217,15,3,0.3605926808381029,1.6283063967384832,0.12332173286546987,0.19420331273294514,0.2372477887136166,0.671875,0.12332173286546987,0.03401446715191036,0.09432933323231261
Reliability,Normalization,1,2,14,200,217,15,3,0.3605926808381029,1.6283063967384832,0.12332173286546987,0.19420331273294514,0.2372477887136166,0.671875,0.12332173286546987,0.03401446715191036,0.09432933323231261
Indenpendency/Autonomy,Meta-learning,1,9,4,203,217,5,10,0.37587494422173906,1.643839339151433,0.11274008704238234,0.2119163626631285,0.22461183629546833,0.6761133603238867,0.11274008704238234,0.033299855364223474,0.08859291069047413
Flexibility,Concurrent processing hardware,1,6,6,204,217,7,7,0.37291091472694393,1.6094379124341003,0.11428571428571428,0.2077050784678913,0.22751762822346602,0.6666666666666666,0.11428571428571428,0.03312948648714301,0.08884021673487721
Time behaviour,Binary weights and activations,4,2,81,130,217,85,6,0.7781037403979929,0.5519438706954632,0.0949882191052611,0.21308647691992255,0.22381470366230924,0.269172932330827,0.0949882191052611,0.03170952491633201,0.04075231009699669
Interoperability,Task-level parallelism on CNN layer-level,1,8,5,203,217,6,9,0.3873110832176079,1.530875589930998,0.1058809500188269,0.22678586525439023,0.21479467231514415,0.6442687747035573,0.1058809500188269,0.03120336192769951,0.08056408215452004
Interoperability,Network partitioning,1,8,5,203,217,6,9,0.3873110832176079,1.530875589930998,0.1058809500188269,0.22678586525439023,0.21479467231514415,0.6442687747035573,0.1058809500188269,0.03120336192769951,0.08056408215452004
Capacity,Network partitioning,2,7,20,188,217,22,9,0.6086226723407995,0.8377284093710529,0.08327802838776317,0.22832752176614365,0.21381391236092606,0.3959731543624161,0.08327802838776317,0.031182956192737858,0.05123528519370849
Indenpendency/Autonomy,Training optimization algorithm selection or adaptation,1,10,4,202,217,5,11,0.3900713113329324,1.54368653487132,0.10452787684195246,0.23095219931377756,0.21215929923138743,0.648,0.10452787684195246,0.0311385710990509,0.07982789350143622
Ressource utilization,Task-level parallelism on CNN layer-level,7,2,111,97,217,118,9,0.8861138596147844,0.37669345010807775,0.097724774487942,0.18582417351566388,0.2436325967062116,0.18615071283095722,0.097724774487942,0.030642403038464976,0.034580661058372326
Flexibility,Hardware and Software codesign,1,7,6,203,217,7,8,0.3927942914850693,1.4711332410569202,0.10269494629055714,0.23411490918562827,0.21019030938737035,0.6264591439688716,0.10269494629055714,0.030100047272070652,0.07663056191134794
Functional correctness,Input resolution adjustment,3,0,113,101,217,116,3,0.7116702649558324,0.6385881963095109,0.1104804496071937,0.2501280081925243,0.20061255841102085,0.308868501529052,0.1104804496071937,0.029935223324816594,0.04206333297721021
Functional correctness,Network combination,3,0,113,101,217,116,3,0.7116702649558324,0.6385881963095109,0.1104804496071937,0.2501280081925243,0.20061255841102085,0.308868501529052,0.1104804496071937,0.029935223324816594,0.04206333297721021
Functional correctness,Quantization-aware training,3,0,113,101,217,116,3,0.7116702649558324,0.6385881963095109,0.1104804496071937,0.2501280081925243,0.20061255841102085,0.308868501529052,0.1104804496071937,0.029935223324816594,0.04206333297721021
Functional correctness,Quantization-aware retraining,3,0,113,101,217,116,3,0.7116702649558324,0.6385881963095109,0.1104804496071937,0.2501280081925243,0.20061255841102085,0.308868501529052,0.1104804496071937,0.029935223324816594,0.04206333297721021
Fault tolerance,Sensor or input data fusion,1,4,10,202,217,11,5,0.3900713113329324,1.4445632692438664,0.10452787684195246,0.23095219931377756,0.21215929923138743,0.6183206106870228,0.10452787684195246,0.02991047868847214,0.07667951428230785
Safety,Sensor or input data fusion,1,4,10,202,217,11,5,0.3900713113329324,1.4445632692438664,0.10452787684195246,0.23095219931377756,0.21215929923138743,0.6183206106870228,0.10452787684195246,0.02991047868847214,0.07667951428230785
Training performance efficiency,Heuristics-driven augmentation,1,4,10,202,217,11,5,0.3900713113329324,1.4445632692438664,0.10452787684195246,0.23095219931377756,0.21215929923138743,0.6183206106870228,0.10452787684195246,0.02991047868847214,0.07667951428230785
Safety,Architecture design through math. optimization,1,4,10,202,217,11,5,0.3900713113329324,1.4445632692438664,0.10452787684195246,0.23095219931377756,0.21215929923138743,0.6183206106870228,0.10452787684195246,0.02991047868847214,0.07667951428230785
Resiliency,Smaller computation datatype,1,6,7,203,217,8,7,0.3927942914850693,1.455287232606842,0.10269494629055714,0.23411490918562827,0.21019030938737035,0.6216216216216216,0.10269494629055714,0.029900350591661008,0.07612216175192955
Functional correctness,Binary weights and activations,5,1,111,100,217,116,6,0.8277463985618805,0.4600063753697778,0.10100504511978048,0.21901160631856065,0.21984428983785428,0.22603137710633353,0.10100504511978048,0.029756278655391134,0.03594854499770635
Confidentiality,Early-exit inference,1,3,13,200,217,14,4,0.3927942914850693,1.4100484471279977,0.10346513812169,0.235622768620504,0.20926091508605216,0.6075471698113207,0.10346513812169,0.029221359052146196,0.07439354309775387
Confidentiality,Training with adversarial noise,1,3,13,200,217,14,4,0.3927942914850693,1.4100484471279977,0.10346513812169,0.235622768620504,0.20926091508605216,0.6075471698113207,0.10346513812169,0.029221359052146196,0.07439354309775387
Confidentiality,End-to-end learning,1,3,13,200,217,14,4,0.3927942914850693,1.4100484471279977,0.10346513812169,0.235622768620504,0.20926091508605216,0.6075471698113207,0.10346513812169,0.029221359052146196,0.07439354309775387
Ressource utilization,Quantization-aware retraining,3,0,115,99,217,118,3,0.7147319025693362,0.6210438866586013,0.1084501942739084,0.2523041474654378,0.1993585367787912,0.3009118541033434,0.1084501942739084,0.029164570592977244,0.04080490948862883
Ressource utilization,Quantization-aware training,3,0,115,99,217,118,3,0.7147319025693362,0.6210438866586013,0.1084501942739084,0.2523041474654378,0.1993585367787912,0.3009118541033434,0.1084501942739084,0.029164570592977244,0.04080490948862883
Ressource utilization,Network combination,3,0,115,99,217,118,3,0.7147319025693362,0.6210438866586013,0.1084501942739084,0.2523041474654378,0.1993585367787912,0.3009118541033434,0.1084501942739084,0.029164570592977244,0.04080490948862883
Robustness,Out-of-distribution detection,2,1,67,147,217,69,3,0.6167877649096681,0.7558182875227211,0.08865493997428373,0.23791781278652996,0.20785768044562047,0.36089030206677264,0.08865493997428373,0.02881676577026412,0.0467207156330095
Robustness,Self-supervision learning,2,1,67,147,217,69,3,0.6167877649096681,0.7558182875227211,0.08865493997428373,0.23791781278652996,0.20785768044562047,0.36089030206677264,0.08865493997428373,0.02881676577026412,0.0467207156330095
Robustness,Standard training on fully labeled datasets,2,1,67,147,217,69,3,0.6167877649096681,0.7558182875227211,0.08865493997428373,0.23791781278652996,0.20785768044562047,0.36089030206677264,0.08865493997428373,0.02881676577026412,0.0467207156330095
Functional adaptability,Finetuning ,2,8,19,188,217,21,10,0.6194325242901088,0.7788419016648283,0.07674059507586056,0.25018258146437516,0.20058097686759802,0.3708609271523179,0.07674059507586056,0.02780643459445641,0.04489017528797596
Performance Efficiency,End-to-end learning,1,3,14,199,217,15,4,0.4033339960380281,1.3359404749742758,0.09771439350266523,0.2506843889432527,0.20029090344844358,0.5836431226765799,0.09771439350266523,0.02752143723775683,0.06823485624346426
Performance Efficiency,ADMM-based compression,1,3,14,199,217,15,4,0.4033339960380281,1.3359404749742758,0.09771439350266523,0.2506843889432527,0.20029090344844358,0.5836431226765799,0.09771439350266523,0.02752143723775683,0.06823485624346426
Reliability,Fault tolerant training,1,3,14,199,217,15,4,0.4033339960380281,1.3359404749742758,0.09771439350266523,0.2506843889432527,0.20029090344844358,0.5836431226765799,0.09771439350266523,0.02752143723775683,0.06823485624346426
Performance Efficiency,Specific model type selection,1,3,14,199,217,15,4,0.4033339960380281,1.3359404749742758,0.09771439350266523,0.2506843889432527,0.20029090344844358,0.5836431226765799,0.09771439350266523,0.02752143723775683,0.06823485624346426
Flexibility,Network partitioning,1,8,6,202,217,7,9,0.41089465787466506,1.3485540331370436,0.09283444198266944,0.2597665629449613,0.19513891729635902,0.5877862595419847,0.09283444198266944,0.02728660754622465,0.06640779339250467
Flexibility,Task-level parallelism on CNN layer-level,1,8,6,202,217,7,9,0.41089465787466506,1.3485540331370436,0.09283444198266944,0.2597665629449613,0.19513891729635902,0.5877862595419847,0.09283444198266944,0.02728660754622465,0.06640779339250467
Resiliency,Hardware and Software codesign,1,7,7,202,217,8,8,0.4133537804899682,1.3169825612296617,0.09150717703349283,0.26329148407379477,0.19318772917703741,0.5773584905660377,0.09150717703349283,0.026706093209027507,0.06460831972401822
Security,External computational offloading,1,10,5,201,217,6,11,0.4181848889381188,1.3205429835571103,0.08915180524710566,0.27085562293428905,0.18908738135845146,0.578544061302682,0.08915180524710566,0.026398519735382753,0.0631264314748807
Time behaviour,Hardware and Software codesign,5,3,80,129,217,85,8,0.8242080305345569,0.4903039880451938,0.09350621079728884,0.26751374230008496,0.19088463438958017,0.24035608308605338,0.09350621079728884,0.026263051752497223,0.031864590952194176
Functional adaptability,Self-supervision learning,1,2,20,194,217,21,3,0.41089465787466506,1.2716314527997508,0.09473610471028034,0.26423272484787863,0.19267113221181087,0.5620437956204379,0.09473610471028034,0.02599782417132442,0.0632712635053399
Functional adaptability,Failure prevention or mitigation,1,2,20,194,217,21,3,0.41089465787466506,1.2716314527997508,0.09473610471028034,0.26423272484787863,0.19267113221181087,0.5620437956204379,0.09473610471028034,0.02599782417132442,0.0632712635053399
Functional adaptability,Pretraining,1,2,20,194,217,21,3,0.41089465787466506,1.2716314527997508,0.09473610471028034,0.26423272484787863,0.19267113221181087,0.5620437956204379,0.09473610471028034,0.02599782417132442,0.0632712635053399
Functional adaptability,Out-of-distribution detection,1,2,20,194,217,21,3,0.41089465787466506,1.2716314527997508,0.09473610471028034,0.26423272484787863,0.19267113221181087,0.5620437956204379,0.09473610471028034,0.02599782417132442,0.0632712635053399
Robustness,Width adjustment,7,8,62,140,217,69,15,0.8829039872543609,0.41899326030921646,0.08700989495188467,0.2506551909617586,0.2003077656349644,0.20648464163822525,0.08700989495188467,0.025952624928540707,0.029394617425217113
Time behaviour,Specific model type selection,3,1,82,131,217,85,4,0.7074947296862014,0.6668908459933911,0.10058753447497522,0.3020916555351565,0.17328709025712066,0.32161323681489146,0.10058753447497522,0.025880844600051543,0.03658097158056654
Safety,Closed-loop learning,1,5,10,201,217,11,6,0.4181848889381188,1.2575135712539658,0.08915180524710566,0.27085562293428905,0.18908738135845146,0.5571955719557196,0.08915180524710566,0.025554470003191738,0.06110806650159274
Fault tolerance,Multi-model of different models,1,5,10,201,217,11,6,0.4181848889381188,1.2575135712539658,0.08915180524710566,0.27085562293428905,0.18908738135845146,0.5571955719557196,0.08915180524710566,0.025554470003191738,0.06110806650159274
Physically small,Quantization,1,39,1,176,217,2,40,0.44914562337133124,1.4872702784598928,0.07851808709662944,0.3353814644137225,0.1581536477653571,0.6313364055299538,0.07851808709662944,0.025211908656734394,0.056133038695760466
Capacity,On-device local training,1,2,21,193,217,22,3,0.4181848889381188,1.2228412886303188,0.09098730197016842,0.27549446885530904,0.18662903870718925,0.5451263537906137,0.09098730197016842,0.024822886293303953,0.05935864004157534
Capacity,Containerization,1,2,21,193,217,22,3,0.4181848889381188,1.2228412886303188,0.09098730197016842,0.27549446885530904,0.18662903870718925,0.5451263537906137,0.09098730197016842,0.024822886293303953,0.05935864004157534
Capacity,Deployment pipeline creation,1,2,21,193,217,22,3,0.4181848889381188,1.2228412886303188,0.09098730197016842,0.27549446885530904,0.18662903870718925,0.5451263537906137,0.09098730197016842,0.024822886293303953,0.05935864004157534
Functional correctness,Integer-only operations,8,3,108,98,217,116,11,0.9075797787825038,0.32729121054682686,0.08927671411582633,0.2271226584725234,0.21457984567736144,0.16220028208744716,0.08927671411582633,0.02448736238004863,0.026980947518352415
Confidentiality,Quantization,4,36,10,167,217,14,40,0.7935343605813328,0.5709795465857378,0.06866288558321786,0.296579585014011,0.17595291561244067,0.2779783393501805,0.06866288558321786,0.02419983581272061,0.030496267099249654
Confidentiality,Architecture design through math. optimization,1,4,13,199,217,14,5,0.4275176370043109,1.1821990047763753,0.08469394554034326,0.28586352561258355,0.1812804181169125,0.5306859205776173,0.08469394554034326,0.02384614703793272,0.05577815971529677
Confidentiality,Transfer learning,1,4,13,199,217,14,5,0.4275176370043109,1.1821990047763753,0.08469394554034326,0.28586352561258355,0.1812804181169125,0.5306859205776173,0.08469394554034326,0.02384614703793272,0.05577815971529677
Robustness,Training loss function selection or adaptation,3,2,66,146,217,69,5,0.7101171417669998,0.6561059088795962,0.09300645489341769,0.32963396941552525,0.16065601326192644,0.3167701863354037,0.09300645489341769,0.023374599836975672,0.0329165407538426
Robustness,Regularization training,4,4,65,144,217,69,8,0.7911861338879722,0.47479980150922846,0.07647395356372019,0.26837758233321674,0.1904179212491398,0.2330383480825958,0.07647395356372019,0.023314945588890287,0.0294683445402641
Reliability,Sensor or input data fusion,1,4,14,198,217,15,5,0.43861608620107184,1.1080910326226536,0.07923445909491661,0.30345309394724895,0.17263614339032826,0.5035460992907802,0.07923445909491661,0.022064360285940967,0.05030449402128437
Reliability,Heuristics-driven augmentation,1,4,14,198,217,15,5,0.43861608620107184,1.1080910326226536,0.07923445909491661,0.30345309394724895,0.17263614339032826,0.5035460992907802,0.07923445909491661,0.022064360285940967,0.05030449402128437
Performance Efficiency,New or specific layer module,1,4,14,198,217,15,5,0.43861608620107184,1.1080910326226536,0.07923445909491661,0.30345309394724895,0.17263614339032826,0.5035460992907802,0.07923445909491661,0.022064360285940967,0.05030449402128437
Performance Efficiency,Mixed-precision compression,1,4,14,198,217,15,5,0.43861608620107184,1.1080910326226536,0.07923445909491661,0.30345309394724895,0.17263614339032826,0.5035460992907802,0.07923445909491661,0.022064360285940967,0.05030449402128437
Reliability,TPU SoC or Accelerator Hardware ,1,4,14,198,217,15,5,0.43861608620107184,1.1080910326226536,0.07923445909491661,0.30345309394724895,0.17263614339032826,0.5035460992907802,0.07923445909491661,0.022064360285940967,0.05030449402128437
Robustness,Competing models ,1,0,68,148,217,69,1,0.42522402580291163,1.1557707025080584,0.09965048958809791,0.3179723502304147,0.16587021437042473,0.5211267605633803,0.09965048958809791,0.021892330601733626,0.05148422777945423
Robustness,Input contrast improvement,1,0,68,148,217,69,1,0.42522402580291163,1.1557707025080584,0.09965048958809791,0.3179723502304147,0.16587021437042473,0.5211267605633803,0.09965048958809791,0.021892330601733626,0.05148422777945423
Robustness,Weight averaging,1,0,68,148,217,69,1,0.42522402580291163,1.1557707025080584,0.09965048958809791,0.3179723502304147,0.16587021437042473,0.5211267605633803,0.09965048958809791,0.021892330601733626,0.05148422777945423
Robustness,Continous learning,1,0,68,148,217,69,1,0.42522402580291163,1.1557707025080584,0.09965048958809791,0.3179723502304147,0.16587021437042473,0.5211267605633803,0.09965048958809791,0.021892330601733626,0.05148422777945423
Robustness,Imitation learning,1,0,68,148,217,69,1,0.42522402580291163,1.1557707025080584,0.09965048958809791,0.3179723502304147,0.16587021437042473,0.5211267605633803,0.09965048958809791,0.021892330601733626,0.05148422777945423
Robustness,Adversarial generation decoupling,1,0,68,148,217,69,1,0.42522402580291163,1.1557707025080584,0.09965048958809791,0.3179723502304147,0.16587021437042473,0.5211267605633803,0.09965048958809791,0.021892330601733626,0.05148422777945423
Robustness,Inclusion of wrong labeled data in training,1,0,68,148,217,69,1,0.42522402580291163,1.1557707025080584,0.09965048958809791,0.3179723502304147,0.16587021437042473,0.5211267605633803,0.09965048958809791,0.021892330601733626,0.05148422777945423
Robustness,Self-adjusted learning,1,0,68,148,217,69,1,0.42522402580291163,1.1557707025080584,0.09965048958809791,0.3179723502304147,0.16587021437042473,0.5211267605633803,0.09965048958809791,0.021892330601733626,0.05148422777945423
Robustness,Suppress redundant channel activations,1,0,68,148,217,69,1,0.42522402580291163,1.1557707025080584,0.09965048958809791,0.3179723502304147,0.16587021437042473,0.5211267605633803,0.09965048958809791,0.021892330601733626,0.05148422777945423
Robustness,Contrastive representation learning,1,0,68,148,217,69,1,0.42522402580291163,1.1557707025080584,0.09965048958809791,0.3179723502304147,0.16587021437042473,0.5211267605633803,0.09965048958809791,0.021892330601733626,0.05148422777945423
Robustness,Training loss early stopping,1,0,68,148,217,69,1,0.42522402580291163,1.1557707025080584,0.09965048958809791,0.3179723502304147,0.16587021437042473,0.5211267605633803,0.09965048958809791,0.021892330601733626,0.05148422777945423
Robustness,Post-hoc uncertainty calibration ,1,0,68,148,217,69,1,0.42522402580291163,1.1557707025080584,0.09965048958809791,0.3179723502304147,0.16587021437042473,0.5211267605633803,0.09965048958809791,0.021892330601733626,0.05148422777945423
Robustness,Single task assignment,1,0,68,148,217,69,1,0.42522402580291163,1.1557707025080584,0.09965048958809791,0.3179723502304147,0.16587021437042473,0.5211267605633803,0.09965048958809791,0.021892330601733626,0.05148422777945423
Robustness,Multiscale feature processing architectures,1,0,68,148,217,69,1,0.42522402580291163,1.1557707025080584,0.09965048958809791,0.3179723502304147,0.16587021437042473,0.5211267605633803,0.09965048958809791,0.021892330601733626,0.05148422777945423
Robustness,Straggler mitigation,1,0,68,148,217,69,1,0.42522402580291163,1.1557707025080584,0.09965048958809791,0.3179723502304147,0.16587021437042473,0.5211267605633803,0.09965048958809791,0.021892330601733626,0.05148422777945423
Robustness,Prediction combination of multi-models,1,0,68,148,217,69,1,0.42522402580291163,1.1557707025080584,0.09965048958809791,0.3179723502304147,0.16587021437042473,0.5211267605633803,0.09965048958809791,0.021892330601733626,0.05148422777945423
Robustness,Sequential input fusion,1,0,68,148,217,69,1,0.42522402580291163,1.1557707025080584,0.09965048958809791,0.3179723502304147,0.16587021437042473,0.5211267605633803,0.09965048958809791,0.021892330601733626,0.05148422777945423
Robustness,Data-driven augmentations,1,0,68,148,217,69,1,0.42522402580291163,1.1557707025080584,0.09965048958809791,0.3179723502304147,0.16587021437042473,0.5211267605633803,0.09965048958809791,0.021892330601733626,0.05148422777945423
Robustness,Weight initialization random,1,0,68,148,217,69,1,0.42522402580291163,1.1557707025080584,0.09965048958809791,0.3179723502304147,0.16587021437042473,0.5211267605633803,0.09965048958809791,0.021892330601733626,0.05148422777945423
Robustness,Adaptive batching,1,0,68,148,217,69,1,0.42522402580291163,1.1557707025080584,0.09965048958809791,0.3179723502304147,0.16587021437042473,0.5211267605633803,0.09965048958809791,0.021892330601733626,0.05148422777945423
Robustness,Decision smoothing,1,0,68,148,217,69,1,0.42522402580291163,1.1557707025080584,0.09965048958809791,0.3179723502304147,0.16587021437042473,0.5211267605633803,0.09965048958809791,0.021892330601733626,0.05148422777945423
Robustness,Last stage reduction,1,0,68,148,217,69,1,0.42522402580291163,1.1557707025080584,0.09965048958809791,0.3179723502304147,0.16587021437042473,0.5211267605633803,0.09965048958809791,0.021892330601733626,0.05148422777945423
Robustness,Kernel regularization,1,0,68,148,217,69,1,0.42522402580291163,1.1557707025080584,0.09965048958809791,0.3179723502304147,0.16587021437042473,0.5211267605633803,0.09965048958809791,0.021892330601733626,0.05148422777945423
Fault tolerance,Smaller computation datatype,1,6,10,200,217,11,7,0.4428928155200824,1.0986122886681098,0.07670778027023378,0.3088678890372409,0.17007574669743017,0.5,0.07670778027023378,0.021720350866177834,0.04904200317783875
Training performance efficiency,Smaller computation datatype,1,6,10,200,217,11,7,0.4428928155200824,1.0986122886681098,0.07670778027023378,0.3088678890372409,0.17007574669743017,0.5,0.07670778027023378,0.021720350866177834,0.04904200317783875
Training performance efficiency,Regularization,1,6,10,200,217,11,7,0.4428928155200824,1.0986122886681098,0.07670778027023378,0.3088678890372409,0.17007574669743017,0.5,0.07670778027023378,0.021720350866177834,0.04904200317783875
Functional correctness,Hardware and Software codesign,6,2,110,99,217,116,8,0.8687790621889562,0.3541718137206139,0.08450137662077416,0.2894753852351041,0.17946278647862376,0.1752577319587629,0.08450137662077416,0.020249977359905642,0.023308546719443553
Confidentiality,Tensor or matrix decomposition,1,5,13,198,217,14,6,0.4571976885569208,0.9951493067864748,0.07011690717810598,0.33302348146835636,0.15917504777757308,0.4602076124567474,0.07011690717810598,0.019297041309987575,0.04220721537524814
Functional adaptability,Specific model type selection,1,3,20,193,217,21,4,0.4571976885569208,0.9792655310355435,0.07102220646924062,0.33643418642822687,0.15769996007538337,0.4539249146757679,0.07102220646924062,0.01892435873916017,0.04139207002312764
Functional adaptability,Fault tolerant training,1,3,20,193,217,21,4,0.4571976885569208,0.9792655310355435,0.07102220646924062,0.33643418642822687,0.15769996007538337,0.4539249146757679,0.07102220646924062,0.01892435873916017,0.04139207002312764
Functional adaptability,Retraining for fine tuning,1,3,20,193,217,21,4,0.4571976885569208,0.9792655310355435,0.07102220646924062,0.33643418642822687,0.15769996007538337,0.4539249146757679,0.07102220646924062,0.01892435873916017,0.04139207002312764
Fault tolerance,Hardware and Software codesign,1,7,10,199,217,11,8,0.46494662353884153,0.9603076172909293,0.06627376156725767,0.34507004723052825,0.1540309122337149,0.44636678200692037,0.06627376156725767,0.018356671689466395,0.039481245287359065
Capacity,Tenary weights,1,3,21,192,217,22,4,0.46494662353884153,0.9304753668661117,0.06747474731092004,0.34997634588887544,0.1519871025471341,0.4343434343434344,0.06747474731092004,0.01773071425021577,0.03813494571755837
Capacity,Retraining for fine tuning,1,3,21,192,217,22,4,0.46494662353884153,0.9304753668661117,0.06747474731092004,0.34997634588887544,0.1519871025471341,0.4343434343434344,0.06747474731092004,0.01773071425021577,0.03813494571755837
Capacity,Edge compute hardware,1,3,21,192,217,22,4,0.46494662353884153,0.9304753668661117,0.06747474731092004,0.34997634588887544,0.1519871025471341,0.4343434343434344,0.06747474731092004,0.01773071425021577,0.03813494571755837
Capacity,End-to-end learning,1,3,21,192,217,22,4,0.46494662353884153,0.9304753668661117,0.06747474731092004,0.34997634588887544,0.1519871025471341,0.4343434343434344,0.06747474731092004,0.01773071425021577,0.03813494571755837
Time behaviour,Task-level parallelism on CNN layer-level,5,4,80,128,217,85,9,0.8418021622327645,0.36772478012531734,0.06982334131897479,0.3184911742378883,0.1656341993229307,0.18181818181818182,0.06982334131897479,0.01754334318390477,0.020840221100612837
Reliability,Multi-model of different models,1,5,14,197,217,15,6,0.46871439086703215,0.9210413346327527,0.06484336644853023,0.3527370731490945,0.15084963099643553,0.4305084745762711,0.06484336644853023,0.017512023272939527,0.03736182121599814
Robustness,Training optimization algorithm selection or adaptation,5,6,64,142,217,69,11,0.8406518171759259,0.3805357250656391,0.06776918210413238,0.33218052770240475,0.1595419431058876,0.18800461361014995,0.06776918210413238,0.017152091549954233,0.020403324181912475
Ressource utilization,Destillation learning,8,3,110,96,217,118,11,0.9094498228207197,0.3089420718786304,0.08513057304333031,0.3521575301667951,0.15108767355841668,0.1532540237928622,0.08513057304333031,0.01637781537878283,0.01800848707407071
Time behaviour,Model pool for deployment,1,0,84,132,217,85,1,0.459162436295519,0.9444616088408513,0.08479116984486137,0.3917050691244239,0.13568026937807895,0.43999999999999995,0.08479116984486137,0.016347056814807002,0.03560190364589398
Time behaviour,Sensor ring architecture,1,0,84,132,217,85,1,0.459162436295519,0.9444616088408513,0.08479116984486137,0.3917050691244239,0.13568026937807895,0.43999999999999995,0.08479116984486137,0.016347056814807002,0.03560190364589398
Time behaviour,Single task assignment,1,0,84,132,217,85,1,0.459162436295519,0.9444616088408513,0.08479116984486137,0.3917050691244239,0.13568026937807895,0.43999999999999995,0.08479116984486137,0.016347056814807002,0.03560190364589398
Time behaviour,Later local processing of encoded features,1,0,84,132,217,85,1,0.459162436295519,0.9444616088408513,0.08479116984486137,0.3917050691244239,0.13568026937807895,0.43999999999999995,0.08479116984486137,0.016347056814807002,0.03560190364589398
Time behaviour,Matrix-multiplication optimization,1,0,84,132,217,85,1,0.459162436295519,0.9444616088408513,0.08479116984486137,0.3917050691244239,0.13568026937807895,0.43999999999999995,0.08479116984486137,0.016347056814807002,0.03560190364589398
Time behaviour,Event-based processing,1,0,84,132,217,85,1,0.459162436295519,0.9444616088408513,0.08479116984486137,0.3917050691244239,0.13568026937807895,0.43999999999999995,0.08479116984486137,0.016347056814807002,0.03560190364589398
Time behaviour,Straggler mitigation,1,0,84,132,217,85,1,0.459162436295519,0.9444616088408513,0.08479116984486137,0.3917050691244239,0.13568026937807895,0.43999999999999995,0.08479116984486137,0.016347056814807002,0.03560190364589398
Time behaviour,Cache preloading,1,0,84,132,217,85,1,0.459162436295519,0.9444616088408513,0.08479116984486137,0.3917050691244239,0.13568026937807895,0.43999999999999995,0.08479116984486137,0.016347056814807002,0.03560190364589398
Time behaviour,Policy conversion,1,0,84,132,217,85,1,0.459162436295519,0.9444616088408513,0.08479116984486137,0.3917050691244239,0.13568026937807895,0.43999999999999995,0.08479116984486137,0.016347056814807002,0.03560190364589398
Time behaviour,Post-hoc uncertainty calibration ,1,0,84,132,217,85,1,0.459162436295519,0.9444616088408513,0.08479116984486137,0.3917050691244239,0.13568026937807895,0.43999999999999995,0.08479116984486137,0.016347056814807002,0.03560190364589398
Time behaviour,High-level synthesis,1,0,84,132,217,85,1,0.459162436295519,0.9444616088408513,0.08479116984486137,0.3917050691244239,0.13568026937807895,0.43999999999999995,0.08479116984486137,0.016347056814807002,0.03560190364589398
Time behaviour,Cloud compression and edge reconstruction,1,0,84,132,217,85,1,0.459162436295519,0.9444616088408513,0.08479116984486137,0.3917050691244239,0.13568026937807895,0.43999999999999995,0.08479116984486137,0.016347056814807002,0.03560190364589398
Time behaviour,Relevant content caching,1,0,84,132,217,85,1,0.459162436295519,0.9444616088408513,0.08479116984486137,0.3917050691244239,0.13568026937807895,0.43999999999999995,0.08479116984486137,0.016347056814807002,0.03560190364589398
Time behaviour,Sliding Window,1,0,84,132,217,85,1,0.459162436295519,0.9444616088408513,0.08479116984486137,0.3917050691244239,0.13568026937807895,0.43999999999999995,0.08479116984486137,0.016347056814807002,0.03560190364589398
Time behaviour,Prediction combination of multi-models,1,0,84,132,217,85,1,0.459162436295519,0.9444616088408513,0.08479116984486137,0.3917050691244239,0.13568026937807895,0.43999999999999995,0.08479116984486137,0.016347056814807002,0.03560190364589398
Time behaviour,Competing models ,1,0,84,132,217,85,1,0.459162436295519,0.9444616088408513,0.08479116984486137,0.3917050691244239,0.13568026937807895,0.43999999999999995,0.08479116984486137,0.016347056814807002,0.03560190364589398
Time behaviour,Adaptive batching,1,0,84,132,217,85,1,0.459162436295519,0.9444616088408513,0.08479116984486137,0.3917050691244239,0.13568026937807895,0.43999999999999995,0.08479116984486137,0.016347056814807002,0.03560190364589398
Time behaviour,Adaptive model scheduling,1,0,84,132,217,85,1,0.459162436295519,0.9444616088408513,0.08479116984486137,0.3917050691244239,0.13568026937807895,0.43999999999999995,0.08479116984486137,0.016347056814807002,0.03560190364589398
Time behaviour,Node masking,1,0,84,132,217,85,1,0.459162436295519,0.9444616088408513,0.08479116984486137,0.3917050691244239,0.13568026937807895,0.43999999999999995,0.08479116984486137,0.016347056814807002,0.03560190364589398
Time behaviour,Model fusion,1,0,84,132,217,85,1,0.459162436295519,0.9444616088408513,0.08479116984486137,0.3917050691244239,0.13568026937807895,0.43999999999999995,0.08479116984486137,0.016347056814807002,0.03560190364589398
Time behaviour,Weight grouping,1,0,84,132,217,85,1,0.459162436295519,0.9444616088408513,0.08479116984486137,0.3917050691244239,0.13568026937807895,0.43999999999999995,0.08479116984486137,0.016347056814807002,0.03560190364589398
Time behaviour,Binary and ternary weights training,1,0,84,132,217,85,1,0.459162436295519,0.9444616088408513,0.08479116984486137,0.3917050691244239,0.13568026937807895,0.43999999999999995,0.08479116984486137,0.016347056814807002,0.03560190364589398
Time behaviour,Ablation,1,0,84,132,217,85,1,0.459162436295519,0.9444616088408513,0.08479116984486137,0.3917050691244239,0.13568026937807895,0.43999999999999995,0.08479116984486137,0.016347056814807002,0.03560190364589398
Time behaviour,Imitation learning,1,0,84,132,217,85,1,0.459162436295519,0.9444616088408513,0.08479116984486137,0.3917050691244239,0.13568026937807895,0.43999999999999995,0.08479116984486137,0.016347056814807002,0.03560190364589398
Time behaviour,Convolution unfolding,1,0,84,132,217,85,1,0.459162436295519,0.9444616088408513,0.08479116984486137,0.3917050691244239,0.13568026937807895,0.43999999999999995,0.08479116984486137,0.016347056814807002,0.03560190364589398
Time behaviour,Signal overwriting,1,0,84,132,217,85,1,0.459162436295519,0.9444616088408513,0.08479116984486137,0.3917050691244239,0.13568026937807895,0.43999999999999995,0.08479116984486137,0.016347056814807002,0.03560190364589398
Time behaviour,Huffman coding,1,0,84,132,217,85,1,0.459162436295519,0.9444616088408513,0.08479116984486137,0.3917050691244239,0.13568026937807895,0.43999999999999995,0.08479116984486137,0.016347056814807002,0.03560190364589398
Functional correctness,Mixed-precision compression,4,1,112,100,217,116,5,0.799220089571997,0.4149438520627083,0.08172404864325473,0.37524249034369545,0.14189599681675277,0.20454545454545459,0.08172404864325473,0.016232358430868746,0.02031024825659925
Functional correctness,Training loss function selection or adaptation,4,1,112,100,217,116,5,0.799220089571997,0.4149438520627083,0.08172404864325473,0.37524249034369545,0.14189599681675277,0.20454545454545459,0.08172404864325473,0.016232358430868746,0.02031024825659925
Functional correctness,New or specific layer module,4,1,112,100,217,116,5,0.799220089571997,0.4149438520627083,0.08172404864325473,0.37524249034369545,0.14189599681675277,0.20454545454545459,0.08172404864325473,0.016232358430868746,0.02031024825659925
Confidentiality,Regularization,1,6,13,197,217,14,7,0.48313126236956183,0.8362480242006185,0.05822054375179665,0.37727784762685396,0.14111289807714641,0.39534883720930225,0.05822054375179665,0.015461284983593032,0.03200224491323897
Confidentiality,Concurrent processing hardware,1,6,13,197,217,14,7,0.48313126236956183,0.8362480242006185,0.05822054375179665,0.37727784762685396,0.14111289807714641,0.39534883720930225,0.05822054375179665,0.015461284983593032,0.03200224491323897
Safety,Task-level parallelism on CNN layer-level,1,8,10,198,217,11,9,0.4848643207030773,0.8377284093710529,0.057292679270436284,0.37954004474471104,0.14024746518048523,0.3959731543624161,0.057292679270436284,0.01541126314865393,0.031784692109963535
Fault tolerance,Network partitioning,1,8,10,198,217,11,9,0.4848643207030773,0.8377284093710529,0.057292679270436284,0.37954004474471104,0.14024746518048523,0.3959731543624161,0.057292679270436284,0.01541126314865393,0.031784692109963535
Functional correctness,Neural architecture search,7,3,109,98,217,116,10,0.8967482242550092,0.28469596709749284,0.07289866822774638,0.3443258279112541,0.15434346653513967,0.14139424970460804,0.07289866822774638,0.014829844540610126,0.01653735590380489
Reliability,Smaller computation datatype,1,6,14,196,217,15,7,0.49496626555868906,0.7621400520468967,0.053068650144532756,0.3987510252948936,0.13309939574891902,0.3636363636363636,0.053068650144532756,0.01372620291130736,0.02773159276989114
Reliability,Concurrent processing hardware,1,6,14,196,217,15,7,0.49496626555868906,0.7621400520468967,0.053068650144532756,0.3987510252948936,0.13309939574891902,0.3636363636363636,0.053068650144532756,0.01372620291130736,0.02773159276989114
Ressource utilization,Finetuning ,7,3,111,96,217,118,10,0.8987411536015547,0.2665136480143024,0.0689375626586342,0.3516138230061617,0.15131135327631354,0.1324736225087924,0.0689375626586342,0.013694927371800438,0.015237899496334745
Functional adaptability,Heuristics-driven augmentation,1,4,20,192,217,21,5,0.49496626555868906,0.7514160886839212,0.053620073751110914,0.40185616804797925,0.13197645378157047,0.358974358974359,0.053620073751110914,0.013476137178527836,0.027226375040563133
Fault tolerance,Meta-learning,1,9,10,197,217,11,10,0.503020200599074,0.7275486072772779,0.049404743878890885,0.41235283083994256,0.12824367320640997,0.3485342019543975,0.049404743878890885,0.012835353209697987,0.025516576062773758
Training performance efficiency,Sparsification,1,9,10,197,217,11,10,0.503020200599074,0.7275486072772779,0.049404743878890885,0.41235283083994256,0.12824367320640997,0.3485342019543975,0.049404743878890885,0.012835353209697987,0.025516576062773758
Training performance efficiency,Finetuning ,1,9,10,197,217,11,10,0.503020200599074,0.7275486072772779,0.049404743878890885,0.41235283083994256,0.12824367320640997,0.3485342019543975,0.049404743878890885,0.012835353209697987,0.025516576062773758
Fault tolerance,Sparsification,1,9,10,197,217,11,10,0.503020200599074,0.7275486072772779,0.049404743878890885,0.41235283083994256,0.12824367320640997,0.3485342019543975,0.049404743878890885,0.012835353209697987,0.025516576062773758
Functional correctness,Depthwise-separable convolution layers,2,0,114,101,217,116,2,0.6377556931971963,0.6344395797331673,0.08999688135022592,0.5000853387950162,0.10031862588446915,0.3069908814589666,0.08999688135022592,0.012699395335883277,0.01991263342898388
Functional correctness,Architecture design optimization with reinforcement learning,2,0,114,101,217,116,2,0.6377556931971963,0.6344395797331673,0.08999688135022592,0.5000853387950162,0.10031862588446915,0.3069908814589666,0.08999688135022592,0.012699395335883277,0.01991263342898388
Functional correctness,On-chip weight caching,2,0,114,101,217,116,2,0.6377556931971963,0.6344395797331673,0.08999688135022592,0.5000853387950162,0.10031862588446915,0.3069908814589666,0.08999688135022592,0.012699395335883277,0.01991263342898388
Functional correctness,Deadline-aware scheduling,2,0,114,101,217,116,2,0.6377556931971963,0.6344395797331673,0.08999688135022592,0.5000853387950162,0.10031862588446915,0.3069908814589666,0.08999688135022592,0.012699395335883277,0.01991263342898388
Functional correctness,Additional side branches with uncertainty measures,2,0,114,101,217,116,2,0.6377556931971963,0.6344395797331673,0.08999688135022592,0.5000853387950162,0.10031862588446915,0.3069908814589666,0.08999688135022592,0.012699395335883277,0.01991263342898388
Functional correctness,Adapter module,2,0,114,101,217,116,2,0.6377556931971963,0.6344395797331673,0.08999688135022592,0.5000853387950162,0.10031862588446915,0.3069908814589666,0.08999688135022592,0.012699395335883277,0.01991263342898388
Functional correctness,Memory scheduling,2,0,114,101,217,116,2,0.6377556931971963,0.6344395797331673,0.08999688135022592,0.5000853387950162,0.10031862588446915,0.3069908814589666,0.08999688135022592,0.012699395335883277,0.01991263342898388
Functional correctness,Separation of convolutional kernels,2,0,114,101,217,116,2,0.6377556931971963,0.6344395797331673,0.08999688135022592,0.5000853387950162,0.10031862588446915,0.3069908814589666,0.08999688135022592,0.012699395335883277,0.01991263342898388
Functional correctness,Parameter amount reduction,2,0,114,101,217,116,2,0.6377556931971963,0.6344395797331673,0.08999688135022592,0.5000853387950162,0.10031862588446915,0.3069908814589666,0.08999688135022592,0.012699395335883277,0.01991263342898388
Functional correctness,Robust feature extraction,2,0,114,101,217,116,2,0.6377556931971963,0.6344395797331673,0.08999688135022592,0.5000853387950162,0.10031862588446915,0.3069908814589666,0.08999688135022592,0.012699395335883277,0.01991263342898388
Time behaviour,Concurrent processing hardware,4,3,81,129,217,85,7,0.8033195186411726,0.3930425881096072,0.0672213996993525,0.4364172619661551,0.1200326932472822,0.19402985074626863,0.0672213996993525,0.012595524362092488,0.01567934560260407
Indenpendency/Autonomy,Pruning,1,22,4,190,217,5,23,0.5107689239601585,0.7460695820142879,0.046901038178863236,0.4320607100591618,0.12148507498822379,0.35664335664335667,0.046901038178863236,0.012520126474731658,0.02451231053302739
Ressource utilization,Parameter amount reduction,2,0,116,99,217,118,2,0.6408994213574218,0.6170478370212981,0.08834304441355538,0.5015360983102919,0.0998992676523664,0.2990936555891238,0.08834304441355538,0.01240289152050279,0.019352321295958617
Ressource utilization,Sensor duty cycle,2,0,116,99,217,118,2,0.6408994213574218,0.6170478370212981,0.08834304441355538,0.5015360983102919,0.0998992676523664,0.2990936555891238,0.08834304441355538,0.01240289152050279,0.019352321295958617
Ressource utilization,On-chip weight caching,2,0,116,99,217,118,2,0.6408994213574218,0.6170478370212981,0.08834304441355538,0.5015360983102919,0.0998992676523664,0.2990936555891238,0.08834304441355538,0.01240289152050279,0.019352321295958617
Ressource utilization,Separation of convolutional kernels,2,0,116,99,217,118,2,0.6408994213574218,0.6170478370212981,0.08834304441355538,0.5015360983102919,0.0998992676523664,0.2990936555891238,0.08834304441355538,0.01240289152050279,0.019352321295958617
Ressource utilization,Depthwise-separable convolution layers,2,0,116,99,217,118,2,0.6408994213574218,0.6170478370212981,0.08834304441355538,0.5015360983102919,0.0998992676523664,0.2990936555891238,0.08834304441355538,0.01240289152050279,0.019352321295958617
Ressource utilization,Architecture design optimization with reinforcement learning,2,0,116,99,217,118,2,0.6408994213574218,0.6170478370212981,0.08834304441355538,0.5015360983102919,0.0998992676523664,0.2990936555891238,0.08834304441355538,0.01240289152050279,0.019352321295958617
Ressource utilization,Frame rate reduction,2,0,116,99,217,118,2,0.6408994213574218,0.6170478370212981,0.08834304441355538,0.5015360983102919,0.0998992676523664,0.2990936555891238,0.08834304441355538,0.01240289152050279,0.019352321295958617
Ressource utilization,Incremental training with sensor data,2,0,116,99,217,118,2,0.6408994213574218,0.6170478370212981,0.08834304441355538,0.5015360983102919,0.0998992676523664,0.2990936555891238,0.08834304441355538,0.01240289152050279,0.019352321295958617
Ressource utilization,Bottleneck module,2,0,116,99,217,118,2,0.6408994213574218,0.6170478370212981,0.08834304441355538,0.5015360983102919,0.0998992676523664,0.2990936555891238,0.08834304441355538,0.01240289152050279,0.019352321295958617
Ressource utilization,Memory scheduling,2,0,116,99,217,118,2,0.6408994213574218,0.6170478370212981,0.08834304441355538,0.5015360983102919,0.0998992676523664,0.2990936555891238,0.08834304441355538,0.01240289152050279,0.019352321295958617
Capacity,Mixed-precision compression,1,4,21,191,217,22,5,0.503020200599074,0.702625924514489,0.05017671196245127,0.4171149392712451,0.12658141843556836,0.3375394321766561,0.05017671196245127,0.012343527057148895,0.024538829737748742
Capacity,Transfer learning,1,4,21,191,217,22,5,0.503020200599074,0.702625924514489,0.05017671196245127,0.4171149392712451,0.12658141843556836,0.3375394321766561,0.05017671196245127,0.012343527057148895,0.024538829737748742
Capacity,Ternary weights and activations 2-bit,1,4,21,191,217,22,5,0.503020200599074,0.702625924514489,0.05017671196245127,0.4171149392712451,0.12658141843556836,0.3375394321766561,0.05017671196245127,0.012343527057148895,0.024538829737748742
Capacity,TPU SoC or Accelerator Hardware ,1,4,21,191,217,22,5,0.503020200599074,0.702625924514489,0.05017671196245127,0.4171149392712451,0.12658141843556836,0.3375394321766561,0.05017671196245127,0.012343527057148895,0.024538829737748742
Time behaviour,Pruning,11,12,74,120,217,85,23,0.9475393612806332,0.2261941227283793,0.06105518273219077,0.37586781720142604,0.1416549527129197,0.1126173096976017,0.06105518273219077,0.011655477347518164,0.012300784351338578
Safety,Destillation learning,1,10,10,196,217,11,11,0.5196946989102006,0.6273958029971649,0.04236540158870256,0.4435804581866124,0.11767586494124616,0.3037974683544304,0.04236540158870256,0.01058488571183033,0.020367507565551134
Fault tolerance,External computational offloading,1,10,10,196,217,11,11,0.5196946989102006,0.6273958029971649,0.04236540158870256,0.4435804581866124,0.11767586494124616,0.3037974683544304,0.04236540158870256,0.01058488571183033,0.020367507565551134
Performance Efficiency,Hardware and Software codesign,1,7,14,195,217,15,8,0.5182339919776623,0.6238353806697164,0.043095535687630464,0.4416973806309724,0.11829172540069159,0.30218068535825543,0.043095535687630464,0.010583198365785288,0.02042165996367421
Functional correctness,Regularization,5,2,111,99,217,116,7,0.8503876375019063,0.3011050927839216,0.06578309433411221,0.4534824521894391,0.11447983786593512,0.14942528735632182,0.06578309433411221,0.010475508889975541,0.012318510321655585
Ressource utilization,Smaller computation datatype,5,2,113,97,217,118,7,0.8528075525017331,0.2832474753839152,0.06250035667306776,0.4583163532804665,0.11294488210921132,0.14068441064638784,0.06250035667306776,0.009785403637694454,0.011474339795641723
Confidentiality,Network partitioning,1,8,13,195,217,14,9,0.5268446350764039,0.5753641449035618,0.039452673039499946,0.4577252070243417,0.11313172340826451,0.27999999999999997,0.039452673039499946,0.009520143524487535,0.01807011572416773
Functional adaptability,Multi-model of different models,1,5,20,191,217,21,6,0.5268446350764039,0.5643663906940205,0.03986454911805811,0.4611062646092642,0.11206632579908783,0.27492447129909364,0.03986454911805811,0.009292814666890085,0.01763862446002212
Time behaviour,Network combination,2,1,83,131,217,85,3,0.6551277756808033,0.5416702991170892,0.06669435678628798,0.5624441824741899,0.08330685696628927,0.26440177252584934,0.06669435678628798,0.009035056449227565,0.01379128894334912
Time behaviour,Deployment pipeline creation,2,1,83,131,217,85,3,0.6551277756808033,0.5416702991170892,0.06669435678628798,0.5624441824741899,0.08330685696628927,0.26440177252584934,0.06669435678628798,0.009035056449227565,0.01379128894334912
Time behaviour,Containerization,2,1,83,131,217,85,3,0.6551277756808033,0.5416702991170892,0.06669435678628798,0.5624441824741899,0.08330685696628927,0.26440177252584934,0.06669435678628798,0.009035056449227565,0.01379128894334912
Time behaviour,Feature encoding,2,1,83,131,217,85,3,0.6551277756808033,0.5416702991170892,0.06669435678628798,0.5624441824741899,0.08330685696628927,0.26440177252584934,0.06669435678628798,0.009035056449227565,0.01379128894334912
Time behaviour,On-device local training,2,1,83,131,217,85,3,0.6551277756808033,0.5416702991170892,0.06669435678628798,0.5624441824741899,0.08330685696628927,0.26440177252584934,0.06669435678628798,0.009035056449227565,0.01379128894334912
Time behaviour,Quantization-aware retraining,2,1,83,131,217,85,3,0.6551277756808033,0.5416702991170892,0.06669435678628798,0.5624441824741899,0.08330685696628927,0.26440177252584934,0.06669435678628798,0.009035056449227565,0.01379128894334912
Time behaviour,Quantization-aware training,2,1,83,131,217,85,3,0.6551277756808033,0.5416702991170892,0.06669435678628798,0.5624441824741899,0.08330685696628927,0.26440177252584934,0.06669435678628798,0.009035056449227565,0.01379128894334912
Time behaviour,Internal computation balancing,2,1,83,131,217,85,3,0.6551277756808033,0.5416702991170892,0.06669435678628798,0.5624441824741899,0.08330685696628927,0.26440177252584934,0.06669435678628798,0.009035056449227565,0.01379128894334912
Capacity,Binary weights and activations,1,5,21,190,217,22,6,0.5351040613112231,0.5155762265245883,0.03647316293731329,0.4776030116110214,0.10697764778289819,0.25222551928783377,0.03647316293731329,0.008263158770296654,0.015442152971234316
Security,Pruning,1,22,5,189,217,6,23,0.5430384413191546,0.522926030700078,0.033238809119009644,0.49367676509991304,0.10218577079067626,0.255663430420712,0.033238809119009644,0.008015708441793907,0.014760849015259519
Performance Efficiency,Network partitioning,1,8,14,194,217,15,9,0.5391103655178987,0.5012561727498399,0.034430205586464126,0.4817669466143955,0.10572099989296552,0.2455089820359281,0.034430205586464126,0.007977607155875744,0.014797725412331892
Reliability,Task-level parallelism on CNN layer-level,1,8,14,194,217,15,9,0.5391103655178987,0.5012561727498399,0.034430205586464126,0.4817669466143955,0.10572099989296552,0.2455089820359281,0.034430205586464126,0.007977607155875744,0.014797725412331892
Reliability,Network partitioning,1,8,14,194,217,15,9,0.5391103655178987,0.5012561727498399,0.034430205586464126,0.4817669466143955,0.10572099989296552,0.2455089820359281,0.034430205586464126,0.007977607155875744,0.014797725412331892
Flexibility,Quantization,2,38,5,172,217,7,40,0.672263944058872,0.5709795465857378,0.047735934026302086,0.6153708682057489,0.07028768906654506,0.2779783393501805,0.047735934026302086,0.0076953057285866,0.011446851785810933
Time behaviour,Finetuning ,5,5,80,127,217,85,10,0.8568197039895055,0.25754497803154214,0.04876253343282345,0.5183675431037981,0.09512073301971989,0.12806539509536785,0.04876253343282345,0.007205854644468165,0.008410001089980097
Robustness,Specific model type selection,2,2,67,146,217,69,4,0.669632579485788,0.4634523657585138,0.053565095865325436,0.5934862220227953,0.07552978629371017,0.2276657060518732,0.053565095865325436,0.007111934048165646,0.010620651184007374
Robustness,Few-shot learning,2,2,67,146,217,69,4,0.669632579485788,0.4634523657585138,0.053565095865325436,0.5934862220227953,0.07552978629371017,0.2276657060518732,0.053565095865325436,0.007111934048165646,0.010620651184007374
Robustness,End-to-end learning,2,2,67,146,217,69,4,0.669632579485788,0.4634523657585138,0.053565095865325436,0.5934862220227953,0.07552978629371017,0.2276657060518732,0.053565095865325436,0.007111934048165646,0.010620651184007374
Robustness,Modular system design,1,1,68,147,217,69,2,0.5430384413191546,0.45798314239161075,0.037699662340357605,0.53584229390681,0.09032100353771637,0.22507122507122504,0.037699662340357605,0.006444163941234745,0.011866865125755214
Robustness,Label smooting,1,1,68,147,217,69,2,0.5430384413191546,0.45798314239161075,0.037699662340357605,0.53584229390681,0.09032100353771637,0.22507122507122504,0.037699662340357605,0.006444163941234745,0.011866865125755214
Robustness,Depthwise-separable convolution layers,1,1,68,147,217,69,2,0.5430384413191546,0.45798314239161075,0.037699662340357605,0.53584229390681,0.09032100353771637,0.22507122507122504,0.037699662340357605,0.006444163941234745,0.011866865125755214
Robustness,Prediction/intermediate result caching,1,1,68,147,217,69,2,0.5430384413191546,0.45798314239161075,0.037699662340357605,0.53584229390681,0.09032100353771637,0.22507122507122504,0.037699662340357605,0.006444163941234745,0.011866865125755214
Robustness,Tuner and meta-tuner blocks,1,1,68,147,217,69,2,0.5430384413191546,0.45798314239161075,0.037699662340357605,0.53584229390681,0.09032100353771637,0.22507122507122504,0.037699662340357605,0.006444163941234745,0.011866865125755214
Robustness,Parameter amount reduction,1,1,68,147,217,69,2,0.5430384413191546,0.45798314239161075,0.037699662340357605,0.53584229390681,0.09032100353771637,0.22507122507122504,0.037699662340357605,0.006444163941234745,0.011866865125755214
Robustness,Training with gradient noise,1,1,68,147,217,69,2,0.5430384413191546,0.45798314239161075,0.037699662340357605,0.53584229390681,0.09032100353771637,0.22507122507122504,0.037699662340357605,0.006444163941234745,0.011866865125755214
Robustness,Incremental training with sensor data,1,1,68,147,217,69,2,0.5430384413191546,0.45798314239161075,0.037699662340357605,0.53584229390681,0.09032100353771637,0.22507122507122504,0.037699662340357605,0.006444163941234745,0.011866865125755214
Robustness,Adapter module,1,1,68,147,217,69,2,0.5430384413191546,0.45798314239161075,0.037699662340357605,0.53584229390681,0.09032100353771637,0.22507122507122504,0.037699662340357605,0.006444163941234745,0.011866865125755214
Functional adaptability,Regularization,1,6,20,190,217,21,7,0.5543807436467375,0.4054651081081644,0.02845782403177128,0.5147402382737452,0.0961372935849004,0.19999999999999998,0.02845782403177128,0.006088019978182259,0.010981658450354955
Functional correctness,Retraining for fine tuning,3,1,113,100,217,116,4,0.762133086471552,0.3462222745453036,0.05918779046348479,0.6251454942062171,0.06800629823072812,0.17140238313473874,0.05918779046348479,0.0059757270510864295,0.00784079205739808
Functional correctness,Activation function selection,3,1,113,100,217,116,4,0.762133086471552,0.3462222745453036,0.05918779046348479,0.6251454942062171,0.06800629823072812,0.17140238313473874,0.05918779046348479,0.0059757270510864295,0.00784079205739808
Functional correctness,Edge compute hardware,3,1,113,100,217,116,4,0.762133086471552,0.3462222745453036,0.05918779046348479,0.6251454942062171,0.06800629823072812,0.17140238313473874,0.05918779046348479,0.0059757270510864295,0.00784079205739808
Functional correctness,ADMM-based compression,3,1,113,100,217,116,4,0.762133086471552,0.3462222745453036,0.05918779046348479,0.6251454942062171,0.06800629823072812,0.17140238313473874,0.05918779046348479,0.0059757270510864295,0.00784079205739808
Functional correctness,Early-exit inference,3,1,113,100,217,116,4,0.762133086471552,0.3462222745453036,0.05918779046348479,0.6251454942062171,0.06800629823072812,0.17140238313473874,0.05918779046348479,0.0059757270510864295,0.00784079205739808
Capacity,Quantization,5,35,17,160,217,22,40,0.8616063239180716,0.2634948468377772,0.037197057504739776,0.5669770072912704,0.08214485092105729,0.1309904153354633,0.037197057504739776,0.005951862272490926,0.006907867441623927
Reliability,Meta-learning,1,9,14,193,217,15,10,0.5580226227593261,0.391076370656065,0.02675274288899418,0.5191395225797034,0.09490530220516442,0.19308357348703178,0.02675274288899418,0.00582118933599616,0.010431816020668441
Ressource utilization,Activation function selection,3,1,115,98,217,118,4,0.7650472225754257,0.32867796489439405,0.056738079651730305,0.6273383766502374,0.06749938140719114,0.16287534121929023,0.056738079651730305,0.005670442055297777,0.007411885028755503
Ressource utilization,Edge compute hardware,3,1,115,98,217,118,4,0.7650472225754257,0.32867796489439405,0.056738079651730305,0.6273383766502374,0.06749938140719114,0.16287534121929023,0.056738079651730305,0.005670442055297777,0.007411885028755503
Ressource utilization,Retraining for fine tuning,3,1,115,98,217,118,4,0.7650472225754257,0.32867796489439405,0.056738079651730305,0.6273383766502374,0.06749938140719114,0.16287534121929023,0.056738079651730305,0.005670442055297777,0.007411885028755503
Ressource utilization,Simultaneous memory loading,3,1,115,98,217,118,4,0.7650472225754257,0.32867796489439405,0.056738079651730305,0.6273383766502374,0.06749938140719114,0.16287534121929023,0.056738079651730305,0.005670442055297777,0.007411885028755503
Functional correctness,Destillation learning,7,4,109,97,217,116,11,0.9075797787825038,0.18454316281738023,0.04716139463075174,0.5494313744290327,0.08669551483084341,0.09201060204468009,0.04716139463075174,0.005475241799404145,0.006032793950906496
Confidentiality,Integer-only operations,1,10,13,193,217,14,11,0.5627768512734111,0.36503153852967385,0.02482553176513765,0.5284315124815451,0.09233709719027056,0.18051575931232094,0.02482553176513765,0.005335298659552818,0.009480309375697465
Confidentiality,Training optimization algorithm selection or adaptation,1,10,13,193,217,14,11,0.5627768512734111,0.36503153852967385,0.02482553176513765,0.5284315124815451,0.09233709719027056,0.18051575931232094,0.02482553176513765,0.005335298659552818,0.009480309375697465
Capacity,Concurrent processing hardware,1,6,21,189,217,22,7,0.5627768512734111,0.3566749439387322,0.025087260300212723,0.5320709440496831,0.09134348562901091,0.17647058823529405,0.025087260300212723,0.00518064130296902,0.00920549822055871
Reliability,Training optimization algorithm selection or adaptation,1,10,14,192,217,15,11,0.5752900605933942,0.290923566375952,0.019845044478308052,0.5539844847116092,0.08550079942174477,0.1444444444444445,0.019845044478308052,0.0040405159824088745,0.007023441319742611
Reliability,Destillation learning,1,10,14,192,217,15,11,0.5752900605933942,0.290923566375952,0.019845044478308052,0.5539844847116092,0.08550079942174477,0.1444444444444445,0.019845044478308052,0.0040405159824088745,0.007023441319742611
Security,Adversarial training,1,27,5,184,217,6,28,0.5785688077344482,0.30010459245033816,0.018930814914325824,0.5680011676394975,0.08188359050309384,0.148936170212766,0.018930814914325824,0.003976373662575176,0.006872775734567866
Functional correctness,Tensor or matrix decomposition,4,2,112,99,217,116,6,0.8277463985618805,0.2278941540728074,0.04466032843342479,0.6877042583939651,0.054199428805543216,0.11345646437994714,0.04466032843342479,0.003546827038134513,0.00428491992752459
Functional correctness,Closed-loop learning,4,2,112,99,217,116,6,0.8277463985618805,0.2278941540728074,0.04466032843342479,0.6877042583939651,0.054199428805543216,0.11345646437994714,0.04466032843342479,0.003546827038134513,0.00428491992752459
Time behaviour,Retraining for fine tuning,2,2,83,130,217,85,4,0.7074947296862014,0.24930437735288186,0.030402663153207943,0.6455934188264466,0.06334696848583192,0.12401055408970975,0.030402663153207943,0.0034602184807183828,0.004890804603241512
Time behaviour,End-to-end learning,2,2,83,130,217,85,4,0.7074947296862014,0.24930437735288186,0.030402663153207943,0.6455934188264466,0.06334696848583192,0.12401055408970975,0.030402663153207943,0.0034602184807183828,0.004890804603241512
Capacity,Hardware and Software codesign,1,7,21,188,217,22,8,0.5870518659940622,0.2183702725615521,0.015308656349769629,0.5810920832444779,0.0785850137722638,0.10875331564986739,0.015308656349769629,0.002861705188370067,0.004874705889102841
Functional correctness,Regularization training,5,3,111,98,217,116,8,0.8687790621889562,0.16280042140674134,0.03547250301995065,0.7268275637799978,0.046189537041273966,0.08122090015519919,0.03547250301995065,0.002341365770656245,0.00269500713421545
Time behaviour,Destillation learning,5,6,80,126,217,85,11,0.8697784411291329,0.15739217375142928,0.029748486678435517,0.7546965126367169,0.040742552275792314,0.07853403141361255,0.029748486678435517,0.0019186034506380376,0.0022058530769598476
Functional correctness,Meta-learning,6,4,110,97,217,116,10,0.8967482242550092,0.12141280370696202,0.02883457071960999,0.7542352951431086,0.04083104941336408,0.06063193851409045,0.02883457071960999,0.0016379157696832232,0.001826505729681208
Functional correctness,Finetuning ,6,4,110,97,217,116,10,0.8967482242550092,0.12141280370696202,0.02883457071960999,0.7542352951431086,0.04083104941336408,0.06063193851409045,0.02883457071960999,0.0016379157696832232,0.001826505729681208
Ressource utilization,Neural architecture search,6,4,112,95,217,118,10,0.8987411536015547,0.1033942982042839,0.024809388331425875,0.7579169513843966,0.04012612650060048,0.05165114309906861,0.024809388331425875,0.00137869811915709,0.0015340324782415805
Ressource utilization,Event-based processing,1,0,117,99,217,118,1,0.5152807230730613,0.6131044728864089,0.06232319625115878,1.0,-0.0,0.2972972972972973,0.06232319625115878,0.0,0.0
Reliability,Quantization,2,38,13,164,217,15,40,0.804655998007455,-0.38453189844169855,-0.03584017692948387,1.0,-0.0,-0.18993135011441645,-0.03584017692948387,0.0,0.0
Ressource utilization,Adapter module,1,1,117,98,217,118,2,0.6408994213574218,-0.08468308723003867,-0.008477362847765416,1.0,-0.0,-0.042316258351893114,-0.008477362847765416,0.0,0.0
Ressource utilization,Architecture design through math. optimization,3,2,115,97,217,118,5,0.8019682102467025,0.10082852254277164,0.01733477868833282,1.0,-0.0,0.05037159372419485,0.01733477868833282,0.0,0.0
Ressource utilization,Layer fusion,1,0,117,99,217,118,1,0.5152807230730613,0.6131044728864089,0.06232319625115878,1.0,-0.0,0.2972972972972973,0.06232319625115878,0.0,0.0
Ressource utilization,Convolution unfolding,1,0,117,99,217,118,1,0.5152807230730613,0.6131044728864089,0.06232319625115878,1.0,-0.0,0.2972972972972973,0.06232319625115878,0.0,0.0
Ressource utilization,Feature encoding,2,1,116,98,217,118,3,0.7147319025693362,0.2069207158073224,0.029212173541793507,1.0,-0.0,0.10309278350515462,0.029212173541793507,0.0,0.0
Ressource utilization,Data-level parallelsim in CNN layer,1,0,117,99,217,118,1,0.5152807230730613,0.6131044728864089,0.06232319625115878,1.0,-0.0,0.2972972972972973,0.06232319625115878,0.0,0.0
Ressource utilization,Model format conversion,1,1,117,98,217,118,2,0.6408994213574218,-0.08468308723003867,-0.008477362847765416,1.0,-0.0,-0.042316258351893114,-0.008477362847765416,0.0,0.0
Ressource utilization,Policy conversion,1,0,117,99,217,118,1,0.5152807230730613,0.6131044728864089,0.06232319625115878,1.0,-0.0,0.2972972972972973,0.06232319625115878,0.0,0.0
Functional correctness,Continous learning,1,0,115,101,217,116,1,0.5122839827025896,0.6303462793209148,0.0634899253881922,1.0,-0.0,0.3051359516616314,0.0634899253881922,0.0,0.0
Functional correctness,Ablation,1,0,115,101,217,116,1,0.5122839827025896,0.6303462793209148,0.0634899253881922,1.0,-0.0,0.3051359516616314,0.0634899253881922,0.0,0.0
Ressource utilization,Relevant content caching,1,0,117,99,217,118,1,0.5152807230730613,0.6131044728864089,0.06232319625115878,1.0,-0.0,0.2972972972972973,0.06232319625115878,0.0,0.0
Ressource utilization,Light communication protocol usage,1,0,117,99,217,118,1,0.5152807230730613,0.6131044728864089,0.06232319625115878,1.0,-0.0,0.2972972972972973,0.06232319625115878,0.0,0.0
Functional correctness,Training with uncertainty measures,1,0,115,101,217,116,1,0.5122839827025896,0.6303462793209148,0.0634899253881922,1.0,-0.0,0.3051359516616314,0.0634899253881922,0.0,0.0
Functional correctness,Heuristics-driven augmentation,3,2,113,99,217,116,5,0.799220089571997,0.11837283219368114,0.020147248103024602,1.0,-0.0,0.05911740216486259,0.020147248103024602,0.0,0.0
Ressource utilization,Single task assignment,1,0,117,99,217,118,1,0.5152807230730613,0.6131044728864089,0.06232319625115878,1.0,-0.0,0.2972972972972973,0.06232319625115878,0.0,0.0
Ressource utilization,Prediction/intermediate result caching,1,1,117,98,217,118,2,0.6408994213574218,-0.08468308723003867,-0.008477362847765416,1.0,-0.0,-0.042316258351893114,-0.008477362847765416,0.0,0.0
Time behaviour,Partial layer execution,1,1,84,131,217,85,2,0.5807244707051901,0.24667404872440396,0.021397705289379076,1.0,-0.0,0.12271540469973895,0.021397705289379076,0.0,0.0
Time behaviour,Simultaneous memory loading,1,3,84,129,217,85,4,0.7074947296862014,-0.455818994253779,-0.03978220816855933,1.0,-0.0,-0.22404371584699445,-0.03978220816855933,0.0,0.0
Time behaviour,Test time adaption,1,1,84,131,217,85,2,0.5807244707051901,0.24667404872440396,0.021397705289379076,1.0,-0.0,0.12271540469973895,0.021397705289379076,0.0,0.0
Robustness,Finetuning ,3,7,66,141,217,69,10,0.8264327369677313,-0.06090875308699246,-0.008482503181999604,1.0,-0.0,-0.030444964871194375,-0.008482503181999604,0.0,0.0
Ressource utilization,Matrix reusing,1,0,117,99,217,118,1,0.5152807230730613,0.6131044728864089,0.06232319625115878,1.0,-0.0,0.2972972972972973,0.06232319625115878,0.0,0.0
Robustness,Retraining for fine tuning,1,3,68,145,217,69,4,0.669632579485788,-0.2445099005865722,-0.020002156050975953,1.0,-0.0,-0.12164948453608247,-0.020002156050975953,0.0,0.0
Ressource utilization,Few-shot learning,2,2,116,97,217,118,4,0.7650472225754257,-0.0854452059568848,-0.012044955456791908,1.0,-0.0,-0.04269662921348313,-0.012044955456791908,0.0,0.0
Ressource utilization,Imitation learning,1,0,117,99,217,118,1,0.5152807230730613,0.6131044728864089,0.06232319625115878,1.0,-0.0,0.2972972972972973,0.06232319625115878,0.0,0.0
Ressource utilization,Specific model type selection,2,2,116,97,217,118,4,0.7650472225754257,-0.0854452059568848,-0.012044955456791908,1.0,-0.0,-0.04269662921348313,-0.012044955456791908,0.0,0.0
Ressource utilization,TPU SoC or Accelerator Hardware ,3,2,115,97,217,118,5,0.8019682102467025,0.10082852254277164,0.01733477868833282,1.0,-0.0,0.05037159372419485,0.01733477868833282,0.0,0.0
Ressource utilization,Sensor ring architecture,1,0,117,99,217,118,1,0.5152807230730613,0.6131044728864089,0.06232319625115878,1.0,-0.0,0.2972972972972973,0.06232319625115878,0.0,0.0
Ressource utilization,Training with unlabed data,1,1,117,98,217,118,2,0.6408994213574218,-0.08468308723003867,-0.008477362847765416,1.0,-0.0,-0.042316258351893114,-0.008477362847765416,0.0,0.0
Robustness,Destillation learning,3,8,66,140,217,69,11,0.8406518171759259,-0.1610615573671055,-0.022451140083577598,1.0,-0.0,-0.08035714285714295,-0.022451140083577598,0.0,0.0
Robustness,Meta-learning,3,7,66,141,217,69,10,0.8264327369677313,-0.06090875308699246,-0.008482503181999604,1.0,-0.0,-0.030444964871194375,-0.008482503181999604,0.0,0.0
Robustness,Closed-loop learning,2,4,67,144,217,69,6,0.7424305783634711,0.04855322541699074,0.005562342664192727,1.0,-0.0,0.02427184466019417,0.005562342664192727,0.0,0.0
Ressource utilization,Library Encapsulation,1,0,117,99,217,118,1,0.5152807230730613,0.6131044728864089,0.06232319625115878,1.0,-0.0,0.2972972972972973,0.06232319625115878,0.0,0.0
Functional correctness,Frame rate reduction,1,1,115,100,217,116,2,0.6377556931971963,-0.06744128079553253,-0.0066829367339276665,1.0,-0.0,-0.033707865168539304,-0.0066829367339276665,0.0,0.0
Functional correctness,Input modification,1,1,115,100,217,116,2,0.6377556931971963,-0.06744128079553253,-0.0066829367339276665,1.0,-0.0,-0.033707865168539304,-0.0066829367339276665,0.0,0.0
Functional correctness,Denoising,1,1,115,100,217,116,2,0.6377556931971963,-0.06744128079553253,-0.0066829367339276665,1.0,-0.0,-0.033707865168539304,-0.0066829367339276665,0.0,0.0
Functional correctness,Sliding Window,1,0,115,101,217,116,1,0.5122839827025896,0.6303462793209148,0.0634899253881922,1.0,-0.0,0.3051359516616314,0.0634899253881922,0.0,0.0
Robustness,Transfer learning,1,4,68,144,217,69,5,0.7101171417669998,-0.4723593429381944,-0.038904660870449234,1.0,-0.0,-0.23188405797101438,-0.038904660870449234,0.0,0.0
Ressource utilization,Robust feature extraction,1,1,117,98,217,118,2,0.6408994213574218,-0.08468308723003867,-0.008477362847765416,1.0,-0.0,-0.042316258351893114,-0.008477362847765416,0.0,0.0
Ressource utilization,Contrastive representation learning,1,0,117,99,217,118,1,0.5152807230730613,0.6131044728864089,0.06232319625115878,1.0,-0.0,0.2972972972972973,0.06232319625115878,0.0,0.0
Ressource utilization,Regularization training,4,4,114,95,217,118,8,0.8710467744185655,-0.08701137698962969,-0.017196372925303755,1.0,-0.0,-0.043478260869565175,-0.017196372925303755,0.0,0.0
Ressource utilization,Additional side branches with uncertainty measures,1,1,117,98,217,118,2,0.6408994213574218,-0.08468308723003867,-0.008477362847765416,1.0,-0.0,-0.042316258351893114,-0.008477362847765416,0.0,0.0
Ressource utilization,Training with gradient noise,1,1,117,98,217,118,2,0.6408994213574218,-0.08468308723003867,-0.008477362847765416,1.0,-0.0,-0.042316258351893114,-0.008477362847765416,0.0,0.0
Ressource utilization,Label smooting,1,1,117,98,217,118,2,0.6408994213574218,-0.08468308723003867,-0.008477362847765416,1.0,-0.0,-0.042316258351893114,-0.008477362847765416,0.0,0.0
Functional correctness,Training loss early stopping,1,0,115,101,217,116,1,0.5122839827025896,0.6303462793209148,0.0634899253881922,1.0,-0.0,0.3051359516616314,0.0634899253881922,0.0,0.0
Functional correctness,Contrastive representation learning,1,0,115,101,217,116,1,0.5122839827025896,0.6303462793209148,0.0634899253881922,1.0,-0.0,0.3051359516616314,0.0634899253881922,0.0,0.0
Functional correctness,Training optimization algorithm selection or adaptation,6,5,110,96,217,116,11,0.9075797787825038,0.021259999426849325,0.005046075145677141,1.0,-0.0,0.010629599345870818,0.005046075145677141,0.0,0.0
Functional correctness,Standard training on fully labeled datasets,2,1,114,100,217,116,3,0.7116702649558324,0.22431245851919168,0.031357487347256296,1.0,-0.0,0.11168831168831171,0.031357487347256296,0.0,0.0
Functional correctness,Kernel regularization,1,0,115,101,217,116,1,0.5122839827025896,0.6303462793209148,0.0634899253881922,1.0,-0.0,0.3051359516616314,0.0634899253881922,0.0,0.0
Fault tolerance,Quantization,2,38,9,168,217,11,40,0.7530110789874154,-0.01680711831638129,-0.0014979753565707095,1.0,-0.0,-0.008403361344537843,-0.0014979753565707095,0.0,0.0
Ressource utilization,Model fusion,1,0,117,99,217,118,1,0.5152807230730613,0.6131044728864089,0.06232319625115878,1.0,-0.0,0.2972972972972973,0.06232319625115878,0.0,0.0
Ressource utilization,Tuner and meta-tuner blocks,1,1,117,98,217,118,2,0.6408994213574218,-0.08468308723003867,-0.008477362847765416,1.0,-0.0,-0.042316258351893114,-0.008477362847765416,0.0,0.0
Ressource utilization,Input spatial partitioning,1,0,117,99,217,118,1,0.5152807230730613,0.6131044728864089,0.06232319625115878,1.0,-0.0,0.2972972972972973,0.06232319625115878,0.0,0.0
Ressource utilization,Signal overwriting,1,0,117,99,217,118,1,0.5152807230730613,0.6131044728864089,0.06232319625115878,1.0,-0.0,0.2972972972972973,0.06232319625115878,0.0,0.0
Ressource utilization,Sensor or input data fusion,3,2,115,97,217,118,5,0.8019682102467025,0.10082852254277164,0.01733477868833282,1.0,-0.0,0.05037159372419485,0.01733477868833282,0.0,0.0
Ressource utilization,Input resolution adjustment,2,1,116,98,217,118,3,0.7147319025693362,0.2069207158073224,0.029212173541793507,1.0,-0.0,0.10309278350515462,0.029212173541793507,0.0,0.0
Fault tolerance,Adversarial training,1,27,10,179,217,11,28,0.6896315850008591,-0.3930425881096072,-0.026278557490213714,1.0,-0.0,-0.19402985074626863,-0.026278557490213714,0.0,0.0
Ressource utilization,Width adjustment,8,7,110,92,217,118,15,0.9394785760888447,-0.02082132781358574,-0.005714773232154353,1.0,-0.0,-0.010410287813839627,-0.005714773232154353,0.0,0.0
Ressource utilization,Post-processing,1,0,117,99,217,118,1,0.5152807230730613,0.6131044728864089,0.06232319625115878,1.0,-0.0,0.2972972972972973,0.06232319625115878,0.0,0.0
Functional correctness,Post-training quantization,1,0,115,101,217,116,1,0.5122839827025896,0.6303462793209148,0.0634899253881922,1.0,-0.0,0.3051359516616314,0.0634899253881922,0.0,0.0
Functional correctness,Imitation learning,1,0,115,101,217,116,1,0.5122839827025896,0.6303462793209148,0.0634899253881922,1.0,-0.0,0.3051359516616314,0.0634899253881922,0.0,0.0
Functional correctness,Sensor ring architecture,1,0,115,101,217,116,1,0.5122839827025896,0.6303462793209148,0.0634899253881922,1.0,-0.0,0.3051359516616314,0.0634899253881922,0.0,0.0
Training performance efficiency,Pruning,1,22,10,184,217,11,23,0.6536821375464908,-0.17022114985986722,-0.01132159890865168,1.0,-0.0,-0.08490566037735847,-0.01132159890865168,0.0,0.0
Functional correctness,Modular system design,1,1,115,100,217,116,2,0.6377556931971963,-0.06744128079553253,-0.0066829367339276665,1.0,-0.0,-0.033707865168539304,-0.0066829367339276665,0.0,0.0
Ressource utilization,Multitask Scheduling,2,1,116,98,217,118,3,0.7147319025693362,0.2069207158073224,0.029212173541793507,1.0,-0.0,0.10309278350515462,0.029212173541793507,0.0,0.0
Interoperability,Quantization,1,39,5,172,217,6,40,0.6439896797160523,-0.12216763397420753,-0.007682354688368273,1.0,-0.0,-0.0610079575596817,-0.007682354688368273,0.0,0.0
Ressource utilization,Matrix-multiplication optimization,1,0,117,99,217,118,1,0.5152807230730613,0.6131044728864089,0.06232319625115878,1.0,-0.0,0.2972972972972973,0.06232319625115878,0.0,0.0
Ressource utilization,Partial layer execution,1,1,117,98,217,118,2,0.6408994213574218,-0.08468308723003867,-0.008477362847765416,1.0,-0.0,-0.042316258351893114,-0.008477362847765416,0.0,0.0
Ressource utilization,High-level synthesis,1,0,117,99,217,118,1,0.5152807230730613,0.6131044728864089,0.06232319625115878,1.0,-0.0,0.2972972972972973,0.06232319625115878,0.0,0.0
Capacity,Pruning,2,21,20,174,217,22,23,0.7767871735369054,-0.17022114985986722,-0.016456560372383917,1.0,-0.0,-0.08490566037735847,-0.016456560372383917,0.0,0.0
Capacity,Integer-only operations,1,10,21,185,217,22,11,0.6455152476849719,-0.11454154173221233,-0.00801828354454532,1.0,-0.0,-0.05720823798626996,-0.00801828354454532,0.0,0.0
Security,Quantization,1,39,5,172,217,6,40,0.6439896797160523,-0.12216763397420753,-0.007682354688368273,1.0,-0.0,-0.0610079575596817,-0.007682354688368273,0.0,0.0
Time behaviour,Multitask Scheduling,1,2,84,130,217,85,3,0.6551277756808033,-0.16345307248957186,-0.014158578535636554,1.0,-0.0,-0.08154506437768241,-0.014158578535636554,0.0,0.0
Robustness,Multi-model of different models,2,4,67,144,217,69,6,0.7424305783634711,0.04855322541699074,0.005562342664192727,1.0,-0.0,0.02427184466019417,0.005562342664192727,0.0,0.0
Confidentiality,Pruning,1,22,13,181,217,14,23,0.6976864523632851,-0.43258541432735825,-0.02948577039008806,1.0,-0.0,-0.21298174442190668,-0.02948577039008806,0.0,0.0
Time behaviour,On-chip weight caching,1,1,84,131,217,85,2,0.5807244707051901,0.24667404872440396,0.021397705289379076,1.0,-0.0,0.12271540469973895,0.021397705289379076,0.0,0.0
Time behaviour,Tuner and meta-tuner blocks,1,1,84,131,217,85,2,0.5807244707051901,0.24667404872440396,0.021397705289379076,1.0,-0.0,0.12271540469973895,0.021397705289379076,0.0,0.0
Robustness,Normalization,1,2,68,146,217,69,3,0.6167877649096681,0.04785602117763514,0.003905503963624834,1.0,-0.0,0.02392344497607658,0.003905503963624834,0.0,0.0
Robustness,Architecture design through math. optimization,1,4,68,144,217,69,5,0.7101171417669998,-0.4723593429381944,-0.038904660870449234,1.0,-0.0,-0.23188405797101438,-0.038904660870449234,0.0,0.0
Robustness,Activation function selection,1,3,68,145,217,69,4,0.669632579485788,-0.2445099005865722,-0.020002156050975953,1.0,-0.0,-0.12164948453608247,-0.020002156050975953,0.0,0.0
Ressource utilization,Weight sharing,1,0,117,99,217,118,1,0.5152807230730613,0.6131044728864089,0.06232319625115878,1.0,-0.0,0.2972972972972973,0.06232319625115878,0.0,0.0
Confidentiality,Adversarial training,1,27,13,176,217,14,28,0.7328467080603174,-0.6554068525770982,-0.0451248835463633,1.0,-0.0,-0.3164556962025316,-0.0451248835463633,0.0,0.0
Functional correctness,Bottleneck module,1,1,115,100,217,116,2,0.6377556931971963,-0.06744128079553253,-0.0066829367339276665,1.0,-0.0,-0.033707865168539304,-0.0066829367339276665,0.0,0.0
Time behaviour,Mixed-precision compression,2,3,83,129,217,85,5,0.7470006961583802,0.021454935001259466,0.0026097153999568748,1.0,-0.0,0.010727056019070322,0.0026097153999568748,0.0,0.0
Time behaviour,Parameter amount reduction,1,1,84,131,217,85,2,0.5807244707051901,0.24667404872440396,0.021397705289379076,1.0,-0.0,0.12271540469973895,0.021397705289379076,0.0,0.0
Functional correctness,Policy conversion,1,0,115,101,217,116,1,0.5122839827025896,0.6303462793209148,0.0634899253881922,1.0,-0.0,0.3051359516616314,0.0634899253881922,0.0,0.0
Resiliency,Quantization,1,39,7,170,217,8,40,0.6965594557490407,-0.4586398705954205,-0.029936598950925836,1.0,-0.0,-0.22538293216630198,-0.029936598950925836,0.0,0.0
Functional correctness,Architecture design through math. optimization,3,2,113,99,217,116,5,0.799220089571997,0.11837283219368114,0.020147248103024602,1.0,-0.0,0.05911740216486259,0.020147248103024602,0.0,0.0
Time behaviour,Robust feature extraction,1,1,84,131,217,85,2,0.5807244707051901,0.24667404872440396,0.021397705289379076,1.0,-0.0,0.12271540469973895,0.021397705289379076,0.0,0.0
Time behaviour,Neural architecture search,4,6,81,126,217,85,10,0.8568197039895055,0.021978906718775167,0.003735002560812009,1.0,-0.0,0.010989010989010952,0.003735002560812009,0.0,0.0
Time behaviour,Model format conversion,1,1,84,131,217,85,2,0.5807244707051901,0.24667404872440396,0.021397705289379076,1.0,-0.0,0.12271540469973895,0.021397705289379076,0.0,0.0
Time behaviour,Normalization,1,2,84,130,217,85,3,0.6551277756808033,-0.16345307248957186,-0.014158578535636554,1.0,-0.0,-0.08154506437768241,-0.014158578535636554,0.0,0.0
Resiliency,Adversarial training,1,27,7,182,217,8,28,0.631301227546881,-0.03636764417087483,-0.0023532603946871044,1.0,-0.0,-0.018181818181818174,-0.0023532603946871044,0.0,0.0
Functional correctness,Fault-map-based neuron re-mapping,1,0,115,101,217,116,1,0.5122839827025896,0.6303462793209148,0.0634899253881922,1.0,-0.0,0.3051359516616314,0.0634899253881922,0.0,0.0
Ressource utilization,Diagonal scalar weight matrix,1,0,117,99,217,118,1,0.5152807230730613,0.6131044728864089,0.06232319625115878,1.0,-0.0,0.2972972972972973,0.06232319625115878,0.0,0.0
Ressource utilization,Weight grouping,1,0,117,99,217,118,1,0.5152807230730613,0.6131044728864089,0.06232319625115878,1.0,-0.0,0.2972972972972973,0.06232319625115878,0.0,0.0
Ressource utilization,Node masking,1,0,117,99,217,118,1,0.5152807230730613,0.6131044728864089,0.06232319625115878,1.0,-0.0,0.2972972972972973,0.06232319625115878,0.0,0.0
Time behaviour,Adapter module,1,1,84,131,217,85,2,0.5807244707051901,0.24667404872440396,0.021397705289379076,1.0,-0.0,0.12271540469973895,0.021397705289379076,0.0,0.0
Time behaviour,Separation of convolutional kernels,1,1,84,131,217,85,2,0.5807244707051901,0.24667404872440396,0.021397705289379076,1.0,-0.0,0.12271540469973895,0.021397705289379076,0.0,0.0
Time behaviour,Activation function selection,1,3,84,129,217,85,4,0.7074947296862014,-0.455818994253779,-0.03978220816855933,1.0,-0.0,-0.22404371584699445,-0.03978220816855933,0.0,0.0
Time behaviour,Architecture design through math. optimization,2,3,83,129,217,85,5,0.7470006961583802,0.021454935001259466,0.0026097153999568748,1.0,-0.0,0.010727056019070322,0.0026097153999568748,0.0,0.0
Ressource utilization,Huffman coding,1,0,117,99,217,118,1,0.5152807230730613,0.6131044728864089,0.06232319625115878,1.0,-0.0,0.2972972972972973,0.06232319625115878,0.0,0.0
Ressource utilization,Ablation,1,0,117,99,217,118,1,0.5152807230730613,0.6131044728864089,0.06232319625115878,1.0,-0.0,0.2972972972972973,0.06232319625115878,0.0,0.0
Ressource utilization,Binary and ternary weights training,1,0,117,99,217,118,1,0.5152807230730613,0.6131044728864089,0.06232319625115878,1.0,-0.0,0.2972972972972973,0.06232319625115878,0.0,0.0
Functional correctness,Prediction/intermediate result caching,1,1,115,100,217,116,2,0.6377556931971963,-0.06744128079553253,-0.0066829367339276665,1.0,-0.0,-0.033707865168539304,-0.0066829367339276665,0.0,0.0
Functional correctness,Adaptive batching,1,0,115,101,217,116,1,0.5122839827025896,0.6303462793209148,0.0634899253881922,1.0,-0.0,0.3051359516616314,0.0634899253881922,0.0,0.0
Functional correctness,Single task assignment,1,0,115,101,217,116,1,0.5122839827025896,0.6303462793209148,0.0634899253881922,1.0,-0.0,0.3051359516616314,0.0634899253881922,0.0,0.0
Functional adaptability,Width adjustment,1,14,20,182,217,21,15,0.6937078691981706,-0.3955147772549963,-0.027750261398782717,1.0,-0.0,-0.1952191235059761,-0.027750261398782717,0.0,0.0
Time behaviour,ADMM-based compression,1,3,84,129,217,85,4,0.7074947296862014,-0.455818994253779,-0.03978220816855933,1.0,-0.0,-0.22404371584699445,-0.03978220816855933,0.0,0.0
Functional adaptability,Training optimization algorithm selection or adaptation,1,10,20,186,217,21,11,0.636961217012392,-0.06575137756278042,-0.004584166676875988,1.0,-0.0,-0.0328638497652582,-0.004584166676875988,0.0,0.0
Functional correctness,Partial layer execution,1,1,115,100,217,116,2,0.6377556931971963,-0.06744128079553253,-0.0066829367339276665,1.0,-0.0,-0.033707865168539304,-0.0066829367339276665,0.0,0.0
Performance Efficiency,Pruning,1,22,14,180,217,15,23,0.7101171417669998,-0.5066933864810801,-0.03481159100410094,1.0,-0.0,-0.24806201550387594,-0.03481159100410094,0.0,0.0
Functional adaptability,Depth adjustment,1,11,20,185,217,21,12,0.652954895879392,-0.15762894420358317,-0.010999243278092806,1.0,-0.0,-0.07865168539325845,-0.010999243278092806,0.0,0.0
Functional correctness,Event-based processing,1,0,115,101,217,116,1,0.5122839827025896,0.6303462793209148,0.0634899253881922,1.0,-0.0,0.3051359516616314,0.0634899253881922,0.0,0.0
Functional correctness,Tuner and meta-tuner blocks,1,1,115,100,217,116,2,0.6377556931971963,-0.06744128079553253,-0.0066829367339276665,1.0,-0.0,-0.033707865168539304,-0.0066829367339276665,0.0,0.0
Portability,Quantization,1,39,4,173,217,5,40,0.6104679147497827,0.10097591734000218,0.006205536864217189,1.0,-0.0,0.050445103857566745,0.006205536864217189,0.0,0.0
Functional adaptability,Sparsification,1,9,20,187,217,21,10,0.6194325242901088,0.03440142671733253,0.0023981435961206426,1.0,-0.0,0.017199017199017265,0.0023981435961206426,0.0,0.0
Functional adaptability,Integer-only operations,1,10,20,186,217,21,11,0.636961217012392,-0.06575137756278042,-0.004584166676875988,1.0,-0.0,-0.0328638497652582,-0.004584166676875988,0.0,0.0
Functional correctness,Post-hoc uncertainty calibration ,1,0,115,101,217,116,1,0.5122839827025896,0.6303462793209148,0.0634899253881922,1.0,-0.0,0.3051359516616314,0.0634899253881922,0.0,0.0
Functional correctness,Test time adaption,1,1,115,100,217,116,2,0.6377556931971963,-0.06744128079553253,-0.0066829367339276665,1.0,-0.0,-0.033707865168539304,-0.0066829367339276665,0.0,0.0
Functional correctness,Failure prevention or mitigation,2,1,114,100,217,116,3,0.7116702649558324,0.22431245851919168,0.031357487347256296,1.0,-0.0,0.11168831168831171,0.031357487347256296,0.0,0.0
Functional correctness,Huffman coding,1,0,115,101,217,116,1,0.5122839827025896,0.6303462793209148,0.0634899253881922,1.0,-0.0,0.3051359516616314,0.0634899253881922,0.0,0.0
Functional correctness,Training with unlabed data,1,1,115,100,217,116,2,0.6377556931971963,-0.06744128079553253,-0.0066829367339276665,1.0,-0.0,-0.033707865168539304,-0.0066829367339276665,0.0,0.0
Functional correctness,Prediction combination of multi-models,1,0,115,101,217,116,1,0.5122839827025896,0.6303462793209148,0.0634899253881922,1.0,-0.0,0.3051359516616314,0.0634899253881922,0.0,0.0
Functional correctness,Multi-model of different models,3,3,113,98,217,116,6,0.8277463985618805,-0.06867686579621937,-0.011684388252930902,1.0,-0.0,-0.03432494279176201,-0.011684388252930902,0.0,0.0
Functional correctness,Straggler mitigation,1,0,115,101,217,116,1,0.5122839827025896,0.6303462793209148,0.0634899253881922,1.0,-0.0,0.3051359516616314,0.0634899253881922,0.0,0.0
Functional correctness,Later local processing of encoded features,1,0,115,101,217,116,1,0.5122839827025896,0.6303462793209148,0.0634899253881922,1.0,-0.0,0.3051359516616314,0.0634899253881922,0.0,0.0
Functional correctness,Binary and ternary weights training,1,0,115,101,217,116,1,0.5122839827025896,0.6303462793209148,0.0634899253881922,1.0,-0.0,0.3051359516616314,0.0634899253881922,0.0,0.0
Functional correctness,Competing models ,1,0,115,101,217,116,1,0.5122839827025896,0.6303462793209148,0.0634899253881922,1.0,-0.0,0.3051359516616314,0.0634899253881922,0.0,0.0
Functional correctness,Transfer learning,3,2,113,99,217,116,5,0.799220089571997,0.11837283219368114,0.020147248103024602,1.0,-0.0,0.05911740216486259,0.020147248103024602,0.0,0.0
Functional correctness,Few-shot learning,2,2,114,99,217,116,4,0.762133086471552,-0.06805346324501552,-0.009495367454034993,1.0,-0.0,-0.0340136054421768,-0.009495367454034993,0.0,0.0
Functional correctness,Online training,1,0,115,101,217,116,1,0.5122839827025896,0.6303462793209148,0.0634899253881922,1.0,-0.0,0.3051359516616314,0.0634899253881922,0.0,0.0
Functional correctness,Test-time training,1,0,115,101,217,116,1,0.5122839827025896,0.6303462793209148,0.0634899253881922,1.0,-0.0,0.3051359516616314,0.0634899253881922,0.0,0.0
Functional correctness,Incremental training with sensor data,1,1,115,100,217,116,2,0.6377556931971963,-0.06744128079553253,-0.0066829367339276665,1.0,-0.0,-0.033707865168539304,-0.0066829367339276665,0.0,0.0
Functional correctness,Inclusion of wrong labeled data in training,1,0,115,101,217,116,1,0.5122839827025896,0.6303462793209148,0.0634899253881922,1.0,-0.0,0.3051359516616314,0.0634899253881922,0.0,0.0
Ressource utilization,Internal computation balancing,2,1,116,98,217,118,3,0.7147319025693362,0.2069207158073224,0.029212173541793507,1.0,-0.0,0.10309278350515462,0.029212173541793507,0.0,0.0
Functional correctness,Self-supervision learning,2,1,114,100,217,116,3,0.7116702649558324,0.22431245851919168,0.031357487347256296,1.0,-0.0,0.11168831168831171,0.031357487347256296,0.0,0.0
Capacity,Neural architecture search,1,9,21,186,217,22,10,0.6279869947408714,-0.014388737452099669,-0.0010067170776086197,1.0,-0.0,-0.0071942446043165775,-0.0010067170776086197,0.0,0.0
Ressource utilization,External computational offloading,6,5,112,94,217,118,11,0.9094498228207197,0.003241493924171023,0.0007774481556468521,1.0,-0.0,0.0016207455429497711,0.0007774481556468521,0.0,0.0
Ressource utilization,Coupled semantic descriptions,1,0,117,99,217,118,1,0.5152807230730613,0.6131044728864089,0.06232319625115878,1.0,-0.0,0.2972972972972973,0.06232319625115878,0.0,0.0
Capacity,Finetuning ,1,9,21,186,217,22,10,0.6279869947408714,-0.014388737452099669,-0.0010067170776086197,1.0,-0.0,-0.0071942446043165775,-0.0010067170776086197,0.0,0.0
Functional correctness,Smaller computation datatype,4,3,112,98,217,116,7,0.8503876375019063,0.06899287148695142,0.013493968068535839,1.0,-0.0,0.03448275862068964,0.013493968068535839,0.0,0.0
Functional correctness,Matrix reusing,1,0,115,101,217,116,1,0.5122839827025896,0.6303462793209148,0.0634899253881922,1.0,-0.0,0.3051359516616314,0.0634899253881922,0.0,0.0
Functional correctness,Diagonal scalar weight matrix,1,0,115,101,217,116,1,0.5122839827025896,0.6303462793209148,0.0634899253881922,1.0,-0.0,0.3051359516616314,0.0634899253881922,0.0,0.0
Functional correctness,Weight sharing,1,0,115,101,217,116,1,0.5122839827025896,0.6303462793209148,0.0634899253881922,1.0,-0.0,0.3051359516616314,0.0634899253881922,0.0,0.0
Functional correctness,External computational offloading,5,6,111,95,217,116,11,0.9075797787825038,-0.17011139288702323,-0.037069244339397456,0.7583907370126697,0.040035660037346855,-0.08485117725455353,-0.037069244339397456,-0.002215023121492508,-0.002440582275272712
Functional correctness,Network partitioning,4,5,112,96,217,116,9,0.8839884962870779,-0.1918910078101054,-0.037581149873234534,0.736499697885395,0.04427580899011416,-0.09565217391304351,-0.037581149873234534,-0.002607329901947882,-0.0029495065975396403
Ressource utilization,Network partitioning,4,5,114,94,217,118,9,0.8861138596147844,-0.20959058490950644,-0.0414849152093233,0.7349827678313396,0.044574281041545705,-0.10441334768568362,-0.0414849152093233,-0.0028813366391692275,-0.003251655086877679
Functional correctness,Concurrent processing hardware,3,4,113,97,217,116,7,0.8503876375019063,-0.2275781483820755,-0.03879515819704054,0.7073152469071404,0.050128993384238985,-0.11330049261083742,-0.03879515819704054,-0.0032418485481236583,-0.0038122009365598184
Time behaviour,Sparsification,3,7,82,125,217,85,10,0.8568197039895055,-0.27797325832482,-0.04129252831119943,0.7435463541202041,0.04289731717955853,-0.13809854267869534,-0.04129252831119943,-0.003296783320640194,-0.0038476978357171085
Ressource utilization,Regularization,3,4,115,95,217,118,7,0.8528075525017331,-0.2451224580329851,-0.042229970725045786,0.7047695764324816,0.0506509506204792,-0.12195121951219517,-0.042229970725045786,-0.003545945387549028,-0.004157966679758997
Functional correctness,Width adjustment,7,8,109,93,217,116,15,0.9380165055926042,-0.14522023687483573,-0.037092087698069084,0.6035245354955558,0.07310168984574979,-0.07248278123975076,-0.037092087698069084,-0.0037568067971775524,-0.004005054041990594
Time behaviour,Smaller computation datatype,2,5,83,127,217,85,7,0.8033195186411726,-0.32449604557449724,-0.039643389566284805,0.7072755490812945,0.05013711848857391,-0.16083916083916083,-0.039643389566284805,-0.0040373302194687335,-0.00502580869228466
Functional correctness,TPU SoC or Accelerator Hardware ,2,3,114,98,217,116,5,0.799220089571997,-0.29590290559663796,-0.04142955243720552,0.6656227413107101,0.05892394953025948,-0.1468812877263581,-0.04142955243720552,-0.0044340804264733965,-0.0055480092208992915
Ressource utilization,Transfer learning,2,3,116,96,217,118,5,0.8019682102467025,-0.31329464830850723,-0.044331565170162616,0.6617468833445032,0.059769365145237945,-0.15537848605577687,-0.044331565170162616,-0.0047863640030556395,-0.005968271487448676
Ressource utilization,Training loss function selection or adaptation,2,3,116,96,217,118,5,0.8019682102467025,-0.31329464830850723,-0.044331565170162616,0.6617468833445032,0.059769365145237945,-0.15537848605577687,-0.044331565170162616,-0.0047863640030556395,-0.005968271487448676
Functional correctness,Pretraining,1,2,115,99,217,116,3,0.7116702649558324,-0.4775684020095084,-0.047765474912681107,0.5989056788006524,0.07421385631088818,-0.2343470483005367,-0.047765474912681107,-0.00744999856603599,-0.010468329130623929
Functional correctness,Normalization,1,2,115,99,217,116,3,0.7116702649558324,-0.4775684020095084,-0.047765474912681107,0.5989056788006524,0.07421385631088818,-0.2343470483005367,-0.047765474912681107,-0.00744999856603599,-0.010468329130623929
Functional correctness,Out-of-distribution detection,1,2,115,99,217,116,3,0.7116702649558324,-0.4775684020095084,-0.047765474912681107,0.5989056788006524,0.07421385631088818,-0.2343470483005367,-0.047765474912681107,-0.00744999856603599,-0.010468329130623929
Functional correctness,Multitask Scheduling,1,2,115,99,217,116,3,0.7116702649558324,-0.4775684020095084,-0.047765474912681107,0.5989056788006524,0.07421385631088818,-0.2343470483005367,-0.047765474912681107,-0.00744999856603599,-0.010468329130623929
Functional correctness,Feature encoding,1,2,115,99,217,116,3,0.7116702649558324,-0.4775684020095084,-0.047765474912681107,0.5989056788006524,0.07421385631088818,-0.2343470483005367,-0.047765474912681107,-0.00744999856603599,-0.010468329130623929
Functional correctness,On-device local training,1,2,115,99,217,116,3,0.7116702649558324,-0.4775684020095084,-0.047765474912681107,0.5989056788006524,0.07421385631088818,-0.2343470483005367,-0.047765474912681107,-0.00744999856603599,-0.010468329130623929
Reliability,Adversarial training,1,27,14,175,217,15,28,0.7449409270762635,-0.7295148247308202,-0.05069496247305285,0.6990568090502154,0.051829176585239806,-0.3493975903614458,-0.05069496247305285,-0.0077237216884250325,-0.010368233785649309
Ressource utilization,Out-of-distribution detection,1,2,117,97,217,118,3,0.7147319025693362,-0.49481020844401447,-0.05002584719032138,0.5931143500160755,0.07562052278897553,-0.24247787610619476,-0.05002584719032138,-0.007904679137574349,-0.011059642236702196
Ressource utilization,Failure prevention or mitigation,1,2,117,97,217,118,3,0.7147319025693362,-0.49481020844401447,-0.05002584719032138,0.5931143500160755,0.07562052278897553,-0.24247787610619476,-0.05002584719032138,-0.007904679137574349,-0.011059642236702196
Ressource utilization,Standard training on fully labeled datasets,1,2,117,97,217,118,3,0.7147319025693362,-0.49481020844401447,-0.05002584719032138,0.5931143500160755,0.07562052278897553,-0.24247787610619476,-0.05002584719032138,-0.007904679137574349,-0.011059642236702196
Ressource utilization,Normalization,1,2,117,97,217,118,3,0.7147319025693362,-0.49481020844401447,-0.05002584719032138,0.5931143500160755,0.07562052278897553,-0.24247787610619476,-0.05002584719032138,-0.007904679137574349,-0.011059642236702196
Ressource utilization,Containerization,1,2,117,97,217,118,3,0.7147319025693362,-0.49481020844401447,-0.05002584719032138,0.5931143500160755,0.07562052278897553,-0.24247787610619476,-0.05002584719032138,-0.007904679137574349,-0.011059642236702196
Ressource utilization,On-device local training,1,2,117,97,217,118,3,0.7147319025693362,-0.49481020844401447,-0.05002584719032138,0.5931143500160755,0.07562052278897553,-0.24247787610619476,-0.05002584719032138,-0.007904679137574349,-0.011059642236702196
Training performance efficiency,Quantization,1,39,10,167,217,11,40,0.7530110789874154,-0.8153148145341529,-0.0556747507525447,0.693589314650376,0.05296586872213253,-0.38648180242634317,-0.0556747507525447,-0.008817460770833301,-0.011709602975151792
Safety,Quantization,1,39,10,167,217,11,40,0.7530110789874154,-0.8153148145341529,-0.0556747507525447,0.693589314650376,0.05296586872213253,-0.38648180242634317,-0.0556747507525447,-0.008817460770833301,-0.011709602975151792
Time behaviour,Ternary weights and activations 2-bit,1,4,84,128,217,85,5,0.7470006961583802,-0.6836684366054016,-0.06031342257678111,0.6505850608148065,0.06223197117021418,-0.32911392405063294,-0.06031342257678111,-0.009051717966607012,-0.012117415704105119
Time behaviour,Training loss function selection or adaptation,1,4,84,128,217,85,5,0.7470006961583802,-0.6836684366054016,-0.06031342257678111,0.6505850608148065,0.06223197117021418,-0.32911392405063294,-0.06031342257678111,-0.009051717966607012,-0.012117415704105119
Functional adaptability,Pruning,1,22,20,174,217,21,23,0.7689568366814123,-0.8633683304198125,-0.06206963201072047,0.7065451937515381,0.050286684511171235,-0.40672782874617736,-0.06206963201072047,-0.009063798046489527,-0.01178713500436015
Robustness,Neural architecture search,2,8,67,140,217,69,10,0.8264327369677313,-0.48141173855969727,-0.05568002088697175,0.5088692012302453,0.09779794451503386,-0.23616236162361617,-0.05568002088697175,-0.011793850158979194,-0.014270792565952883
Time behaviour,Regularization training,2,6,83,126,217,85,8,0.8242080305345569,-0.4628007169516776,-0.05679636507687174,0.48592010714848305,0.10447837655369868,-0.22735674676524958,-0.05679636507687174,-0.012234484587251748,-0.014843927908973204
Ressource utilization,Depth adjustment,5,7,113,92,217,118,12,0.9186221125882893,-0.2798465769278324,-0.061745006299600794,0.3881769592786447,0.13699008208877783,-0.1390172196556069,-0.061745006299600794,-0.012632171925735836,-0.013751216906964833
Time behaviour,Width adjustment,4,11,81,121,217,85,15,0.9074934792956821,-0.40793729725355354,-0.06980341441098027,0.4141839825928929,0.12760223341408125,-0.2011863568956995,-0.06980341441098027,-0.015690063158796754,-0.017289450025551725
Ressource utilization,Multi-model of different models,2,4,116,95,217,118,6,0.830327407619309,-0.500344346298408,-0.07124839885730058,0.4152369469139645,0.12723467027560295,-0.24508050089445443,-0.07124839885730058,-0.01670951010376632,-0.020124001629279405
Functional correctness,Task-level parallelism on CNN layer-level,3,6,113,95,217,116,9,0.8839884962870779,-0.4884620276791323,-0.08391699943284757,0.30931999892153905,0.1698640000027266,-0.23948811700182818,-0.08391699943284757,-0.024280903943349173,-0.02746744334947078
Robustness,Hardware and Software codesign,1,7,68,141,217,69,8,0.7911861338879722,-0.9566149948911316,-0.08107207102482995,0.44066078129812186,0.11863186662431886,-0.44488711819389104,-0.08107207102482995,-0.02468323527275922,-0.0311977601926151
Functional correctness,End-to-end learning,1,3,115,98,217,116,4,0.762133086471552,-0.7699343237737156,-0.07817852537155477,0.34025606980294243,0.15606470623609406,-0.3670133729569094,-0.07817852537155477,-0.026476024359098873,-0.03473937141566041
Functional correctness,Training with adversarial noise,1,3,115,98,217,116,4,0.762133086471552,-0.7699343237737156,-0.07817852537155477,0.34025606980294243,0.15606470623609406,-0.3670133729569094,-0.07817852537155477,-0.026476024359098873,-0.03473937141566041
Functional correctness,Fault tolerant training,1,3,115,98,217,116,4,0.762133086471552,-0.7699343237737156,-0.07817852537155477,0.34025606980294243,0.15606470623609406,-0.3670133729569094,-0.07817852537155477,-0.026476024359098873,-0.03473937141566041
Functional correctness,Specific model type selection,1,3,115,98,217,116,4,0.762133086471552,-0.7699343237737156,-0.07817852537155477,0.34025606980294243,0.15606470623609406,-0.3670133729569094,-0.07817852537155477,-0.026476024359098873,-0.03473937141566041
Ressource utilization,Training with adversarial noise,1,3,117,96,217,118,4,0.7650472225754257,-0.7871761302082217,-0.08082799056531412,0.3332652589048464,0.15906998560781335,-0.3744493392070485,-0.08082799056531412,-0.027702726499711162,-0.03621047914722671
Ressource utilization,Fault tolerant training,1,3,117,96,217,118,4,0.7650472225754257,-0.7871761302082217,-0.08082799056531412,0.3332652589048464,0.15906998560781335,-0.3744493392070485,-0.08082799056531412,-0.027702726499711162,-0.03621047914722671
Ressource utilization,Early-exit inference,1,3,117,96,217,118,4,0.7650472225754257,-0.7871761302082217,-0.08082799056531412,0.3332652589048464,0.15906998560781335,-0.3744493392070485,-0.08082799056531412,-0.027702726499711162,-0.03621047914722671
Ressource utilization,End-to-end learning,1,3,117,96,217,118,4,0.7650472225754257,-0.7871761302082217,-0.08082799056531412,0.3332652589048464,0.15906998560781335,-0.3744493392070485,-0.08082799056531412,-0.027702726499711162,-0.03621047914722671
Time behaviour,Meta-learning,2,8,83,124,217,85,10,0.8568197039895055,-0.6955597269653292,-0.08632005918321087,0.3220896346036709,0.16400775043199858,-0.33440514469453375,-0.08632005918321087,-0.02956121982082884,-0.03450109711901643
Functional correctness,Depth adjustment,4,8,112,93,217,116,12,0.9168659638893601,-0.49410118082479615,-0.09760544637319486,0.2331154773677431,0.2108096303876638,-0.24214417744916825,-0.09760544637319486,-0.03283411286717026,-0.03581124631117009
Ressource utilization,Meta-learning,3,7,115,92,217,118,10,0.8987411536015547,-0.6161861394238172,-0.10757513465019908,0.19164081427187407,0.23917066417175245,-0.2987012987012988,-0.10757513465019908,-0.04366507130351854,-0.048584702201004235
Robustness,Sparsification,1,9,68,139,217,69,10,0.8264327369677313,-1.1893740049047832,-0.1028775385919439,0.17497000276798497,0.25234546710269284,-0.5332581736189401,-0.1028775385919439,-0.06633195565945545,-0.08026298171927987
Ressource utilization,Training optimization algorithm selection or adaptation,3,8,115,91,217,118,11,0.9094498228207197,-0.7163389437039298,-0.12575223917587833,0.116767135663921,0.31089312434901367,-0.34360063728093465,-0.12575223917587833,-0.06635281435667889,-0.07295929109192761
Time behaviour,Depth adjustment,2,10,83,122,217,85,12,0.8810631488931296,-0.8875900978862449,-0.11154076891436977,0.13227503872269342,0.2928407008862945,-0.4167852062588905,-0.11154076891436977,-0.06815699622706456,-0.07735767443308629
Robustness,Integer-only operations,1,10,68,138,217,69,11,0.8406518171759259,-1.2895268091848962,-0.11267146227128758,0.17999701214721223,0.24824490129657983,-0.5681341719077567,-0.11267146227128758,-0.07103782221147222,-0.08450326372946614
Functional correctness,Adversarial training,9,19,107,82,217,116,28,0.977616140987739,-0.5660617522412483,-0.1644637426558109,0.024215804727598222,0.5386336980396874,-0.2757078986587183,-0.1644637426558109,-0.11589213058638044,-0.11854563946672186
Time behaviour,Training optimization algorithm selection or adaptation,1,10,84,122,217,85,11,0.8697784411291329,-1.500835902852103,-0.14239608956744468,0.053466812095468386,0.4239719031654839,-0.6353982300884955,-0.14239608956744468,-0.14341034706739092,-0.16488146898791584
Robustness,Pruning,1,22,68,126,217,69,23,0.9297581673173497,-2.087143762041928,-0.20295529256713932,0.0016451598509976218,0.9279306325645695,-0.7792946530147895,-0.20295529256713932,-0.4237186028173702,-0.4557299066701766
Robustness,Quantization,3,37,66,111,217,69,40,0.9698744052034872,-1.603772174898423,-0.24803019106885096,0.00012475876884055764,1.0,-0.6650898770104068,-0.24803019106885096,-0.4428058914538689,-0.45656003403962886
Ressource utilization,Adversarial training,3,25,115,74,217,118,28,0.97833438339947,-1.736777334810702,-0.3374183763471324,6.059957263722291e-07,1.0,-0.7005545286506469,-0.3374183763471324,-0.5077422909981795,-0.5189864524988896
Functional correctness,Weight grouping,0,1,116,100,217,116,1,0.5122839827025896,,-0.07291912222802273,0.46543778801843316,0.11071278668862898,,-0.07291912222802273,,
Functional correctness,Node masking,0,1,116,100,217,116,1,0.5122839827025896,,-0.07291912222802273,0.46543778801843316,0.11071278668862898,,-0.07291912222802273,,
Functional correctness,Self-adjusted learning,0,1,116,100,217,116,1,0.5122839827025896,,-0.07291912222802273,0.46543778801843316,0.11071278668862898,,-0.07291912222802273,,
Functional correctness,Federated learning,0,2,116,99,217,116,2,0.6377556931971963,,-0.10336275481808124,0.21548045741594124,0.22219737040560597,,-0.10336275481808124,,
Functional correctness,Adversarial generation decoupling,0,1,116,100,217,116,1,0.5122839827025896,,-0.07291912222802273,0.46543778801843316,0.11071278668862898,,-0.07291912222802273,,
Functional correctness,Training with gradient noise,0,2,116,99,217,116,2,0.6377556931971963,,-0.10336275481808124,0.21548045741594124,0.22219737040560597,,-0.10336275481808124,,
Functional correctness,Label smooting,0,2,116,99,217,116,2,0.6377556931971963,,-0.10336275481808124,0.21548045741594124,0.22219737040560597,,-0.10336275481808124,,
Functional correctness,Weight initialization random,0,1,116,100,217,116,1,0.5122839827025896,,-0.07291912222802273,0.46543778801843316,0.11071278668862898,,-0.07291912222802273,,
Functional correctness,Suppress redundant channel activations,0,1,116,100,217,116,1,0.5122839827025896,,-0.07291912222802273,0.46543778801843316,0.11071278668862898,,-0.07291912222802273,,
Functional correctness,Fault-aware retraining,0,1,116,100,217,116,1,0.5122839827025896,,-0.07291912222802273,0.46543778801843316,0.11071278668862898,,-0.07291912222802273,,
Functional correctness,Automatic retraining and deployment triggering,0,1,116,100,217,116,1,0.5122839827025896,,-0.07291912222802273,0.46543778801843316,0.11071278668862898,,-0.07291912222802273,,
Functional correctness,Data-driven augmentations,0,1,116,100,217,116,1,0.5122839827025896,,-0.07291912222802273,0.46543778801843316,0.11071278668862898,,-0.07291912222802273,,
Functional correctness,Containerization,0,3,116,98,217,116,3,0.7116702649558324,,-0.12688843717261852,0.09922123387989853,0.33446512551162444,,-0.12688843717261852,,
Functional correctness,Library Encapsulation,0,1,116,100,217,116,1,0.5122839827025896,,-0.07291912222802273,0.46543778801843316,0.11071278668862898,,-0.07291912222802273,,
Functional correctness,Deployment pipeline creation,0,3,116,98,217,116,3,0.7116702649558324,,-0.12688843717261852,0.09922123387989853,0.33446512551162444,,-0.12688843717261852,,
Functional correctness,Model pool for deployment,0,1,116,100,217,116,1,0.5122839827025896,,-0.07291912222802273,0.46543778801843316,0.11071278668862898,,-0.07291912222802273,,
Functional correctness,Weight averaging,0,1,116,100,217,116,1,0.5122839827025896,,-0.07291912222802273,0.46543778801843316,0.11071278668862898,,-0.07291912222802273,,
Functional correctness,Input spatial partitioning,0,1,116,100,217,116,1,0.5122839827025896,,-0.07291912222802273,0.46543778801843316,0.11071278668862898,,-0.07291912222802273,,
Functional correctness,Input contrast improvement,0,1,116,100,217,116,1,0.5122839827025896,,-0.07291912222802273,0.46543778801843316,0.11071278668862898,,-0.07291912222802273,,
Functional correctness,Sequential input fusion,0,1,116,100,217,116,1,0.5122839827025896,,-0.07291912222802273,0.46543778801843316,0.11071278668862898,,-0.07291912222802273,,
Functional correctness,Signal overwriting,0,1,116,100,217,116,1,0.5122839827025896,,-0.07291912222802273,0.46543778801843316,0.11071278668862898,,-0.07291912222802273,,
Functional correctness,Post-processing,0,1,116,100,217,116,1,0.5122839827025896,,-0.07291912222802273,0.46543778801843316,0.11071278668862898,,-0.07291912222802273,,
Functional correctness,Decision smoothing,0,1,116,100,217,116,1,0.5122839827025896,,-0.07291912222802273,0.46543778801843316,0.11071278668862898,,-0.07291912222802273,,
Functional correctness,Last stage reduction,0,1,116,100,217,116,1,0.5122839827025896,,-0.07291912222802273,0.46543778801843316,0.11071278668862898,,-0.07291912222802273,,
Functional correctness,Model fusion,0,1,116,100,217,116,1,0.5122839827025896,,-0.07291912222802273,0.46543778801843316,0.11071278668862898,,-0.07291912222802273,,
Functional correctness,Convolution unfolding,0,1,116,100,217,116,1,0.5122839827025896,,-0.07291912222802273,0.46543778801843316,0.11071278668862898,,-0.07291912222802273,,
Functional correctness,Layer fusion,0,1,116,100,217,116,1,0.5122839827025896,,-0.07291912222802273,0.46543778801843316,0.11071278668862898,,-0.07291912222802273,,
Functional correctness,Multiscale feature processing architectures,0,1,116,100,217,116,1,0.5122839827025896,,-0.07291912222802273,0.46543778801843316,0.11071278668862898,,-0.07291912222802273,,
Functional correctness,Model format conversion,0,2,116,99,217,116,2,0.6377556931971963,,-0.10336275481808124,0.21548045741594124,0.22219737040560597,,-0.10336275481808124,,
Functional correctness,Cache preloading,0,1,116,100,217,116,1,0.5122839827025896,,-0.07291912222802273,0.46543778801843316,0.11071278668862898,,-0.07291912222802273,,
Functional correctness,Relevant content caching,0,1,116,100,217,116,1,0.5122839827025896,,-0.07291912222802273,0.46543778801843316,0.11071278668862898,,-0.07291912222802273,,
Functional correctness,Light communication protocol usage,0,1,116,100,217,116,1,0.5122839827025896,,-0.07291912222802273,0.46543778801843316,0.11071278668862898,,-0.07291912222802273,,
Functional correctness,Cloud compression and edge reconstruction,0,1,116,100,217,116,1,0.5122839827025896,,-0.07291912222802273,0.46543778801843316,0.11071278668862898,,-0.07291912222802273,,
Functional correctness,Adaptive model scheduling,0,1,116,100,217,116,1,0.5122839827025896,,-0.07291912222802273,0.46543778801843316,0.11071278668862898,,-0.07291912222802273,,
Functional correctness,Sensor duty cycle,0,2,116,99,217,116,2,0.6377556931971963,,-0.10336275481808124,0.21548045741594124,0.22219737040560597,,-0.10336275481808124,,
Functional correctness,Data-level parallelsim in CNN layer,0,1,116,100,217,116,1,0.5122839827025896,,-0.07291912222802273,0.46543778801843316,0.11071278668862898,,-0.07291912222802273,,
Functional correctness,Matrix-multiplication optimization,0,1,116,100,217,116,1,0.5122839827025896,,-0.07291912222802273,0.46543778801843316,0.11071278668862898,,-0.07291912222802273,,
Functional correctness,Simultaneous memory loading,0,4,116,97,217,116,4,0.762133086471552,,-0.14686168328907453,0.045437761309486235,0.4475276913971898,,-0.14686168328907453,,
Functional correctness,Internal computation balancing,0,3,116,98,217,116,3,0.7116702649558324,,-0.12688843717261852,0.09922123387989853,0.33446512551162444,,-0.12688843717261852,,
Functional correctness,Quantitative sensor selection,0,1,116,100,217,116,1,0.5122839827025896,,-0.07291912222802273,0.46543778801843316,0.11071278668862898,,-0.07291912222802273,,
Functional correctness,Independent model development,0,1,116,100,217,116,1,0.5122839827025896,,-0.07291912222802273,0.46543778801843316,0.11071278668862898,,-0.07291912222802273,,
Functional correctness,Coupled semantic descriptions,0,1,116,100,217,116,1,0.5122839827025896,,-0.07291912222802273,0.46543778801843316,0.11071278668862898,,-0.07291912222802273,,
Functional correctness,Merging of fault maps,0,1,116,100,217,116,1,0.5122839827025896,,-0.07291912222802273,0.46543778801843316,0.11071278668862898,,-0.07291912222802273,,
Functional correctness,High-level synthesis,0,1,116,100,217,116,1,0.5122839827025896,,-0.07291912222802273,0.46543778801843316,0.11071278668862898,,-0.07291912222802273,,
Functional adaptability,Quantization,0,40,21,156,217,21,40,0.8551683964318013,,-0.15560551102236928,0.016546526430845112,0.593764387542786,,-0.15560551102236928,,
Functional adaptability,Post-training quantization,0,1,21,195,217,21,1,0.263248813069786,,-0.0222717701593687,1.0,-0.0,,-0.0222717701593687,,
Functional adaptability,Huffman coding,0,1,21,195,217,21,1,0.263248813069786,,-0.0222717701593687,1.0,-0.0,,-0.0222717701593687,,
Functional adaptability,Ablation,0,1,21,195,217,21,1,0.263248813069786,,-0.0222717701593687,1.0,-0.0,,-0.0222717701593687,,
Functional adaptability,Mixed-precision compression,0,5,21,191,217,21,5,0.49496626555868906,,-0.050268819141666476,1.0,-0.0,,-0.050268819141666476,,
Functional adaptability,Parameter amount reduction,0,2,21,194,217,21,2,0.35082268041346987,,-0.03157020337064346,1.0,-0.0,,-0.03157020337064346,,
Functional adaptability,Binary and ternary weights training,0,1,21,195,217,21,1,0.263248813069786,,-0.0222717701593687,1.0,-0.0,,-0.0222717701593687,,
Functional adaptability,Quantization-aware training,0,3,21,193,217,21,3,0.41089465787466506,,-0.03875567919966014,1.0,-0.0,,-0.03875567919966014,,
Functional adaptability,Binary weights and activations,0,6,21,190,217,21,6,0.5268446350764039,,-0.05519706800961892,1.0,-0.0,,-0.05519706800961892,,
Functional adaptability,Ternary weights and activations 2-bit,0,5,21,191,217,21,5,0.49496626555868906,,-0.050268819141666476,1.0,-0.0,,-0.050268819141666476,,
Functional adaptability,Tenary weights,0,4,21,192,217,21,4,0.4571976885569208,,-0.04485613040162566,1.0,-0.0,,-0.04485613040162566,,
Functional adaptability,ADMM-based compression,0,4,21,192,217,21,4,0.4571976885569208,,-0.04485613040162566,1.0,-0.0,,-0.04485613040162566,,
Functional adaptability,Weight sharing,0,1,21,195,217,21,1,0.263248813069786,,-0.0222717701593687,1.0,-0.0,,-0.0222717701593687,,
Functional adaptability,Weight grouping,0,1,21,195,217,21,1,0.263248813069786,,-0.0222717701593687,1.0,-0.0,,-0.0222717701593687,,
Functional adaptability,Node masking,0,1,21,195,217,21,1,0.263248813069786,,-0.0222717701593687,1.0,-0.0,,-0.0222717701593687,,
Functional adaptability,Diagonal scalar weight matrix,0,1,21,195,217,21,1,0.263248813069786,,-0.0222717701593687,1.0,-0.0,,-0.0222717701593687,,
Functional adaptability,Matrix reusing,0,1,21,195,217,21,1,0.263248813069786,,-0.0222717701593687,1.0,-0.0,,-0.0222717701593687,,
Functional adaptability,Smaller computation datatype,0,7,21,189,217,21,7,0.5543807436467375,,-0.05976143046671969,1.0,-0.0,,-0.05976143046671969,,
Functional adaptability,Tensor or matrix decomposition,0,6,21,190,217,21,6,0.5268446350764039,,-0.05519706800961892,1.0,-0.0,,-0.05519706800961892,,
Functional adaptability,Continous learning,0,1,21,195,217,21,1,0.263248813069786,,-0.0222717701593687,1.0,-0.0,,-0.0222717701593687,,
Functional adaptability,Self-adjusted learning,0,1,21,195,217,21,1,0.263248813069786,,-0.0222717701593687,1.0,-0.0,,-0.0222717701593687,,
Functional adaptability,Destillation learning,0,11,21,185,217,21,11,0.636961217012392,,-0.0756387501684538,0.6058620447014031,0.0725420845988937,,-0.0756387501684538,,
Functional adaptability,Federated learning,0,2,21,194,217,21,2,0.35082268041346987,,-0.03157020337064346,1.0,-0.0,,-0.03157020337064346,,
Functional adaptability,End-to-end learning,0,4,21,192,217,21,4,0.4571976885569208,,-0.04485613040162566,1.0,-0.0,,-0.04485613040162566,,
Functional adaptability,Adversarial training,0,28,21,168,217,21,28,0.8014234783671653,,-0.12598815766974242,0.0835543257606094,0.35934368698903496,,-0.12598815766974242,,
Functional adaptability,Adversarial generation decoupling,0,1,21,195,217,21,1,0.263248813069786,,-0.0222717701593687,1.0,-0.0,,-0.0222717701593687,,
Functional adaptability,Inclusion of wrong labeled data in training,0,1,21,195,217,21,1,0.263248813069786,,-0.0222717701593687,1.0,-0.0,,-0.0222717701593687,,
Functional adaptability,Standard training on fully labeled datasets,0,3,21,193,217,21,3,0.41089465787466506,,-0.03875567919966014,1.0,-0.0,,-0.03875567919966014,,
Functional adaptability,Training with gradient noise,0,2,21,194,217,21,2,0.35082268041346987,,-0.03157020337064346,1.0,-0.0,,-0.03157020337064346,,
Functional adaptability,Training loss function selection or adaptation,0,5,21,191,217,21,5,0.49496626555868906,,-0.050268819141666476,1.0,-0.0,,-0.050268819141666476,,
Functional adaptability,Label smooting,0,2,21,194,217,21,2,0.35082268041346987,,-0.03157020337064346,1.0,-0.0,,-0.03157020337064346,,
Functional adaptability,Training loss early stopping,0,1,21,195,217,21,1,0.263248813069786,,-0.0222717701593687,1.0,-0.0,,-0.0222717701593687,,
Functional adaptability,Weight initialization random,0,1,21,195,217,21,1,0.263248813069786,,-0.0222717701593687,1.0,-0.0,,-0.0222717701593687,,
Functional adaptability,Suppress redundant channel activations,0,1,21,195,217,21,1,0.263248813069786,,-0.0222717701593687,1.0,-0.0,,-0.0222717701593687,,
Functional adaptability,Regularization training,0,8,21,188,217,21,8,0.5785688077344482,,-0.06404031539506062,1.0,-0.0,,-0.06404031539506062,,
Functional adaptability,Training with uncertainty measures,0,1,21,195,217,21,1,0.263248813069786,,-0.0222717701593687,1.0,-0.0,,-0.0222717701593687,,
Functional adaptability,Fault-aware retraining,0,1,21,195,217,21,1,0.263248813069786,,-0.0222717701593687,1.0,-0.0,,-0.0222717701593687,,
Functional adaptability,Quantization-aware retraining,0,3,21,193,217,21,3,0.41089465787466506,,-0.03875567919966014,1.0,-0.0,,-0.03875567919966014,,
Functional adaptability,Training with adversarial noise,0,4,21,192,217,21,4,0.4571976885569208,,-0.04485613040162566,1.0,-0.0,,-0.04485613040162566,,
Functional adaptability,Data-driven augmentations,0,1,21,195,217,21,1,0.263248813069786,,-0.0222717701593687,1.0,-0.0,,-0.0222717701593687,,
Functional adaptability,Modular system design,0,2,21,194,217,21,2,0.35082268041346987,,-0.03157020337064346,1.0,-0.0,,-0.03157020337064346,,
Functional adaptability,Sensor ring architecture,0,1,21,195,217,21,1,0.263248813069786,,-0.0222717701593687,1.0,-0.0,,-0.0222717701593687,,
Functional adaptability,Containerization,0,3,21,193,217,21,3,0.41089465787466506,,-0.03875567919966014,1.0,-0.0,,-0.03875567919966014,,
Functional adaptability,TPU SoC or Accelerator Hardware ,0,5,21,191,217,21,5,0.49496626555868906,,-0.050268819141666476,1.0,-0.0,,-0.050268819141666476,,
Functional adaptability,Edge compute hardware,0,4,21,192,217,21,4,0.4571976885569208,,-0.04485613040162566,1.0,-0.0,,-0.04485613040162566,,
Functional adaptability,Library Encapsulation,0,1,21,195,217,21,1,0.263248813069786,,-0.0222717701593687,1.0,-0.0,,-0.0222717701593687,,
Functional adaptability,Network combination,0,3,21,193,217,21,3,0.41089465787466506,,-0.03875567919966014,1.0,-0.0,,-0.03875567919966014,,
Functional adaptability,Network partitioning,0,9,21,187,217,21,9,0.6000897527758478,,-0.06808809742524027,0.6050589211979143,0.07273411042981988,,-0.06808809742524027,,
Functional adaptability,Weight averaging,0,1,21,195,217,21,1,0.263248813069786,,-0.0222717701593687,1.0,-0.0,,-0.0222717701593687,,
Functional adaptability,Input resolution adjustment,0,3,21,193,217,21,3,0.41089465787466506,,-0.03875567919966014,1.0,-0.0,,-0.03875567919966014,,
Functional adaptability,Sensor or input data fusion,0,5,21,191,217,21,5,0.49496626555868906,,-0.050268819141666476,1.0,-0.0,,-0.050268819141666476,,
Functional adaptability,Sliding Window,0,1,21,195,217,21,1,0.263248813069786,,-0.0222717701593687,1.0,-0.0,,-0.0222717701593687,,
Functional adaptability,Frame rate reduction,0,2,21,194,217,21,2,0.35082268041346987,,-0.03157020337064346,1.0,-0.0,,-0.03157020337064346,,
Functional adaptability,Input spatial partitioning,0,1,21,195,217,21,1,0.263248813069786,,-0.0222717701593687,1.0,-0.0,,-0.0222717701593687,,
Functional adaptability,Input contrast improvement,0,1,21,195,217,21,1,0.263248813069786,,-0.0222717701593687,1.0,-0.0,,-0.0222717701593687,,
Functional adaptability,Input modification,0,2,21,194,217,21,2,0.35082268041346987,,-0.03157020337064346,1.0,-0.0,,-0.03157020337064346,,
Functional adaptability,Sequential input fusion,0,1,21,195,217,21,1,0.263248813069786,,-0.0222717701593687,1.0,-0.0,,-0.0222717701593687,,
Functional adaptability,Signal overwriting,0,1,21,195,217,21,1,0.263248813069786,,-0.0222717701593687,1.0,-0.0,,-0.0222717701593687,,
Functional adaptability,Denoising,0,2,21,194,217,21,2,0.35082268041346987,,-0.03157020337064346,1.0,-0.0,,-0.03157020337064346,,
Functional adaptability,Post-processing,0,1,21,195,217,21,1,0.263248813069786,,-0.0222717701593687,1.0,-0.0,,-0.0222717701593687,,
Functional adaptability,Decision smoothing,0,1,21,195,217,21,1,0.263248813069786,,-0.0222717701593687,1.0,-0.0,,-0.0222717701593687,,
Functional adaptability,Last stage reduction,0,1,21,195,217,21,1,0.263248813069786,,-0.0222717701593687,1.0,-0.0,,-0.0222717701593687,,
Functional adaptability,New or specific layer module,0,5,21,191,217,21,5,0.49496626555868906,,-0.050268819141666476,1.0,-0.0,,-0.050268819141666476,,
Functional adaptability,Model fusion,0,1,21,195,217,21,1,0.263248813069786,,-0.0222717701593687,1.0,-0.0,,-0.0222717701593687,,
Functional adaptability,Kernel regularization,0,1,21,195,217,21,1,0.263248813069786,,-0.0222717701593687,1.0,-0.0,,-0.0222717701593687,,
Functional adaptability,Early-exit inference,0,4,21,192,217,21,4,0.4571976885569208,,-0.04485613040162566,1.0,-0.0,,-0.04485613040162566,,
Functional adaptability,Additional side branches with uncertainty measures,0,2,21,194,217,21,2,0.35082268041346987,,-0.03157020337064346,1.0,-0.0,,-0.03157020337064346,,
Functional adaptability,Bottleneck module,0,2,21,194,217,21,2,0.35082268041346987,,-0.03157020337064346,1.0,-0.0,,-0.03157020337064346,,
Functional adaptability,Separation of convolutional kernels,0,2,21,194,217,21,2,0.35082268041346987,,-0.03157020337064346,1.0,-0.0,,-0.03157020337064346,,
Functional adaptability,Depthwise-separable convolution layers,0,2,21,194,217,21,2,0.35082268041346987,,-0.03157020337064346,1.0,-0.0,,-0.03157020337064346,,
Functional adaptability,Convolution unfolding,0,1,21,195,217,21,1,0.263248813069786,,-0.0222717701593687,1.0,-0.0,,-0.0222717701593687,,
Functional adaptability,Activation function selection,0,4,21,192,217,21,4,0.4571976885569208,,-0.04485613040162566,1.0,-0.0,,-0.04485613040162566,,
Functional adaptability,Layer fusion,0,1,21,195,217,21,1,0.263248813069786,,-0.0222717701593687,1.0,-0.0,,-0.0222717701593687,,
Functional adaptability,Multiscale feature processing architectures,0,1,21,195,217,21,1,0.263248813069786,,-0.0222717701593687,1.0,-0.0,,-0.0222717701593687,,
Functional adaptability,Architecture design through math. optimization,0,5,21,191,217,21,5,0.49496626555868906,,-0.050268819141666476,1.0,-0.0,,-0.050268819141666476,,
Functional adaptability,Neural architecture search,0,10,21,186,217,21,10,0.6194325242901088,,-0.07194430788361927,0.6033711388098708,0.07313848912393779,,-0.07194430788361927,,
Functional adaptability,Hardware and Software codesign,0,8,21,188,217,21,8,0.5785688077344482,,-0.06404031539506062,1.0,-0.0,,-0.06404031539506062,,
Functional adaptability,Architecture design optimization with reinforcement learning,0,2,21,194,217,21,2,0.35082268041346987,,-0.03157020337064346,1.0,-0.0,,-0.03157020337064346,,
Functional adaptability,Model format conversion,0,2,21,194,217,21,2,0.35082268041346987,,-0.03157020337064346,1.0,-0.0,,-0.03157020337064346,,
Functional adaptability,Normalization,0,3,21,193,217,21,3,0.41089465787466506,,-0.03875567919966014,1.0,-0.0,,-0.03875567919966014,,
Functional adaptability,Policy conversion,0,1,21,195,217,21,1,0.263248813069786,,-0.0222717701593687,1.0,-0.0,,-0.0222717701593687,,
Functional adaptability,Feature encoding,0,3,21,193,217,21,3,0.41089465787466506,,-0.03875567919966014,1.0,-0.0,,-0.03875567919966014,,
Functional adaptability,On-chip weight caching,0,2,21,194,217,21,2,0.35082268041346987,,-0.03157020337064346,1.0,-0.0,,-0.03157020337064346,,
Functional adaptability,Cache preloading,0,1,21,195,217,21,1,0.263248813069786,,-0.0222717701593687,1.0,-0.0,,-0.0222717701593687,,
Functional adaptability,Prediction/intermediate result caching,0,2,21,194,217,21,2,0.35082268041346987,,-0.03157020337064346,1.0,-0.0,,-0.03157020337064346,,
Functional adaptability,Relevant content caching,0,1,21,195,217,21,1,0.263248813069786,,-0.0222717701593687,1.0,-0.0,,-0.0222717701593687,,
Functional adaptability,Light communication protocol usage,0,1,21,195,217,21,1,0.263248813069786,,-0.0222717701593687,1.0,-0.0,,-0.0222717701593687,,
Functional adaptability,Cloud compression and edge reconstruction,0,1,21,195,217,21,1,0.263248813069786,,-0.0222717701593687,1.0,-0.0,,-0.0222717701593687,,
Functional adaptability,Deadline-aware scheduling,0,2,21,194,217,21,2,0.35082268041346987,,-0.03157020337064346,1.0,-0.0,,-0.03157020337064346,,
Functional adaptability,Memory scheduling,0,2,21,194,217,21,2,0.35082268041346987,,-0.03157020337064346,1.0,-0.0,,-0.03157020337064346,,
Functional adaptability,Multitask Scheduling,0,3,21,193,217,21,3,0.41089465787466506,,-0.03875567919966014,1.0,-0.0,,-0.03875567919966014,,
Functional adaptability,Adaptive model scheduling,0,1,21,195,217,21,1,0.263248813069786,,-0.0222717701593687,1.0,-0.0,,-0.0222717701593687,,
Functional adaptability,Adaptive batching,0,1,21,195,217,21,1,0.263248813069786,,-0.0222717701593687,1.0,-0.0,,-0.0222717701593687,,
Functional adaptability,Sensor duty cycle,0,2,21,194,217,21,2,0.35082268041346987,,-0.03157020337064346,1.0,-0.0,,-0.03157020337064346,,
Functional adaptability,Later local processing of encoded features,0,1,21,195,217,21,1,0.263248813069786,,-0.0222717701593687,1.0,-0.0,,-0.0222717701593687,,
Functional adaptability,Concurrent processing hardware,0,7,21,189,217,21,7,0.5543807436467375,,-0.05976143046671969,1.0,-0.0,,-0.05976143046671969,,
Functional adaptability,Straggler mitigation,0,1,21,195,217,21,1,0.263248813069786,,-0.0222717701593687,1.0,-0.0,,-0.0222717701593687,,
Functional adaptability,Prediction combination of multi-models,0,1,21,195,217,21,1,0.263248813069786,,-0.0222717701593687,1.0,-0.0,,-0.0222717701593687,,
Functional adaptability,Competing models ,0,1,21,195,217,21,1,0.263248813069786,,-0.0222717701593687,1.0,-0.0,,-0.0222717701593687,,
Functional adaptability,Task-level parallelism on CNN layer-level,0,9,21,187,217,21,9,0.6000897527758478,,-0.06808809742524027,0.6050589211979143,0.07273411042981988,,-0.06808809742524027,,
Functional adaptability,Data-level parallelsim in CNN layer,0,1,21,195,217,21,1,0.263248813069786,,-0.0222717701593687,1.0,-0.0,,-0.0222717701593687,,
Functional adaptability,Event-based processing,0,1,21,195,217,21,1,0.263248813069786,,-0.0222717701593687,1.0,-0.0,,-0.0222717701593687,,
Functional adaptability,Partial layer execution,0,2,21,194,217,21,2,0.35082268041346987,,-0.03157020337064346,1.0,-0.0,,-0.03157020337064346,,
Functional adaptability,Matrix-multiplication optimization,0,1,21,195,217,21,1,0.263248813069786,,-0.0222717701593687,1.0,-0.0,,-0.0222717701593687,,
Functional adaptability,Simultaneous memory loading,0,4,21,192,217,21,4,0.4571976885569208,,-0.04485613040162566,1.0,-0.0,,-0.04485613040162566,,
Functional adaptability,External computational offloading,0,11,21,185,217,21,11,0.636961217012392,,-0.0756387501684538,0.6058620447014031,0.0725420845988937,,-0.0756387501684538,,
Functional adaptability,Internal computation balancing,0,3,21,193,217,21,3,0.41089465787466506,,-0.03875567919966014,1.0,-0.0,,-0.03875567919966014,,
Functional adaptability,Quantitative sensor selection,0,1,21,195,217,21,1,0.263248813069786,,-0.0222717701593687,1.0,-0.0,,-0.0222717701593687,,
Functional adaptability,Independent model development,0,1,21,195,217,21,1,0.263248813069786,,-0.0222717701593687,1.0,-0.0,,-0.0222717701593687,,
Functional adaptability,Coupled semantic descriptions,0,1,21,195,217,21,1,0.263248813069786,,-0.0222717701593687,1.0,-0.0,,-0.0222717701593687,,
Functional adaptability,Merging of fault maps,0,1,21,195,217,21,1,0.263248813069786,,-0.0222717701593687,1.0,-0.0,,-0.0222717701593687,,
Functional adaptability,High-level synthesis,0,1,21,195,217,21,1,0.263248813069786,,-0.0222717701593687,1.0,-0.0,,-0.0222717701593687,,
Performance Efficiency,Huffman coding,0,1,15,201,217,15,1,0.22755841388363107,,-0.0185414233120827,1.0,-0.0,,-0.0185414233120827,,
Performance Efficiency,Ablation,0,1,15,201,217,15,1,0.22755841388363107,,-0.0185414233120827,1.0,-0.0,,-0.0185414233120827,,
Performance Efficiency,Parameter amount reduction,0,2,15,200,217,15,2,0.30590634059779964,,-0.02628244187844261,1.0,-0.0,,-0.02628244187844261,,
Performance Efficiency,Binary and ternary weights training,0,1,15,201,217,15,1,0.22755841388363107,,-0.0185414233120827,1.0,-0.0,,-0.0185414233120827,,
Performance Efficiency,Quantization-aware training,0,3,15,199,217,15,3,0.3605926808381029,,-0.03226440685433805,1.0,-0.0,,-0.03226440685433805,,
Performance Efficiency,Binary weights and activations,0,6,15,196,217,15,6,0.46871439086703215,,-0.045951991971399375,1.0,-0.0,,-0.045951991971399375,,
Performance Efficiency,Ternary weights and activations 2-bit,0,5,15,197,217,15,5,0.43861608620107184,,-0.04184918614168131,1.0,-0.0,,-0.04184918614168131,,
Performance Efficiency,Tenary weights,0,4,15,198,217,15,4,0.4033339960380281,,-0.037343080319489894,1.0,-0.0,,-0.037343080319489894,,
Performance Efficiency,Sparsification,0,10,15,192,217,15,10,0.5580226227593261,,-0.059894200497748164,1.0,-0.0,,-0.059894200497748164,,
Performance Efficiency,Weight sharing,0,1,15,201,217,15,1,0.22755841388363107,,-0.0185414233120827,1.0,-0.0,,-0.0185414233120827,,
Performance Efficiency,Weight grouping,0,1,15,201,217,15,1,0.22755841388363107,,-0.0185414233120827,1.0,-0.0,,-0.0185414233120827,,
Performance Efficiency,Node masking,0,1,15,201,217,15,1,0.22755841388363107,,-0.0185414233120827,1.0,-0.0,,-0.0185414233120827,,
Performance Efficiency,Diagonal scalar weight matrix,0,1,15,201,217,15,1,0.22755841388363107,,-0.0185414233120827,1.0,-0.0,,-0.0185414233120827,,
Performance Efficiency,Matrix reusing,0,1,15,201,217,15,1,0.22755841388363107,,-0.0185414233120827,1.0,-0.0,,-0.0185414233120827,,
Performance Efficiency,Smaller computation datatype,0,7,15,195,217,15,7,0.49496626555868906,,-0.04975185951049946,1.0,-0.0,,-0.04975185951049946,,
Performance Efficiency,Tensor or matrix decomposition,0,6,15,196,217,15,6,0.46871439086703215,,-0.045951991971399375,1.0,-0.0,,-0.045951991971399375,,
Performance Efficiency,Continous learning,0,1,15,201,217,15,1,0.22755841388363107,,-0.0185414233120827,1.0,-0.0,,-0.0185414233120827,,
Performance Efficiency,Meta-learning,0,10,15,192,217,15,10,0.5580226227593261,,-0.059894200497748164,1.0,-0.0,,-0.059894200497748164,,
Performance Efficiency,Self-supervision learning,0,3,15,199,217,15,3,0.3605926808381029,,-0.03226440685433805,1.0,-0.0,,-0.03226440685433805,,
Performance Efficiency,Self-adjusted learning,0,1,15,201,217,15,1,0.22755841388363107,,-0.0185414233120827,1.0,-0.0,,-0.0185414233120827,,
Performance Efficiency,Destillation learning,0,11,15,191,217,15,11,0.5752900605933942,,-0.0629698526715544,1.0,-0.0,,-0.0629698526715544,,
Performance Efficiency,Transfer learning,0,5,15,197,217,15,5,0.43861608620107184,,-0.04184918614168131,1.0,-0.0,,-0.04184918614168131,,
Performance Efficiency,Federated learning,0,2,15,200,217,15,2,0.30590634059779964,,-0.02628244187844261,1.0,-0.0,,-0.02628244187844261,,
Performance Efficiency,Few-shot learning,0,4,15,198,217,15,4,0.4033339960380281,,-0.037343080319489894,1.0,-0.0,,-0.037343080319489894,,
Performance Efficiency,Online training,0,1,15,201,217,15,1,0.22755841388363107,,-0.0185414233120827,1.0,-0.0,,-0.0185414233120827,,
Performance Efficiency,Test-time training,0,1,15,201,217,15,1,0.22755841388363107,,-0.0185414233120827,1.0,-0.0,,-0.0185414233120827,,
Performance Efficiency,Fault tolerant training,0,4,15,198,217,15,4,0.4033339960380281,,-0.037343080319489894,1.0,-0.0,,-0.037343080319489894,,
Performance Efficiency,Adversarial training,0,28,15,174,217,15,28,0.7449409270762635,,-0.1048861292545921,0.2272525884256854,0.21449705380931047,,-0.1048861292545921,,
Performance Efficiency,Adversarial generation decoupling,0,1,15,201,217,15,1,0.22755841388363107,,-0.0185414233120827,1.0,-0.0,,-0.0185414233120827,,
Performance Efficiency,Incremental training with sensor data,0,2,15,200,217,15,2,0.30590634059779964,,-0.02628244187844261,1.0,-0.0,,-0.02628244187844261,,
Performance Efficiency,Inclusion of wrong labeled data in training,0,1,15,201,217,15,1,0.22755841388363107,,-0.0185414233120827,1.0,-0.0,,-0.0185414233120827,,
Performance Efficiency,Training with unlabed data,0,2,15,200,217,15,2,0.30590634059779964,,-0.02628244187844261,1.0,-0.0,,-0.02628244187844261,,
Performance Efficiency,Standard training on fully labeled datasets,0,3,15,199,217,15,3,0.3605926808381029,,-0.03226440685433805,1.0,-0.0,,-0.03226440685433805,,
Performance Efficiency,On-device local training,0,3,15,199,217,15,3,0.3605926808381029,,-0.03226440685433805,1.0,-0.0,,-0.03226440685433805,,
Performance Efficiency,Training with gradient noise,0,2,15,200,217,15,2,0.30590634059779964,,-0.02628244187844261,1.0,-0.0,,-0.02628244187844261,,
Performance Efficiency,Contrastive representation learning,0,1,15,201,217,15,1,0.22755841388363107,,-0.0185414233120827,1.0,-0.0,,-0.0185414233120827,,
Performance Efficiency,Training optimization algorithm selection or adaptation,0,11,15,191,217,15,11,0.5752900605933942,,-0.0629698526715544,1.0,-0.0,,-0.0629698526715544,,
Performance Efficiency,Training loss function selection or adaptation,0,5,15,197,217,15,5,0.43861608620107184,,-0.04184918614168131,1.0,-0.0,,-0.04184918614168131,,
Performance Efficiency,Label smooting,0,2,15,200,217,15,2,0.30590634059779964,,-0.02628244187844261,1.0,-0.0,,-0.02628244187844261,,
Performance Efficiency,Training loss early stopping,0,1,15,201,217,15,1,0.22755841388363107,,-0.0185414233120827,1.0,-0.0,,-0.0185414233120827,,
Performance Efficiency,Weight initialization random,0,1,15,201,217,15,1,0.22755841388363107,,-0.0185414233120827,1.0,-0.0,,-0.0185414233120827,,
Performance Efficiency,Pretraining,0,3,15,199,217,15,3,0.3605926808381029,,-0.03226440685433805,1.0,-0.0,,-0.03226440685433805,,
Performance Efficiency,Suppress redundant channel activations,0,1,15,201,217,15,1,0.22755841388363107,,-0.0185414233120827,1.0,-0.0,,-0.0185414233120827,,
Performance Efficiency,Regularization training,0,8,15,194,217,15,8,0.5182339919776623,,-0.053314064768202635,1.0,-0.0,,-0.053314064768202635,,
Performance Efficiency,Training with uncertainty measures,0,1,15,201,217,15,1,0.22755841388363107,,-0.0185414233120827,1.0,-0.0,,-0.0185414233120827,,
Performance Efficiency,Finetuning ,0,10,15,192,217,15,10,0.5580226227593261,,-0.059894200497748164,1.0,-0.0,,-0.059894200497748164,,
Performance Efficiency,Fault-aware retraining,0,1,15,201,217,15,1,0.22755841388363107,,-0.0185414233120827,1.0,-0.0,,-0.0185414233120827,,
Performance Efficiency,Retraining for fine tuning,0,4,15,198,217,15,4,0.4033339960380281,,-0.037343080319489894,1.0,-0.0,,-0.037343080319489894,,
Performance Efficiency,Automatic retraining and deployment triggering,0,1,15,201,217,15,1,0.22755841388363107,,-0.0185414233120827,1.0,-0.0,,-0.0185414233120827,,
Performance Efficiency,Training with adversarial noise,0,4,15,198,217,15,4,0.4033339960380281,,-0.037343080319489894,1.0,-0.0,,-0.037343080319489894,,
Performance Efficiency,Heuristics-driven augmentation,0,5,15,197,217,15,5,0.43861608620107184,,-0.04184918614168131,1.0,-0.0,,-0.04184918614168131,,
Performance Efficiency,Data-driven augmentations,0,1,15,201,217,15,1,0.22755841388363107,,-0.0185414233120827,1.0,-0.0,,-0.0185414233120827,,
Performance Efficiency,Modular system design,0,2,15,200,217,15,2,0.30590634059779964,,-0.02628244187844261,1.0,-0.0,,-0.02628244187844261,,
Performance Efficiency,Sensor ring architecture,0,1,15,201,217,15,1,0.22755841388363107,,-0.0185414233120827,1.0,-0.0,,-0.0185414233120827,,
Performance Efficiency,Containerization,0,3,15,199,217,15,3,0.3605926808381029,,-0.03226440685433805,1.0,-0.0,,-0.03226440685433805,,
Performance Efficiency,TPU SoC or Accelerator Hardware ,0,5,15,197,217,15,5,0.43861608620107184,,-0.04184918614168131,1.0,-0.0,,-0.04184918614168131,,
Performance Efficiency,Edge compute hardware,0,4,15,198,217,15,4,0.4033339960380281,,-0.037343080319489894,1.0,-0.0,,-0.037343080319489894,,
Performance Efficiency,Library Encapsulation,0,1,15,201,217,15,1,0.22755841388363107,,-0.0185414233120827,1.0,-0.0,,-0.0185414233120827,,
Performance Efficiency,Deployment pipeline creation,0,3,15,199,217,15,3,0.3605926808381029,,-0.03226440685433805,1.0,-0.0,,-0.03226440685433805,,
Performance Efficiency,Model pool for deployment,0,1,15,201,217,15,1,0.22755841388363107,,-0.0185414233120827,1.0,-0.0,,-0.0185414233120827,,
Performance Efficiency,Network combination,0,3,15,199,217,15,3,0.3605926808381029,,-0.03226440685433805,1.0,-0.0,,-0.03226440685433805,,
Performance Efficiency,Weight averaging,0,1,15,201,217,15,1,0.22755841388363107,,-0.0185414233120827,1.0,-0.0,,-0.0185414233120827,,
Performance Efficiency,Input resolution adjustment,0,3,15,199,217,15,3,0.3605926808381029,,-0.03226440685433805,1.0,-0.0,,-0.03226440685433805,,
Performance Efficiency,Sensor or input data fusion,0,5,15,197,217,15,5,0.43861608620107184,,-0.04184918614168131,1.0,-0.0,,-0.04184918614168131,,
Performance Efficiency,Sliding Window,0,1,15,201,217,15,1,0.22755841388363107,,-0.0185414233120827,1.0,-0.0,,-0.0185414233120827,,
Performance Efficiency,Frame rate reduction,0,2,15,200,217,15,2,0.30590634059779964,,-0.02628244187844261,1.0,-0.0,,-0.02628244187844261,,
Performance Efficiency,Input spatial partitioning,0,1,15,201,217,15,1,0.22755841388363107,,-0.0185414233120827,1.0,-0.0,,-0.0185414233120827,,
Performance Efficiency,Input contrast improvement,0,1,15,201,217,15,1,0.22755841388363107,,-0.0185414233120827,1.0,-0.0,,-0.0185414233120827,,
Performance Efficiency,Input modification,0,2,15,200,217,15,2,0.30590634059779964,,-0.02628244187844261,1.0,-0.0,,-0.02628244187844261,,
Performance Efficiency,Sequential input fusion,0,1,15,201,217,15,1,0.22755841388363107,,-0.0185414233120827,1.0,-0.0,,-0.0185414233120827,,
Performance Efficiency,Signal overwriting,0,1,15,201,217,15,1,0.22755841388363107,,-0.0185414233120827,1.0,-0.0,,-0.0185414233120827,,
Performance Efficiency,Denoising,0,2,15,200,217,15,2,0.30590634059779964,,-0.02628244187844261,1.0,-0.0,,-0.02628244187844261,,
Performance Efficiency,Post-processing,0,1,15,201,217,15,1,0.22755841388363107,,-0.0185414233120827,1.0,-0.0,,-0.0185414233120827,,
Performance Efficiency,Decision smoothing,0,1,15,201,217,15,1,0.22755841388363107,,-0.0185414233120827,1.0,-0.0,,-0.0185414233120827,,
Performance Efficiency,Width adjustment,0,15,15,187,217,15,15,0.6321205588285577,,-0.07425742574257425,0.6064191400915588,0.07240903324969379,,-0.07425742574257425,,
Performance Efficiency,Depth adjustment,0,12,15,190,217,15,12,0.591158280202196,,-0.06593008524966987,1.0,-0.0,,-0.06593008524966987,,
Performance Efficiency,Last stage reduction,0,1,15,201,217,15,1,0.22755841388363107,,-0.0185414233120827,1.0,-0.0,,-0.0185414233120827,,
Performance Efficiency,Kernel regularization,0,1,15,201,217,15,1,0.22755841388363107,,-0.0185414233120827,1.0,-0.0,,-0.0185414233120827,,
Performance Efficiency,Regularization,0,7,15,195,217,15,7,0.49496626555868906,,-0.04975185951049946,1.0,-0.0,,-0.04975185951049946,,
Performance Efficiency,Early-exit inference,0,4,15,198,217,15,4,0.4033339960380281,,-0.037343080319489894,1.0,-0.0,,-0.037343080319489894,,
Performance Efficiency,Additional side branches with uncertainty measures,0,2,15,200,217,15,2,0.30590634059779964,,-0.02628244187844261,1.0,-0.0,,-0.02628244187844261,,
Performance Efficiency,Tuner and meta-tuner blocks,0,2,15,200,217,15,2,0.30590634059779964,,-0.02628244187844261,1.0,-0.0,,-0.02628244187844261,,
Performance Efficiency,Adapter module,0,2,15,200,217,15,2,0.30590634059779964,,-0.02628244187844261,1.0,-0.0,,-0.02628244187844261,,
Performance Efficiency,Bottleneck module,0,2,15,200,217,15,2,0.30590634059779964,,-0.02628244187844261,1.0,-0.0,,-0.02628244187844261,,
Performance Efficiency,Separation of convolutional kernels,0,2,15,200,217,15,2,0.30590634059779964,,-0.02628244187844261,1.0,-0.0,,-0.02628244187844261,,
Performance Efficiency,Depthwise-separable convolution layers,0,2,15,200,217,15,2,0.30590634059779964,,-0.02628244187844261,1.0,-0.0,,-0.02628244187844261,,
Performance Efficiency,Convolution unfolding,0,1,15,201,217,15,1,0.22755841388363107,,-0.0185414233120827,1.0,-0.0,,-0.0185414233120827,,
Performance Efficiency,Activation function selection,0,4,15,198,217,15,4,0.4033339960380281,,-0.037343080319489894,1.0,-0.0,,-0.037343080319489894,,
Performance Efficiency,Layer fusion,0,1,15,201,217,15,1,0.22755841388363107,,-0.0185414233120827,1.0,-0.0,,-0.0185414233120827,,
Performance Efficiency,Fault-map-based neuron re-mapping,0,1,15,201,217,15,1,0.22755841388363107,,-0.0185414233120827,1.0,-0.0,,-0.0185414233120827,,
Performance Efficiency,Multiscale feature processing architectures,0,1,15,201,217,15,1,0.22755841388363107,,-0.0185414233120827,1.0,-0.0,,-0.0185414233120827,,
Performance Efficiency,Architecture design through math. optimization,0,5,15,197,217,15,5,0.43861608620107184,,-0.04184918614168131,1.0,-0.0,,-0.04184918614168131,,
Performance Efficiency,Architecture design optimization with reinforcement learning,0,2,15,200,217,15,2,0.30590634059779964,,-0.02628244187844261,1.0,-0.0,,-0.02628244187844261,,
Performance Efficiency,Model format conversion,0,2,15,200,217,15,2,0.30590634059779964,,-0.02628244187844261,1.0,-0.0,,-0.02628244187844261,,
Performance Efficiency,Policy conversion,0,1,15,201,217,15,1,0.22755841388363107,,-0.0185414233120827,1.0,-0.0,,-0.0185414233120827,,
Performance Efficiency,Feature encoding,0,3,15,199,217,15,3,0.3605926808381029,,-0.03226440685433805,1.0,-0.0,,-0.03226440685433805,,
Performance Efficiency,On-chip weight caching,0,2,15,200,217,15,2,0.30590634059779964,,-0.02628244187844261,1.0,-0.0,,-0.02628244187844261,,
Performance Efficiency,Cache preloading,0,1,15,201,217,15,1,0.22755841388363107,,-0.0185414233120827,1.0,-0.0,,-0.0185414233120827,,
Performance Efficiency,Prediction/intermediate result caching,0,2,15,200,217,15,2,0.30590634059779964,,-0.02628244187844261,1.0,-0.0,,-0.02628244187844261,,
Performance Efficiency,Relevant content caching,0,1,15,201,217,15,1,0.22755841388363107,,-0.0185414233120827,1.0,-0.0,,-0.0185414233120827,,
Performance Efficiency,Light communication protocol usage,0,1,15,201,217,15,1,0.22755841388363107,,-0.0185414233120827,1.0,-0.0,,-0.0185414233120827,,
Performance Efficiency,Cloud compression and edge reconstruction,0,1,15,201,217,15,1,0.22755841388363107,,-0.0185414233120827,1.0,-0.0,,-0.0185414233120827,,
Performance Efficiency,Deadline-aware scheduling,0,2,15,200,217,15,2,0.30590634059779964,,-0.02628244187844261,1.0,-0.0,,-0.02628244187844261,,
Performance Efficiency,Memory scheduling,0,2,15,200,217,15,2,0.30590634059779964,,-0.02628244187844261,1.0,-0.0,,-0.02628244187844261,,
Performance Efficiency,Multitask Scheduling,0,3,15,199,217,15,3,0.3605926808381029,,-0.03226440685433805,1.0,-0.0,,-0.03226440685433805,,
Performance Efficiency,Adaptive model scheduling,0,1,15,201,217,15,1,0.22755841388363107,,-0.0185414233120827,1.0,-0.0,,-0.0185414233120827,,
Performance Efficiency,Adaptive batching,0,1,15,201,217,15,1,0.22755841388363107,,-0.0185414233120827,1.0,-0.0,,-0.0185414233120827,,
Performance Efficiency,Sensor duty cycle,0,2,15,200,217,15,2,0.30590634059779964,,-0.02628244187844261,1.0,-0.0,,-0.02628244187844261,,
Performance Efficiency,Later local processing of encoded features,0,1,15,201,217,15,1,0.22755841388363107,,-0.0185414233120827,1.0,-0.0,,-0.0185414233120827,,
Performance Efficiency,Concurrent processing hardware,0,7,15,195,217,15,7,0.49496626555868906,,-0.04975185951049946,1.0,-0.0,,-0.04975185951049946,,
Performance Efficiency,Straggler mitigation,0,1,15,201,217,15,1,0.22755841388363107,,-0.0185414233120827,1.0,-0.0,,-0.0185414233120827,,
Performance Efficiency,Prediction combination of multi-models,0,1,15,201,217,15,1,0.22755841388363107,,-0.0185414233120827,1.0,-0.0,,-0.0185414233120827,,
Performance Efficiency,Competing models ,0,1,15,201,217,15,1,0.22755841388363107,,-0.0185414233120827,1.0,-0.0,,-0.0185414233120827,,
Performance Efficiency,Task-level parallelism on CNN layer-level,0,9,15,193,217,15,9,0.5391103655178987,,-0.05668387505088606,1.0,-0.0,,-0.05668387505088606,,
Performance Efficiency,Data-level parallelsim in CNN layer,0,1,15,201,217,15,1,0.22755841388363107,,-0.0185414233120827,1.0,-0.0,,-0.0185414233120827,,
Performance Efficiency,Event-based processing,0,1,15,201,217,15,1,0.22755841388363107,,-0.0185414233120827,1.0,-0.0,,-0.0185414233120827,,
Performance Efficiency,Partial layer execution,0,2,15,200,217,15,2,0.30590634059779964,,-0.02628244187844261,1.0,-0.0,,-0.02628244187844261,,
Performance Efficiency,Matrix-multiplication optimization,0,1,15,201,217,15,1,0.22755841388363107,,-0.0185414233120827,1.0,-0.0,,-0.0185414233120827,,
Performance Efficiency,Simultaneous memory loading,0,4,15,198,217,15,4,0.4033339960380281,,-0.037343080319489894,1.0,-0.0,,-0.037343080319489894,,
Performance Efficiency,External computational offloading,0,11,15,191,217,15,11,0.5752900605933942,,-0.0629698526715544,1.0,-0.0,,-0.0629698526715544,,
Performance Efficiency,Internal computation balancing,0,3,15,199,217,15,3,0.3605926808381029,,-0.03226440685433805,1.0,-0.0,,-0.03226440685433805,,
Performance Efficiency,Quantitative sensor selection,0,1,15,201,217,15,1,0.22755841388363107,,-0.0185414233120827,1.0,-0.0,,-0.0185414233120827,,
Performance Efficiency,Out-of-distribution detection,0,3,15,199,217,15,3,0.3605926808381029,,-0.03226440685433805,1.0,-0.0,,-0.03226440685433805,,
Performance Efficiency,Failure prevention or mitigation,0,3,15,199,217,15,3,0.3605926808381029,,-0.03226440685433805,1.0,-0.0,,-0.03226440685433805,,
Performance Efficiency,Independent model development,0,1,15,201,217,15,1,0.22755841388363107,,-0.0185414233120827,1.0,-0.0,,-0.0185414233120827,,
Performance Efficiency,Coupled semantic descriptions,0,1,15,201,217,15,1,0.22755841388363107,,-0.0185414233120827,1.0,-0.0,,-0.0185414233120827,,
Performance Efficiency,Test time adaption,0,2,15,200,217,15,2,0.30590634059779964,,-0.02628244187844261,1.0,-0.0,,-0.02628244187844261,,
Performance Efficiency,Merging of fault maps,0,1,15,201,217,15,1,0.22755841388363107,,-0.0185414233120827,1.0,-0.0,,-0.0185414233120827,,
Performance Efficiency,High-level synthesis,0,1,15,201,217,15,1,0.22755841388363107,,-0.0185414233120827,1.0,-0.0,,-0.0185414233120827,,
Performance Efficiency,Post-hoc uncertainty calibration ,0,1,15,201,217,15,1,0.22755841388363107,,-0.0185414233120827,1.0,-0.0,,-0.0185414233120827,,
Time behaviour,Post-training quantization,0,1,85,131,217,85,1,0.459162436295519,,-0.05460037452131225,1.0,-0.0,,-0.05460037452131225,,
Time behaviour,Tenary weights,0,4,85,128,217,85,4,0.7074947296862014,,-0.10996707949032661,0.15699930768183806,0.2680340875634197,,-0.10996707949032661,,
Time behaviour,Weight sharing,0,1,85,131,217,85,1,0.459162436295519,,-0.05460037452131225,1.0,-0.0,,-0.05460037452131225,,
Time behaviour,Diagonal scalar weight matrix,0,1,85,131,217,85,1,0.459162436295519,,-0.05460037452131225,1.0,-0.0,,-0.05460037452131225,,
Time behaviour,Matrix reusing,0,1,85,131,217,85,1,0.459162436295519,,-0.05460037452131225,1.0,-0.0,,-0.05460037452131225,,
Time behaviour,Continous learning,0,1,85,131,217,85,1,0.459162436295519,,-0.05460037452131225,1.0,-0.0,,-0.05460037452131225,,
Time behaviour,Self-supervision learning,0,3,85,129,217,85,3,0.6551277756808033,,-0.09501151385756108,0.2818740399385561,0.18331497332669458,,-0.09501151385756108,,
Time behaviour,Self-adjusted learning,0,1,85,131,217,85,1,0.459162436295519,,-0.05460037452131225,1.0,-0.0,,-0.05460037452131225,,
Time behaviour,Federated learning,0,2,85,130,217,85,2,0.5807244707051901,,-0.07739595530200942,0.5212493599590373,0.09431815509570483,,-0.07739595530200942,,
Time behaviour,Few-shot learning,0,4,85,128,217,85,4,0.7074947296862014,,-0.10996707949032661,0.15699930768183806,0.2680340875634197,,-0.10996707949032661,,
Time behaviour,Online training,0,1,85,131,217,85,1,0.459162436295519,,-0.05460037452131225,1.0,-0.0,,-0.05460037452131225,,
Time behaviour,Test-time training,0,1,85,131,217,85,1,0.459162436295519,,-0.05460037452131225,1.0,-0.0,,-0.05460037452131225,,
Time behaviour,Fault tolerant training,0,4,85,128,217,85,4,0.7074947296862014,,-0.10996707949032661,0.15699930768183806,0.2680340875634197,,-0.10996707949032661,,
Time behaviour,Adversarial training,0,28,85,104,217,85,28,0.9613167882524599,,-0.3088663606347607,3.3778556673589504e-07,1.0,,-0.3088663606347607,,
Time behaviour,Adversarial generation decoupling,0,1,85,131,217,85,1,0.459162436295519,,-0.05460037452131225,1.0,-0.0,,-0.05460037452131225,,
Time behaviour,Inclusion of wrong labeled data in training,0,1,85,131,217,85,1,0.459162436295519,,-0.05460037452131225,1.0,-0.0,,-0.05460037452131225,,
Time behaviour,Training with unlabed data,0,2,85,130,217,85,2,0.5807244707051901,,-0.07739595530200942,0.5212493599590373,0.09431815509570483,,-0.07739595530200942,,
Time behaviour,Standard training on fully labeled datasets,0,3,85,129,217,85,3,0.6551277756808033,,-0.09501151385756108,0.2818740399385561,0.18331497332669458,,-0.09501151385756108,,
Time behaviour,Training with gradient noise,0,2,85,130,217,85,2,0.5807244707051901,,-0.07739595530200942,0.5212493599590373,0.09431815509570483,,-0.07739595530200942,,
Time behaviour,Contrastive representation learning,0,1,85,131,217,85,1,0.459162436295519,,-0.05460037452131225,1.0,-0.0,,-0.05460037452131225,,
Time behaviour,Label smooting,0,2,85,130,217,85,2,0.5807244707051901,,-0.07739595530200942,0.5212493599590373,0.09431815509570483,,-0.07739595530200942,,
Time behaviour,Training loss early stopping,0,1,85,131,217,85,1,0.459162436295519,,-0.05460037452131225,1.0,-0.0,,-0.05460037452131225,,
Time behaviour,Weight initialization random,0,1,85,131,217,85,1,0.459162436295519,,-0.05460037452131225,1.0,-0.0,,-0.05460037452131225,,
Time behaviour,Pretraining,0,3,85,129,217,85,3,0.6551277756808033,,-0.09501151385756108,0.2818740399385561,0.18331497332669458,,-0.09501151385756108,,
Time behaviour,Suppress redundant channel activations,0,1,85,131,217,85,1,0.459162436295519,,-0.05460037452131225,1.0,-0.0,,-0.05460037452131225,,
Time behaviour,Training with uncertainty measures,0,1,85,131,217,85,1,0.459162436295519,,-0.05460037452131225,1.0,-0.0,,-0.05460037452131225,,
Time behaviour,Fault-aware retraining,0,1,85,131,217,85,1,0.459162436295519,,-0.05460037452131225,1.0,-0.0,,-0.05460037452131225,,
Time behaviour,Automatic retraining and deployment triggering,0,1,85,131,217,85,1,0.459162436295519,,-0.05460037452131225,1.0,-0.0,,-0.05460037452131225,,
Time behaviour,Training with adversarial noise,0,4,85,128,217,85,4,0.7074947296862014,,-0.10996707949032661,0.15699930768183806,0.2680340875634197,,-0.10996707949032661,,
Time behaviour,Heuristics-driven augmentation,0,5,85,127,217,85,5,0.7470006961583802,,-0.12323656055351909,0.15919630430683823,0.26602233949797766,,-0.12323656055351909,,
Time behaviour,Data-driven augmentations,0,1,85,131,217,85,1,0.459162436295519,,-0.05460037452131225,1.0,-0.0,,-0.05460037452131225,,
Time behaviour,Library Encapsulation,0,1,85,131,217,85,1,0.459162436295519,,-0.05460037452131225,1.0,-0.0,,-0.05460037452131225,,
Time behaviour,Weight averaging,0,1,85,131,217,85,1,0.459162436295519,,-0.05460037452131225,1.0,-0.0,,-0.05460037452131225,,
Time behaviour,Frame rate reduction,0,2,85,130,217,85,2,0.5807244707051901,,-0.07739595530200942,0.5212493599590373,0.09431815509570483,,-0.07739595530200942,,
Time behaviour,Input spatial partitioning,0,1,85,131,217,85,1,0.459162436295519,,-0.05460037452131225,1.0,-0.0,,-0.05460037452131225,,
Time behaviour,Input contrast improvement,0,1,85,131,217,85,1,0.459162436295519,,-0.05460037452131225,1.0,-0.0,,-0.05460037452131225,,
Time behaviour,Input modification,0,2,85,130,217,85,2,0.5807244707051901,,-0.07739595530200942,0.5212493599590373,0.09431815509570483,,-0.07739595530200942,,
Time behaviour,Sequential input fusion,0,1,85,131,217,85,1,0.459162436295519,,-0.05460037452131225,1.0,-0.0,,-0.05460037452131225,,
Time behaviour,Denoising,0,2,85,130,217,85,2,0.5807244707051901,,-0.07739595530200942,0.5212493599590373,0.09431815509570483,,-0.07739595530200942,,
Time behaviour,Post-processing,0,1,85,131,217,85,1,0.459162436295519,,-0.05460037452131225,1.0,-0.0,,-0.05460037452131225,,
Time behaviour,Decision smoothing,0,1,85,131,217,85,1,0.459162436295519,,-0.05460037452131225,1.0,-0.0,,-0.05460037452131225,,
Time behaviour,Last stage reduction,0,1,85,131,217,85,1,0.459162436295519,,-0.05460037452131225,1.0,-0.0,,-0.05460037452131225,,
Time behaviour,Kernel regularization,0,1,85,131,217,85,1,0.459162436295519,,-0.05460037452131225,1.0,-0.0,,-0.05460037452131225,,
Time behaviour,Regularization,0,7,85,125,217,85,7,0.8033195186411726,,-0.1465081788319221,0.044277736613626995,0.45127152915404717,,-0.1465081788319221,,
Time behaviour,Depthwise-separable convolution layers,0,2,85,130,217,85,2,0.5807244707051901,,-0.07739595530200942,0.5212493599590373,0.09431815509570483,,-0.07739595530200942,,
Time behaviour,Layer fusion,0,1,85,131,217,85,1,0.459162436295519,,-0.05460037452131225,1.0,-0.0,,-0.05460037452131225,,
Time behaviour,Fault-map-based neuron re-mapping,0,1,85,131,217,85,1,0.459162436295519,,-0.05460037452131225,1.0,-0.0,,-0.05460037452131225,,
Time behaviour,Multiscale feature processing architectures,0,1,85,131,217,85,1,0.459162436295519,,-0.05460037452131225,1.0,-0.0,,-0.05460037452131225,,
Time behaviour,Light communication protocol usage,0,1,85,131,217,85,1,0.459162436295519,,-0.05460037452131225,1.0,-0.0,,-0.05460037452131225,,
Time behaviour,Sensor duty cycle,0,2,85,130,217,85,2,0.5807244707051901,,-0.07739595530200942,0.5212493599590373,0.09431815509570483,,-0.07739595530200942,,
Time behaviour,Data-level parallelsim in CNN layer,0,1,85,131,217,85,1,0.459162436295519,,-0.05460037452131225,1.0,-0.0,,-0.05460037452131225,,
Time behaviour,Quantitative sensor selection,0,1,85,131,217,85,1,0.459162436295519,,-0.05460037452131225,1.0,-0.0,,-0.05460037452131225,,
Time behaviour,Failure prevention or mitigation,0,3,85,129,217,85,3,0.6551277756808033,,-0.09501151385756108,0.2818740399385561,0.18331497332669458,,-0.09501151385756108,,
Time behaviour,Independent model development,0,1,85,131,217,85,1,0.459162436295519,,-0.05460037452131225,1.0,-0.0,,-0.05460037452131225,,
Time behaviour,Coupled semantic descriptions,0,1,85,131,217,85,1,0.459162436295519,,-0.05460037452131225,1.0,-0.0,,-0.05460037452131225,,
Time behaviour,Merging of fault maps,0,1,85,131,217,85,1,0.459162436295519,,-0.05460037452131225,1.0,-0.0,,-0.05460037452131225,,
Ressource utilization,Post-training quantization,0,1,118,98,217,118,1,0.5152807230730613,,-0.07428421371350238,0.456221198156682,0.11360817975032654,,-0.07428421371350238,,
Ressource utilization,Continous learning,0,1,118,98,217,118,1,0.5152807230730613,,-0.07428421371350238,0.456221198156682,0.11360817975032654,,-0.07428421371350238,,
Ressource utilization,Self-supervision learning,0,3,118,96,217,118,3,0.7147319025693362,,-0.12926386792243627,0.0933858464616154,0.3432396467862587,,-0.12926386792243627,,
Ressource utilization,Self-adjusted learning,0,1,118,98,217,118,1,0.5152807230730613,,-0.07428421371350238,0.456221198156682,0.11360817975032654,,-0.07428421371350238,,
Ressource utilization,Federated learning,0,2,118,97,217,118,2,0.6408994213574218,,-0.10529777010908621,0.20698924731182794,0.22801740490313857,,-0.10529777010908621,,
Ressource utilization,Online training,0,1,118,98,217,118,1,0.5152807230730613,,-0.07428421371350238,0.456221198156682,0.11360817975032654,,-0.07428421371350238,,
Ressource utilization,Test-time training,0,1,118,98,217,118,1,0.5152807230730613,,-0.07428421371350238,0.456221198156682,0.11360817975032654,,-0.07428421371350238,,
Ressource utilization,Adversarial generation decoupling,0,1,118,98,217,118,1,0.5152807230730613,,-0.07428421371350238,0.456221198156682,0.11360817975032654,,-0.07428421371350238,,
Ressource utilization,Inclusion of wrong labeled data in training,0,1,118,98,217,118,1,0.5152807230730613,,-0.07428421371350238,0.456221198156682,0.11360817975032654,,-0.07428421371350238,,
Ressource utilization,Training loss early stopping,0,1,118,98,217,118,1,0.5152807230730613,,-0.07428421371350238,0.456221198156682,0.11360817975032654,,-0.07428421371350238,,
Ressource utilization,Weight initialization random,0,1,118,98,217,118,1,0.5152807230730613,,-0.07428421371350238,0.456221198156682,0.11360817975032654,,-0.07428421371350238,,
Ressource utilization,Pretraining,0,3,118,96,217,118,3,0.7147319025693362,,-0.12926386792243627,0.0933858464616154,0.3432396467862587,,-0.12926386792243627,,
Ressource utilization,Suppress redundant channel activations,0,1,118,98,217,118,1,0.5152807230730613,,-0.07428421371350238,0.456221198156682,0.11360817975032654,,-0.07428421371350238,,
Ressource utilization,Training with uncertainty measures,0,1,118,98,217,118,1,0.5152807230730613,,-0.07428421371350238,0.456221198156682,0.11360817975032654,,-0.07428421371350238,,
Ressource utilization,Fault-aware retraining,0,1,118,98,217,118,1,0.5152807230730613,,-0.07428421371350238,0.456221198156682,0.11360817975032654,,-0.07428421371350238,,
Ressource utilization,Automatic retraining and deployment triggering,0,1,118,98,217,118,1,0.5152807230730613,,-0.07428421371350238,0.456221198156682,0.11360817975032654,,-0.07428421371350238,,
Ressource utilization,Heuristics-driven augmentation,0,5,118,94,217,118,5,0.8019682102467025,,-0.1676642528871535,0.018684544770521967,0.5761724929394295,,-0.1676642528871535,,
Ressource utilization,Data-driven augmentations,0,1,118,98,217,118,1,0.5152807230730613,,-0.07428421371350238,0.456221198156682,0.11360817975032654,,-0.07428421371350238,,
Ressource utilization,Modular system design,0,2,118,97,217,118,2,0.6408994213574218,,-0.10529777010908621,0.20698924731182794,0.22801740490313857,,-0.10529777010908621,,
Ressource utilization,Deployment pipeline creation,0,3,118,96,217,118,3,0.7147319025693362,,-0.12926386792243627,0.0933858464616154,0.3432396467862587,,-0.12926386792243627,,
Ressource utilization,Model pool for deployment,0,1,118,98,217,118,1,0.5152807230730613,,-0.07428421371350238,0.456221198156682,0.11360817975032654,,-0.07428421371350238,,
Ressource utilization,Weight averaging,0,1,118,98,217,118,1,0.5152807230730613,,-0.07428421371350238,0.456221198156682,0.11360817975032654,,-0.07428421371350238,,
Ressource utilization,Sliding Window,0,1,118,98,217,118,1,0.5152807230730613,,-0.07428421371350238,0.456221198156682,0.11360817975032654,,-0.07428421371350238,,
Ressource utilization,Input contrast improvement,0,1,118,98,217,118,1,0.5152807230730613,,-0.07428421371350238,0.456221198156682,0.11360817975032654,,-0.07428421371350238,,
Ressource utilization,Input modification,0,2,118,97,217,118,2,0.6408994213574218,,-0.10529777010908621,0.20698924731182794,0.22801740490313857,,-0.10529777010908621,,
Ressource utilization,Sequential input fusion,0,1,118,98,217,118,1,0.5152807230730613,,-0.07428421371350238,0.456221198156682,0.11360817975032654,,-0.07428421371350238,,
Ressource utilization,Denoising,0,2,118,97,217,118,2,0.6408994213574218,,-0.10529777010908621,0.20698924731182794,0.22801740490313857,,-0.10529777010908621,,
Ressource utilization,Decision smoothing,0,1,118,98,217,118,1,0.5152807230730613,,-0.07428421371350238,0.456221198156682,0.11360817975032654,,-0.07428421371350238,,
Ressource utilization,Last stage reduction,0,1,118,98,217,118,1,0.5152807230730613,,-0.07428421371350238,0.456221198156682,0.11360817975032654,,-0.07428421371350238,,
Ressource utilization,Kernel regularization,0,1,118,98,217,118,1,0.5152807230730613,,-0.07428421371350238,0.456221198156682,0.11360817975032654,,-0.07428421371350238,,
Ressource utilization,Fault-map-based neuron re-mapping,0,1,118,98,217,118,1,0.5152807230730613,,-0.07428421371350238,0.456221198156682,0.11360817975032654,,-0.07428421371350238,,
Ressource utilization,Multiscale feature processing architectures,0,1,118,98,217,118,1,0.5152807230730613,,-0.07428421371350238,0.456221198156682,0.11360817975032654,,-0.07428421371350238,,
Ressource utilization,Cache preloading,0,1,118,98,217,118,1,0.5152807230730613,,-0.07428421371350238,0.456221198156682,0.11360817975032654,,-0.07428421371350238,,
Ressource utilization,Cloud compression and edge reconstruction,0,1,118,98,217,118,1,0.5152807230730613,,-0.07428421371350238,0.456221198156682,0.11360817975032654,,-0.07428421371350238,,
Ressource utilization,Deadline-aware scheduling,0,2,118,97,217,118,2,0.6408994213574218,,-0.10529777010908621,0.20698924731182794,0.22801740490313857,,-0.10529777010908621,,
Ressource utilization,Adaptive model scheduling,0,1,118,98,217,118,1,0.5152807230730613,,-0.07428421371350238,0.456221198156682,0.11360817975032654,,-0.07428421371350238,,
Ressource utilization,Adaptive batching,0,1,118,98,217,118,1,0.5152807230730613,,-0.07428421371350238,0.456221198156682,0.11360817975032654,,-0.07428421371350238,,
Ressource utilization,Later local processing of encoded features,0,1,118,98,217,118,1,0.5152807230730613,,-0.07428421371350238,0.456221198156682,0.11360817975032654,,-0.07428421371350238,,
Ressource utilization,Straggler mitigation,0,1,118,98,217,118,1,0.5152807230730613,,-0.07428421371350238,0.456221198156682,0.11360817975032654,,-0.07428421371350238,,
Ressource utilization,Prediction combination of multi-models,0,1,118,98,217,118,1,0.5152807230730613,,-0.07428421371350238,0.456221198156682,0.11360817975032654,,-0.07428421371350238,,
Ressource utilization,Competing models ,0,1,118,98,217,118,1,0.5152807230730613,,-0.07428421371350238,0.456221198156682,0.11360817975032654,,-0.07428421371350238,,
Ressource utilization,Quantitative sensor selection,0,1,118,98,217,118,1,0.5152807230730613,,-0.07428421371350238,0.456221198156682,0.11360817975032654,,-0.07428421371350238,,
Ressource utilization,Independent model development,0,1,118,98,217,118,1,0.5152807230730613,,-0.07428421371350238,0.456221198156682,0.11360817975032654,,-0.07428421371350238,,
Ressource utilization,Test time adaption,0,2,118,97,217,118,2,0.6408994213574218,,-0.10529777010908621,0.20698924731182794,0.22801740490313857,,-0.10529777010908621,,
Ressource utilization,Merging of fault maps,0,1,118,98,217,118,1,0.5152807230730613,,-0.07428421371350238,0.456221198156682,0.11360817975032654,,-0.07428421371350238,,
Ressource utilization,Post-hoc uncertainty calibration ,0,1,118,98,217,118,1,0.5152807230730613,,-0.07428421371350238,0.456221198156682,0.11360817975032654,,-0.07428421371350238,,
Capacity,Post-training quantization,0,1,22,194,217,22,1,0.26852657159596116,,-0.022854259755762284,1.0,-0.0,,-0.022854259755762284,,
Capacity,Huffman coding,0,1,22,194,217,22,1,0.26852657159596116,,-0.022854259755762284,1.0,-0.0,,-0.022854259755762284,,
Capacity,Ablation,0,1,22,194,217,22,1,0.26852657159596116,,-0.022854259755762284,1.0,-0.0,,-0.022854259755762284,,
Capacity,Parameter amount reduction,0,2,22,193,217,22,2,0.3573895939171715,,-0.032395881567205395,1.0,-0.0,,-0.032395881567205395,,
Capacity,Binary and ternary weights training,0,1,22,194,217,22,1,0.26852657159596116,,-0.022854259755762284,1.0,-0.0,,-0.022854259755762284,,
Capacity,Quantization-aware training,0,3,22,192,217,22,3,0.4181848889381188,,-0.03976928430484183,1.0,-0.0,,-0.03976928430484183,,
Capacity,ADMM-based compression,0,4,22,191,217,22,4,0.46494662353884153,,-0.04602928498729429,1.0,-0.0,,-0.04602928498729429,,
Capacity,Sparsification,0,10,22,185,217,22,10,0.6279869947408714,,-0.0738259190246321,0.6035638642040353,0.07309225654543071,,-0.0738259190246321,,
Capacity,Weight sharing,0,1,22,194,217,22,1,0.26852657159596116,,-0.022854259755762284,1.0,-0.0,,-0.022854259755762284,,
Capacity,Weight grouping,0,1,22,194,217,22,1,0.26852657159596116,,-0.022854259755762284,1.0,-0.0,,-0.022854259755762284,,
Capacity,Node masking,0,1,22,194,217,22,1,0.26852657159596116,,-0.022854259755762284,1.0,-0.0,,-0.022854259755762284,,
Capacity,Diagonal scalar weight matrix,0,1,22,194,217,22,1,0.26852657159596116,,-0.022854259755762284,1.0,-0.0,,-0.022854259755762284,,
Capacity,Matrix reusing,0,1,22,194,217,22,1,0.26852657159596116,,-0.022854259755762284,1.0,-0.0,,-0.022854259755762284,,
Capacity,Smaller computation datatype,0,7,22,188,217,22,7,0.5627768512734111,,-0.06132441406718666,1.0,-0.0,,-0.06132441406718666,,
Capacity,Tensor or matrix decomposition,0,6,22,189,217,22,6,0.5351040613112231,,-0.05664067656147476,1.0,-0.0,,-0.05664067656147476,,
Capacity,Continous learning,0,1,22,194,217,22,1,0.26852657159596116,,-0.022854259755762284,1.0,-0.0,,-0.022854259755762284,,
Capacity,Meta-learning,0,10,22,185,217,22,10,0.6279869947408714,,-0.0738259190246321,0.6035638642040353,0.07309225654543071,,-0.0738259190246321,,
Capacity,Self-supervision learning,0,3,22,192,217,22,3,0.4181848889381188,,-0.03976928430484183,1.0,-0.0,,-0.03976928430484183,,
Capacity,Self-adjusted learning,0,1,22,194,217,22,1,0.26852657159596116,,-0.022854259755762284,1.0,-0.0,,-0.022854259755762284,,
Capacity,Destillation learning,0,11,22,184,217,22,11,0.6455152476849719,,-0.0776169847111987,0.608160225198771,0.0719939956412697,,-0.0776169847111987,,
Capacity,Few-shot learning,0,4,22,191,217,22,4,0.46494662353884153,,-0.04602928498729429,1.0,-0.0,,-0.04602928498729429,,
Capacity,Online training,0,1,22,194,217,22,1,0.26852657159596116,,-0.022854259755762284,1.0,-0.0,,-0.022854259755762284,,
Capacity,Test-time training,0,1,22,194,217,22,1,0.26852657159596116,,-0.022854259755762284,1.0,-0.0,,-0.022854259755762284,,
Capacity,Fault tolerant training,0,4,22,191,217,22,4,0.46494662353884153,,-0.04602928498729429,1.0,-0.0,,-0.04602928498729429,,
Capacity,Adversarial training,0,28,22,167,217,22,28,0.8088359182176073,,-0.12928321641838658,0.08590033853278806,0.35533504153769574,,-0.12928321641838658,,
Capacity,Adversarial generation decoupling,0,1,22,194,217,22,1,0.26852657159596116,,-0.022854259755762284,1.0,-0.0,,-0.022854259755762284,,
Capacity,Incremental training with sensor data,0,2,22,193,217,22,2,0.3573895939171715,,-0.032395881567205395,1.0,-0.0,,-0.032395881567205395,,
Capacity,Inclusion of wrong labeled data in training,0,1,22,194,217,22,1,0.26852657159596116,,-0.022854259755762284,1.0,-0.0,,-0.022854259755762284,,
Capacity,Training with unlabed data,0,2,22,193,217,22,2,0.3573895939171715,,-0.032395881567205395,1.0,-0.0,,-0.032395881567205395,,
Capacity,Standard training on fully labeled datasets,0,3,22,192,217,22,3,0.4181848889381188,,-0.03976928430484183,1.0,-0.0,,-0.03976928430484183,,
Capacity,Training with gradient noise,0,2,22,193,217,22,2,0.3573895939171715,,-0.032395881567205395,1.0,-0.0,,-0.032395881567205395,,
Capacity,Contrastive representation learning,0,1,22,194,217,22,1,0.26852657159596116,,-0.022854259755762284,1.0,-0.0,,-0.022854259755762284,,
Capacity,Training optimization algorithm selection or adaptation,0,11,22,184,217,22,11,0.6455152476849719,,-0.0776169847111987,0.608160225198771,0.0719939956412697,,-0.0776169847111987,,
Capacity,Training loss function selection or adaptation,0,5,22,190,217,22,5,0.503020200599074,,-0.051583535662333084,1.0,-0.0,,-0.051583535662333084,,
Capacity,Label smooting,0,2,22,193,217,22,2,0.3573895939171715,,-0.032395881567205395,1.0,-0.0,,-0.032395881567205395,,
Capacity,Training loss early stopping,0,1,22,194,217,22,1,0.26852657159596116,,-0.022854259755762284,1.0,-0.0,,-0.022854259755762284,,
Capacity,Weight initialization random,0,1,22,194,217,22,1,0.26852657159596116,,-0.022854259755762284,1.0,-0.0,,-0.022854259755762284,,
Capacity,Pretraining,0,3,22,192,217,22,3,0.4181848889381188,,-0.03976928430484183,1.0,-0.0,,-0.03976928430484183,,
Capacity,Suppress redundant channel activations,0,1,22,194,217,22,1,0.26852657159596116,,-0.022854259755762284,1.0,-0.0,,-0.022854259755762284,,
Capacity,Regularization training,0,8,22,187,217,22,8,0.5870518659940622,,-0.06571520774535256,1.0,-0.0,,-0.06571520774535256,,
Capacity,Training with uncertainty measures,0,1,22,194,217,22,1,0.26852657159596116,,-0.022854259755762284,1.0,-0.0,,-0.022854259755762284,,
Capacity,Fault-aware retraining,0,1,22,194,217,22,1,0.26852657159596116,,-0.022854259755762284,1.0,-0.0,,-0.022854259755762284,,
Capacity,Quantization-aware retraining,0,3,22,192,217,22,3,0.4181848889381188,,-0.03976928430484183,1.0,-0.0,,-0.03976928430484183,,
Capacity,Automatic retraining and deployment triggering,0,1,22,194,217,22,1,0.26852657159596116,,-0.022854259755762284,1.0,-0.0,,-0.022854259755762284,,
Capacity,Training with adversarial noise,0,4,22,191,217,22,4,0.46494662353884153,,-0.04602928498729429,1.0,-0.0,,-0.04602928498729429,,
Capacity,Heuristics-driven augmentation,0,5,22,190,217,22,5,0.503020200599074,,-0.051583535662333084,1.0,-0.0,,-0.051583535662333084,,
Capacity,Data-driven augmentations,0,1,22,194,217,22,1,0.26852657159596116,,-0.022854259755762284,1.0,-0.0,,-0.022854259755762284,,
Capacity,Specific model type selection,0,4,22,191,217,22,4,0.46494662353884153,,-0.04602928498729429,1.0,-0.0,,-0.04602928498729429,,
Capacity,Library Encapsulation,0,1,22,194,217,22,1,0.26852657159596116,,-0.022854259755762284,1.0,-0.0,,-0.022854259755762284,,
Capacity,Model pool for deployment,0,1,22,194,217,22,1,0.26852657159596116,,-0.022854259755762284,1.0,-0.0,,-0.022854259755762284,,
Capacity,Network combination,0,3,22,192,217,22,3,0.4181848889381188,,-0.03976928430484183,1.0,-0.0,,-0.03976928430484183,,
Capacity,Weight averaging,0,1,22,194,217,22,1,0.26852657159596116,,-0.022854259755762284,1.0,-0.0,,-0.022854259755762284,,
Capacity,Input resolution adjustment,0,3,22,192,217,22,3,0.4181848889381188,,-0.03976928430484183,1.0,-0.0,,-0.03976928430484183,,
Capacity,Sliding Window,0,1,22,194,217,22,1,0.26852657159596116,,-0.022854259755762284,1.0,-0.0,,-0.022854259755762284,,
Capacity,Input spatial partitioning,0,1,22,194,217,22,1,0.26852657159596116,,-0.022854259755762284,1.0,-0.0,,-0.022854259755762284,,
Capacity,Input contrast improvement,0,1,22,194,217,22,1,0.26852657159596116,,-0.022854259755762284,1.0,-0.0,,-0.022854259755762284,,
Capacity,Input modification,0,2,22,193,217,22,2,0.3573895939171715,,-0.032395881567205395,1.0,-0.0,,-0.032395881567205395,,
Capacity,Sequential input fusion,0,1,22,194,217,22,1,0.26852657159596116,,-0.022854259755762284,1.0,-0.0,,-0.022854259755762284,,
Capacity,Signal overwriting,0,1,22,194,217,22,1,0.26852657159596116,,-0.022854259755762284,1.0,-0.0,,-0.022854259755762284,,
Capacity,Denoising,0,2,22,193,217,22,2,0.3573895939171715,,-0.032395881567205395,1.0,-0.0,,-0.032395881567205395,,
Capacity,Post-processing,0,1,22,194,217,22,1,0.26852657159596116,,-0.022854259755762284,1.0,-0.0,,-0.022854259755762284,,
Capacity,Decision smoothing,0,1,22,194,217,22,1,0.26852657159596116,,-0.022854259755762284,1.0,-0.0,,-0.022854259755762284,,
Capacity,Width adjustment,0,15,22,180,217,22,15,0.7021186844098677,,-0.09153010899703101,0.37382410612313605,0.14244423216220656,,-0.09153010899703101,,
Capacity,Depth adjustment,0,12,22,183,217,22,12,0.6614911765400509,,-0.08126578357302251,0.6161146072115055,0.07011283152422755,,-0.08126578357302251,,
Capacity,Last stage reduction,0,1,22,194,217,22,1,0.26852657159596116,,-0.022854259755762284,1.0,-0.0,,-0.022854259755762284,,
Capacity,New or specific layer module,0,5,22,190,217,22,5,0.503020200599074,,-0.051583535662333084,1.0,-0.0,,-0.051583535662333084,,
Capacity,Model fusion,0,1,22,194,217,22,1,0.26852657159596116,,-0.022854259755762284,1.0,-0.0,,-0.022854259755762284,,
Capacity,Kernel regularization,0,1,22,194,217,22,1,0.26852657159596116,,-0.022854259755762284,1.0,-0.0,,-0.022854259755762284,,
Capacity,Regularization,0,7,22,188,217,22,7,0.5627768512734111,,-0.06132441406718666,1.0,-0.0,,-0.06132441406718666,,
Capacity,Early-exit inference,0,4,22,191,217,22,4,0.46494662353884153,,-0.04602928498729429,1.0,-0.0,,-0.04602928498729429,,
Capacity,Additional side branches with uncertainty measures,0,2,22,193,217,22,2,0.3573895939171715,,-0.032395881567205395,1.0,-0.0,,-0.032395881567205395,,
Capacity,Tuner and meta-tuner blocks,0,2,22,193,217,22,2,0.3573895939171715,,-0.032395881567205395,1.0,-0.0,,-0.032395881567205395,,
Capacity,Adapter module,0,2,22,193,217,22,2,0.3573895939171715,,-0.032395881567205395,1.0,-0.0,,-0.032395881567205395,,
Capacity,Bottleneck module,0,2,22,193,217,22,2,0.3573895939171715,,-0.032395881567205395,1.0,-0.0,,-0.032395881567205395,,
Capacity,Separation of convolutional kernels,0,2,22,193,217,22,2,0.3573895939171715,,-0.032395881567205395,1.0,-0.0,,-0.032395881567205395,,
Capacity,Depthwise-separable convolution layers,0,2,22,193,217,22,2,0.3573895939171715,,-0.032395881567205395,1.0,-0.0,,-0.032395881567205395,,
Capacity,Convolution unfolding,0,1,22,194,217,22,1,0.26852657159596116,,-0.022854259755762284,1.0,-0.0,,-0.022854259755762284,,
Capacity,Activation function selection,0,4,22,191,217,22,4,0.46494662353884153,,-0.04602928498729429,1.0,-0.0,,-0.04602928498729429,,
Capacity,Layer fusion,0,1,22,194,217,22,1,0.26852657159596116,,-0.022854259755762284,1.0,-0.0,,-0.022854259755762284,,
Capacity,Fault-map-based neuron re-mapping,0,1,22,194,217,22,1,0.26852657159596116,,-0.022854259755762284,1.0,-0.0,,-0.022854259755762284,,
Capacity,Multiscale feature processing architectures,0,1,22,194,217,22,1,0.26852657159596116,,-0.022854259755762284,1.0,-0.0,,-0.022854259755762284,,
Capacity,Architecture design through math. optimization,0,5,22,190,217,22,5,0.503020200599074,,-0.051583535662333084,1.0,-0.0,,-0.051583535662333084,,
Capacity,Architecture design optimization with reinforcement learning,0,2,22,193,217,22,2,0.3573895939171715,,-0.032395881567205395,1.0,-0.0,,-0.032395881567205395,,
Capacity,Normalization,0,3,22,192,217,22,3,0.4181848889381188,,-0.03976928430484183,1.0,-0.0,,-0.03976928430484183,,
Capacity,Policy conversion,0,1,22,194,217,22,1,0.26852657159596116,,-0.022854259755762284,1.0,-0.0,,-0.022854259755762284,,
Capacity,On-chip weight caching,0,2,22,193,217,22,2,0.3573895939171715,,-0.032395881567205395,1.0,-0.0,,-0.032395881567205395,,
Capacity,Relevant content caching,0,1,22,194,217,22,1,0.26852657159596116,,-0.022854259755762284,1.0,-0.0,,-0.022854259755762284,,
Capacity,Memory scheduling,0,2,22,193,217,22,2,0.3573895939171715,,-0.032395881567205395,1.0,-0.0,,-0.032395881567205395,,
Capacity,Multitask Scheduling,0,3,22,192,217,22,3,0.4181848889381188,,-0.03976928430484183,1.0,-0.0,,-0.03976928430484183,,
Capacity,Sensor duty cycle,0,2,22,193,217,22,2,0.3573895939171715,,-0.032395881567205395,1.0,-0.0,,-0.032395881567205395,,
Capacity,Event-based processing,0,1,22,194,217,22,1,0.26852657159596116,,-0.022854259755762284,1.0,-0.0,,-0.022854259755762284,,
Capacity,Matrix-multiplication optimization,0,1,22,194,217,22,1,0.26852657159596116,,-0.022854259755762284,1.0,-0.0,,-0.022854259755762284,,
Capacity,Simultaneous memory loading,0,4,22,191,217,22,4,0.46494662353884153,,-0.04602928498729429,1.0,-0.0,,-0.04602928498729429,,
Capacity,Internal computation balancing,0,3,22,192,217,22,3,0.4181848889381188,,-0.03976928430484183,1.0,-0.0,,-0.03976928430484183,,
Capacity,Quantitative sensor selection,0,1,22,194,217,22,1,0.26852657159596116,,-0.022854259755762284,1.0,-0.0,,-0.022854259755762284,,
Capacity,Out-of-distribution detection,0,3,22,192,217,22,3,0.4181848889381188,,-0.03976928430484183,1.0,-0.0,,-0.03976928430484183,,
Capacity,Failure prevention or mitigation,0,3,22,192,217,22,3,0.4181848889381188,,-0.03976928430484183,1.0,-0.0,,-0.03976928430484183,,
Capacity,Independent model development,0,1,22,194,217,22,1,0.26852657159596116,,-0.022854259755762284,1.0,-0.0,,-0.022854259755762284,,
Capacity,Test time adaption,0,2,22,193,217,22,2,0.3573895939171715,,-0.032395881567205395,1.0,-0.0,,-0.032395881567205395,,
Capacity,Merging of fault maps,0,1,22,194,217,22,1,0.26852657159596116,,-0.022854259755762284,1.0,-0.0,,-0.022854259755762284,,
Capacity,High-level synthesis,0,1,22,194,217,22,1,0.26852657159596116,,-0.022854259755762284,1.0,-0.0,,-0.022854259755762284,,
Capacity,Post-hoc uncertainty calibration ,0,1,22,194,217,22,1,0.26852657159596116,,-0.022854259755762284,1.0,-0.0,,-0.022854259755762284,,
Interoperability,Pruning,0,23,6,188,217,6,23,0.5430384413191546,,-0.058062729853459887,1.0,-0.0,,-0.058062729853459887,,
Interoperability,Post-training quantization,0,1,6,210,217,6,1,0.15066306992548228,,-0.011473806513691905,1.0,-0.0,,-0.011473806513691905,,
Interoperability,Huffman coding,0,1,6,210,217,6,1,0.15066306992548228,,-0.011473806513691905,1.0,-0.0,,-0.011473806513691905,,
Interoperability,Ablation,0,1,6,210,217,6,1,0.15066306992548228,,-0.011473806513691905,1.0,-0.0,,-0.011473806513691905,,
Interoperability,Mixed-precision compression,0,5,6,206,217,6,5,0.30590634059779964,,-0.02589712000330745,1.0,-0.0,,-0.02589712000330745,,
Interoperability,Integer-only operations,0,11,6,200,217,6,11,0.4181848889381188,,-0.038967014213966714,1.0,-0.0,,-0.038967014213966714,,
Interoperability,Parameter amount reduction,0,2,6,209,217,6,2,0.206212993639731,,-0.016264104850251135,1.0,-0.0,,-0.016264104850251135,,
Interoperability,Binary and ternary weights training,0,1,6,210,217,6,1,0.15066306992548228,,-0.011473806513691905,1.0,-0.0,,-0.011473806513691905,,
Interoperability,Quantization-aware training,0,3,6,208,217,6,3,0.24636168355623522,,-0.019965865365064398,1.0,-0.0,,-0.019965865365064398,,
Interoperability,Binary weights and activations,0,6,6,205,217,6,6,0.3296799539643607,,-0.02843601895734597,1.0,-0.0,,-0.02843601895734597,,
Interoperability,Ternary weights and activations 2-bit,0,5,6,206,217,6,5,0.30590634059779964,,-0.02589712000330745,1.0,-0.0,,-0.02589712000330745,,
Interoperability,Tenary weights,0,4,6,207,217,6,4,0.27862677921159384,,-0.02310865088398409,1.0,-0.0,,-0.02310865088398409,,
Interoperability,ADMM-based compression,0,4,6,207,217,6,4,0.27862677921159384,,-0.02310865088398409,1.0,-0.0,,-0.02310865088398409,,
Interoperability,Sparsification,0,10,6,201,217,6,10,0.4033339960380281,,-0.03706373864813289,1.0,-0.0,,-0.03706373864813289,,
Interoperability,Weight sharing,0,1,6,210,217,6,1,0.15066306992548228,,-0.011473806513691905,1.0,-0.0,,-0.011473806513691905,,
Interoperability,Weight grouping,0,1,6,210,217,6,1,0.15066306992548228,,-0.011473806513691905,1.0,-0.0,,-0.011473806513691905,,
Interoperability,Node masking,0,1,6,210,217,6,1,0.15066306992548228,,-0.011473806513691905,1.0,-0.0,,-0.011473806513691905,,
Interoperability,Diagonal scalar weight matrix,0,1,6,210,217,6,1,0.15066306992548228,,-0.011473806513691905,1.0,-0.0,,-0.011473806513691905,,
Interoperability,Matrix reusing,0,1,6,210,217,6,1,0.15066306992548228,,-0.011473806513691905,1.0,-0.0,,-0.011473806513691905,,
Interoperability,Smaller computation datatype,0,7,6,204,217,6,7,0.35082268041346987,,-0.03078745359035396,1.0,-0.0,,-0.03078745359035396,,
Interoperability,Tensor or matrix decomposition,0,6,6,205,217,6,6,0.3296799539643607,,-0.02843601895734597,1.0,-0.0,,-0.02843601895734597,,
Interoperability,Continous learning,0,1,6,210,217,6,1,0.15066306992548228,,-0.011473806513691905,1.0,-0.0,,-0.011473806513691905,,
Interoperability,Imitation learning,0,1,6,210,217,6,1,0.15066306992548228,,-0.011473806513691905,1.0,-0.0,,-0.011473806513691905,,
Interoperability,Closed-loop learning,0,6,6,205,217,6,6,0.3296799539643607,,-0.02843601895734597,1.0,-0.0,,-0.02843601895734597,,
Interoperability,Meta-learning,0,10,6,201,217,6,10,0.4033339960380281,,-0.03706373864813289,1.0,-0.0,,-0.03706373864813289,,
Interoperability,Self-supervision learning,0,3,6,208,217,6,3,0.24636168355623522,,-0.019965865365064398,1.0,-0.0,,-0.019965865365064398,,
Interoperability,Self-adjusted learning,0,1,6,210,217,6,1,0.15066306992548228,,-0.011473806513691905,1.0,-0.0,,-0.011473806513691905,,
Interoperability,Destillation learning,0,11,6,200,217,6,11,0.4181848889381188,,-0.038967014213966714,1.0,-0.0,,-0.038967014213966714,,
Interoperability,Transfer learning,0,5,6,206,217,6,5,0.30590634059779964,,-0.02589712000330745,1.0,-0.0,,-0.02589712000330745,,
Interoperability,Federated learning,0,2,6,209,217,6,2,0.206212993639731,,-0.016264104850251135,1.0,-0.0,,-0.016264104850251135,,
Interoperability,End-to-end learning,0,4,6,207,217,6,4,0.27862677921159384,,-0.02310865088398409,1.0,-0.0,,-0.02310865088398409,,
Interoperability,Few-shot learning,0,4,6,207,217,6,4,0.27862677921159384,,-0.02310865088398409,1.0,-0.0,,-0.02310865088398409,,
Interoperability,Online training,0,1,6,210,217,6,1,0.15066306992548228,,-0.011473806513691905,1.0,-0.0,,-0.011473806513691905,,
Interoperability,Test-time training,0,1,6,210,217,6,1,0.15066306992548228,,-0.011473806513691905,1.0,-0.0,,-0.011473806513691905,,
Interoperability,Fault tolerant training,0,4,6,207,217,6,4,0.27862677921159384,,-0.02310865088398409,1.0,-0.0,,-0.02310865088398409,,
Interoperability,Adversarial training,0,28,6,183,217,6,28,0.5785688077344482,,-0.0649056511348314,1.0,-0.0,,-0.0649056511348314,,
Interoperability,Adversarial generation decoupling,0,1,6,210,217,6,1,0.15066306992548228,,-0.011473806513691905,1.0,-0.0,,-0.011473806513691905,,
Interoperability,Incremental training with sensor data,0,2,6,209,217,6,2,0.206212993639731,,-0.016264104850251135,1.0,-0.0,,-0.016264104850251135,,
Interoperability,Inclusion of wrong labeled data in training,0,1,6,210,217,6,1,0.15066306992548228,,-0.011473806513691905,1.0,-0.0,,-0.011473806513691905,,
Interoperability,Training with unlabed data,0,2,6,209,217,6,2,0.206212993639731,,-0.016264104850251135,1.0,-0.0,,-0.016264104850251135,,
Interoperability,Standard training on fully labeled datasets,0,3,6,208,217,6,3,0.24636168355623522,,-0.019965865365064398,1.0,-0.0,,-0.019965865365064398,,
Interoperability,On-device local training,0,3,6,208,217,6,3,0.24636168355623522,,-0.019965865365064398,1.0,-0.0,,-0.019965865365064398,,
Interoperability,Training with gradient noise,0,2,6,209,217,6,2,0.206212993639731,,-0.016264104850251135,1.0,-0.0,,-0.016264104850251135,,
Interoperability,Contrastive representation learning,0,1,6,210,217,6,1,0.15066306992548228,,-0.011473806513691905,1.0,-0.0,,-0.011473806513691905,,
Interoperability,Training optimization algorithm selection or adaptation,0,11,6,200,217,6,11,0.4181848889381188,,-0.038967014213966714,1.0,-0.0,,-0.038967014213966714,,
Interoperability,Training loss function selection or adaptation,0,5,6,206,217,6,5,0.30590634059779964,,-0.02589712000330745,1.0,-0.0,,-0.02589712000330745,,
Interoperability,Label smooting,0,2,6,209,217,6,2,0.206212993639731,,-0.016264104850251135,1.0,-0.0,,-0.016264104850251135,,
Interoperability,Training loss early stopping,0,1,6,210,217,6,1,0.15066306992548228,,-0.011473806513691905,1.0,-0.0,,-0.011473806513691905,,
Interoperability,Weight initialization random,0,1,6,210,217,6,1,0.15066306992548228,,-0.011473806513691905,1.0,-0.0,,-0.011473806513691905,,
Interoperability,Pretraining,0,3,6,208,217,6,3,0.24636168355623522,,-0.019965865365064398,1.0,-0.0,,-0.019965865365064398,,
Interoperability,Suppress redundant channel activations,0,1,6,210,217,6,1,0.15066306992548228,,-0.011473806513691905,1.0,-0.0,,-0.011473806513691905,,
Interoperability,Regularization training,0,8,6,203,217,6,8,0.36990218853360224,,-0.032991818012706994,1.0,-0.0,,-0.032991818012706994,,
Interoperability,Training with uncertainty measures,0,1,6,210,217,6,1,0.15066306992548228,,-0.011473806513691905,1.0,-0.0,,-0.011473806513691905,,
Interoperability,Finetuning ,0,10,6,201,217,6,10,0.4033339960380281,,-0.03706373864813289,1.0,-0.0,,-0.03706373864813289,,
Interoperability,Fault-aware retraining,0,1,6,210,217,6,1,0.15066306992548228,,-0.011473806513691905,1.0,-0.0,,-0.011473806513691905,,
Interoperability,Retraining for fine tuning,0,4,6,207,217,6,4,0.27862677921159384,,-0.02310865088398409,1.0,-0.0,,-0.02310865088398409,,
Interoperability,Quantization-aware retraining,0,3,6,208,217,6,3,0.24636168355623522,,-0.019965865365064398,1.0,-0.0,,-0.019965865365064398,,
Interoperability,Automatic retraining and deployment triggering,0,1,6,210,217,6,1,0.15066306992548228,,-0.011473806513691905,1.0,-0.0,,-0.011473806513691905,,
Interoperability,Training with adversarial noise,0,4,6,207,217,6,4,0.27862677921159384,,-0.02310865088398409,1.0,-0.0,,-0.02310865088398409,,
Interoperability,Heuristics-driven augmentation,0,5,6,206,217,6,5,0.30590634059779964,,-0.02589712000330745,1.0,-0.0,,-0.02589712000330745,,
Interoperability,Data-driven augmentations,0,1,6,210,217,6,1,0.15066306992548228,,-0.011473806513691905,1.0,-0.0,,-0.011473806513691905,,
Interoperability,Modular system design,0,2,6,209,217,6,2,0.206212993639731,,-0.016264104850251135,1.0,-0.0,,-0.016264104850251135,,
Interoperability,Sensor ring architecture,0,1,6,210,217,6,1,0.15066306992548228,,-0.011473806513691905,1.0,-0.0,,-0.011473806513691905,,
Interoperability,Containerization,0,3,6,208,217,6,3,0.24636168355623522,,-0.019965865365064398,1.0,-0.0,,-0.019965865365064398,,
Interoperability,Specific model type selection,0,4,6,207,217,6,4,0.27862677921159384,,-0.02310865088398409,1.0,-0.0,,-0.02310865088398409,,
Interoperability,TPU SoC or Accelerator Hardware ,0,5,6,206,217,6,5,0.30590634059779964,,-0.02589712000330745,1.0,-0.0,,-0.02589712000330745,,
Interoperability,Edge compute hardware,0,4,6,207,217,6,4,0.27862677921159384,,-0.02310865088398409,1.0,-0.0,,-0.02310865088398409,,
Interoperability,Library Encapsulation,0,1,6,210,217,6,1,0.15066306992548228,,-0.011473806513691905,1.0,-0.0,,-0.011473806513691905,,
Interoperability,Deployment pipeline creation,0,3,6,208,217,6,3,0.24636168355623522,,-0.019965865365064398,1.0,-0.0,,-0.019965865365064398,,
Interoperability,Model pool for deployment,0,1,6,210,217,6,1,0.15066306992548228,,-0.011473806513691905,1.0,-0.0,,-0.011473806513691905,,
Interoperability,Network combination,0,3,6,208,217,6,3,0.24636168355623522,,-0.019965865365064398,1.0,-0.0,,-0.019965865365064398,,
Interoperability,Weight averaging,0,1,6,210,217,6,1,0.15066306992548228,,-0.011473806513691905,1.0,-0.0,,-0.011473806513691905,,
Interoperability,Input resolution adjustment,0,3,6,208,217,6,3,0.24636168355623522,,-0.019965865365064398,1.0,-0.0,,-0.019965865365064398,,
Interoperability,Sensor or input data fusion,0,5,6,206,217,6,5,0.30590634059779964,,-0.02589712000330745,1.0,-0.0,,-0.02589712000330745,,
Interoperability,Sliding Window,0,1,6,210,217,6,1,0.15066306992548228,,-0.011473806513691905,1.0,-0.0,,-0.011473806513691905,,
Interoperability,Frame rate reduction,0,2,6,209,217,6,2,0.206212993639731,,-0.016264104850251135,1.0,-0.0,,-0.016264104850251135,,
Interoperability,Input spatial partitioning,0,1,6,210,217,6,1,0.15066306992548228,,-0.011473806513691905,1.0,-0.0,,-0.011473806513691905,,
Interoperability,Input contrast improvement,0,1,6,210,217,6,1,0.15066306992548228,,-0.011473806513691905,1.0,-0.0,,-0.011473806513691905,,
Interoperability,Input modification,0,2,6,209,217,6,2,0.206212993639731,,-0.016264104850251135,1.0,-0.0,,-0.016264104850251135,,
Interoperability,Sequential input fusion,0,1,6,210,217,6,1,0.15066306992548228,,-0.011473806513691905,1.0,-0.0,,-0.011473806513691905,,
Interoperability,Signal overwriting,0,1,6,210,217,6,1,0.15066306992548228,,-0.011473806513691905,1.0,-0.0,,-0.011473806513691905,,
Interoperability,Denoising,0,2,6,209,217,6,2,0.206212993639731,,-0.016264104850251135,1.0,-0.0,,-0.016264104850251135,,
Interoperability,Robust feature extraction,0,2,6,209,217,6,2,0.206212993639731,,-0.016264104850251135,1.0,-0.0,,-0.016264104850251135,,
Interoperability,Post-processing,0,1,6,210,217,6,1,0.15066306992548228,,-0.011473806513691905,1.0,-0.0,,-0.011473806513691905,,
Interoperability,Decision smoothing,0,1,6,210,217,6,1,0.15066306992548228,,-0.011473806513691905,1.0,-0.0,,-0.011473806513691905,,
Interoperability,Width adjustment,0,15,6,196,217,6,15,0.46871439086703215,,-0.045951991971399375,1.0,-0.0,,-0.045951991971399375,,
Interoperability,Depth adjustment,0,12,6,199,217,6,12,0.4320292879878078,,-0.040798865807295616,1.0,-0.0,,-0.040798865807295616,,
Interoperability,Last stage reduction,0,1,6,210,217,6,1,0.15066306992548228,,-0.011473806513691905,1.0,-0.0,,-0.011473806513691905,,
Interoperability,New or specific layer module,0,5,6,206,217,6,5,0.30590634059779964,,-0.02589712000330745,1.0,-0.0,,-0.02589712000330745,,
Interoperability,Model fusion,0,1,6,210,217,6,1,0.15066306992548228,,-0.011473806513691905,1.0,-0.0,,-0.011473806513691905,,
Interoperability,Kernel regularization,0,1,6,210,217,6,1,0.15066306992548228,,-0.011473806513691905,1.0,-0.0,,-0.011473806513691905,,
Interoperability,Regularization,0,7,6,204,217,6,7,0.35082268041346987,,-0.03078745359035396,1.0,-0.0,,-0.03078745359035396,,
Interoperability,Early-exit inference,0,4,6,207,217,6,4,0.27862677921159384,,-0.02310865088398409,1.0,-0.0,,-0.02310865088398409,,
Interoperability,Additional side branches with uncertainty measures,0,2,6,209,217,6,2,0.206212993639731,,-0.016264104850251135,1.0,-0.0,,-0.016264104850251135,,
Interoperability,Tuner and meta-tuner blocks,0,2,6,209,217,6,2,0.206212993639731,,-0.016264104850251135,1.0,-0.0,,-0.016264104850251135,,
Interoperability,Adapter module,0,2,6,209,217,6,2,0.206212993639731,,-0.016264104850251135,1.0,-0.0,,-0.016264104850251135,,
Interoperability,Bottleneck module,0,2,6,209,217,6,2,0.206212993639731,,-0.016264104850251135,1.0,-0.0,,-0.016264104850251135,,
Interoperability,Separation of convolutional kernels,0,2,6,209,217,6,2,0.206212993639731,,-0.016264104850251135,1.0,-0.0,,-0.016264104850251135,,
Interoperability,Depthwise-separable convolution layers,0,2,6,209,217,6,2,0.206212993639731,,-0.016264104850251135,1.0,-0.0,,-0.016264104850251135,,
Interoperability,Convolution unfolding,0,1,6,210,217,6,1,0.15066306992548228,,-0.011473806513691905,1.0,-0.0,,-0.011473806513691905,,
Interoperability,Activation function selection,0,4,6,207,217,6,4,0.27862677921159384,,-0.02310865088398409,1.0,-0.0,,-0.02310865088398409,,
Interoperability,Layer fusion,0,1,6,210,217,6,1,0.15066306992548228,,-0.011473806513691905,1.0,-0.0,,-0.011473806513691905,,
Interoperability,Fault-map-based neuron re-mapping,0,1,6,210,217,6,1,0.15066306992548228,,-0.011473806513691905,1.0,-0.0,,-0.011473806513691905,,
Interoperability,Multiscale feature processing architectures,0,1,6,210,217,6,1,0.15066306992548228,,-0.011473806513691905,1.0,-0.0,,-0.011473806513691905,,
Interoperability,Architecture design through math. optimization,0,5,6,206,217,6,5,0.30590634059779964,,-0.02589712000330745,1.0,-0.0,,-0.02589712000330745,,
Interoperability,Neural architecture search,0,10,6,201,217,6,10,0.4033339960380281,,-0.03706373864813289,1.0,-0.0,,-0.03706373864813289,,
Interoperability,Hardware and Software codesign,0,8,6,203,217,6,8,0.36990218853360224,,-0.032991818012706994,1.0,-0.0,,-0.032991818012706994,,
Interoperability,Architecture design optimization with reinforcement learning,0,2,6,209,217,6,2,0.206212993639731,,-0.016264104850251135,1.0,-0.0,,-0.016264104850251135,,
Interoperability,Model format conversion,0,2,6,209,217,6,2,0.206212993639731,,-0.016264104850251135,1.0,-0.0,,-0.016264104850251135,,
Interoperability,Normalization,0,3,6,208,217,6,3,0.24636168355623522,,-0.019965865365064398,1.0,-0.0,,-0.019965865365064398,,
Interoperability,Policy conversion,0,1,6,210,217,6,1,0.15066306992548228,,-0.011473806513691905,1.0,-0.0,,-0.011473806513691905,,
Interoperability,Feature encoding,0,3,6,208,217,6,3,0.24636168355623522,,-0.019965865365064398,1.0,-0.0,,-0.019965865365064398,,
Interoperability,On-chip weight caching,0,2,6,209,217,6,2,0.206212993639731,,-0.016264104850251135,1.0,-0.0,,-0.016264104850251135,,
Interoperability,Cache preloading,0,1,6,210,217,6,1,0.15066306992548228,,-0.011473806513691905,1.0,-0.0,,-0.011473806513691905,,
Interoperability,Prediction/intermediate result caching,0,2,6,209,217,6,2,0.206212993639731,,-0.016264104850251135,1.0,-0.0,,-0.016264104850251135,,
Interoperability,Cloud compression and edge reconstruction,0,1,6,210,217,6,1,0.15066306992548228,,-0.011473806513691905,1.0,-0.0,,-0.011473806513691905,,
Interoperability,Deadline-aware scheduling,0,2,6,209,217,6,2,0.206212993639731,,-0.016264104850251135,1.0,-0.0,,-0.016264104850251135,,
Interoperability,Memory scheduling,0,2,6,209,217,6,2,0.206212993639731,,-0.016264104850251135,1.0,-0.0,,-0.016264104850251135,,
Interoperability,Single task assignment,0,1,6,210,217,6,1,0.15066306992548228,,-0.011473806513691905,1.0,-0.0,,-0.011473806513691905,,
Interoperability,Adaptive model scheduling,0,1,6,210,217,6,1,0.15066306992548228,,-0.011473806513691905,1.0,-0.0,,-0.011473806513691905,,
Interoperability,Adaptive batching,0,1,6,210,217,6,1,0.15066306992548228,,-0.011473806513691905,1.0,-0.0,,-0.011473806513691905,,
Interoperability,Sensor duty cycle,0,2,6,209,217,6,2,0.206212993639731,,-0.016264104850251135,1.0,-0.0,,-0.016264104850251135,,
Interoperability,Later local processing of encoded features,0,1,6,210,217,6,1,0.15066306992548228,,-0.011473806513691905,1.0,-0.0,,-0.011473806513691905,,
Interoperability,Straggler mitigation,0,1,6,210,217,6,1,0.15066306992548228,,-0.011473806513691905,1.0,-0.0,,-0.011473806513691905,,
Interoperability,Prediction combination of multi-models,0,1,6,210,217,6,1,0.15066306992548228,,-0.011473806513691905,1.0,-0.0,,-0.011473806513691905,,
Interoperability,Competing models ,0,1,6,210,217,6,1,0.15066306992548228,,-0.011473806513691905,1.0,-0.0,,-0.011473806513691905,,
Interoperability,Multi-model of different models,0,6,6,205,217,6,6,0.3296799539643607,,-0.02843601895734597,1.0,-0.0,,-0.02843601895734597,,
Interoperability,Data-level parallelsim in CNN layer,0,1,6,210,217,6,1,0.15066306992548228,,-0.011473806513691905,1.0,-0.0,,-0.011473806513691905,,
Interoperability,Event-based processing,0,1,6,210,217,6,1,0.15066306992548228,,-0.011473806513691905,1.0,-0.0,,-0.011473806513691905,,
Interoperability,Partial layer execution,0,2,6,209,217,6,2,0.206212993639731,,-0.016264104850251135,1.0,-0.0,,-0.016264104850251135,,
Interoperability,Matrix-multiplication optimization,0,1,6,210,217,6,1,0.15066306992548228,,-0.011473806513691905,1.0,-0.0,,-0.011473806513691905,,
Interoperability,Simultaneous memory loading,0,4,6,207,217,6,4,0.27862677921159384,,-0.02310865088398409,1.0,-0.0,,-0.02310865088398409,,
Interoperability,Internal computation balancing,0,3,6,208,217,6,3,0.24636168355623522,,-0.019965865365064398,1.0,-0.0,,-0.019965865365064398,,
Interoperability,Quantitative sensor selection,0,1,6,210,217,6,1,0.15066306992548228,,-0.011473806513691905,1.0,-0.0,,-0.011473806513691905,,
Interoperability,Out-of-distribution detection,0,3,6,208,217,6,3,0.24636168355623522,,-0.019965865365064398,1.0,-0.0,,-0.019965865365064398,,
Interoperability,Failure prevention or mitigation,0,3,6,208,217,6,3,0.24636168355623522,,-0.019965865365064398,1.0,-0.0,,-0.019965865365064398,,
Interoperability,Independent model development,0,1,6,210,217,6,1,0.15066306992548228,,-0.011473806513691905,1.0,-0.0,,-0.011473806513691905,,
Interoperability,Test time adaption,0,2,6,209,217,6,2,0.206212993639731,,-0.016264104850251135,1.0,-0.0,,-0.016264104850251135,,
Interoperability,Merging of fault maps,0,1,6,210,217,6,1,0.15066306992548228,,-0.011473806513691905,1.0,-0.0,,-0.011473806513691905,,
Interoperability,High-level synthesis,0,1,6,210,217,6,1,0.15066306992548228,,-0.011473806513691905,1.0,-0.0,,-0.011473806513691905,,
Interoperability,Post-hoc uncertainty calibration ,0,1,6,210,217,6,1,0.15066306992548228,,-0.011473806513691905,1.0,-0.0,,-0.011473806513691905,,
Usability,Pruning,0,23,2,192,217,2,23,0.36374466889678037,,-0.03320923113903483,1.0,-0.0,,-0.03320923113903483,,
Usability,Quantization,0,40,2,175,217,2,40,0.44914562337133124,,-0.04584997786664493,1.0,-0.0,,-0.04584997786664493,,
Usability,Post-training quantization,0,1,2,214,217,2,1,0.08997290406174518,,-0.006562493591317981,1.0,-0.0,,-0.006562493591317981,,
Usability,Huffman coding,0,1,2,214,217,2,1,0.08997290406174518,,-0.006562493591317981,1.0,-0.0,,-0.006562493591317981,,
Usability,Ablation,0,1,2,214,217,2,1,0.08997290406174518,,-0.006562493591317981,1.0,-0.0,,-0.006562493591317981,,
Usability,Mixed-precision compression,0,5,2,210,217,2,5,0.19007895443513734,,-0.014811970539375384,1.0,-0.0,,-0.014811970539375384,,
Usability,Integer-only operations,0,11,2,204,217,2,11,0.26852657159596116,,-0.022287353438180866,1.0,-0.0,,-0.022287353438180866,,
Usability,Parameter amount reduction,0,2,2,213,217,2,2,0.12482668095705252,,-0.009302325581395349,1.0,-0.0,,-0.009302325581395349,,
Usability,Binary and ternary weights training,0,1,2,214,217,2,1,0.08997290406174518,,-0.006562493591317981,1.0,-0.0,,-0.006562493591317981,,
Usability,Quantization-aware training,0,3,2,212,217,2,3,0.15066306992548228,,-0.011419563624939743,1.0,-0.0,,-0.011419563624939743,,
Usability,Binary weights and activations,0,6,2,209,217,2,6,0.206212993639731,,-0.016264104850251135,1.0,-0.0,,-0.016264104850251135,,
Usability,Ternary weights and activations 2-bit,0,5,2,210,217,2,5,0.19007895443513734,,-0.014811970539375384,1.0,-0.0,,-0.014811970539375384,,
Usability,Tenary weights,0,4,2,211,217,2,4,0.17185068465818631,,-0.013217093485861298,1.0,-0.0,,-0.013217093485861298,,
Usability,ADMM-based compression,0,4,2,211,217,2,4,0.17185068465818631,,-0.013217093485861298,1.0,-0.0,,-0.013217093485861298,,
Usability,Sparsification,0,10,2,205,217,2,10,0.25780435421065095,,-0.02119876669162978,1.0,-0.0,,-0.02119876669162978,,
Usability,Weight sharing,0,1,2,214,217,2,1,0.08997290406174518,,-0.006562493591317981,1.0,-0.0,,-0.006562493591317981,,
Usability,Weight grouping,0,1,2,214,217,2,1,0.08997290406174518,,-0.006562493591317981,1.0,-0.0,,-0.006562493591317981,,
Usability,Node masking,0,1,2,214,217,2,1,0.08997290406174518,,-0.006562493591317981,1.0,-0.0,,-0.006562493591317981,,
Usability,Diagonal scalar weight matrix,0,1,2,214,217,2,1,0.08997290406174518,,-0.006562493591317981,1.0,-0.0,,-0.006562493591317981,,
Usability,Matrix reusing,0,1,2,214,217,2,1,0.08997290406174518,,-0.006562493591317981,1.0,-0.0,,-0.006562493591317981,,
Usability,Smaller computation datatype,0,7,2,208,217,2,7,0.22076594753891132,,-0.017609018126512475,1.0,-0.0,,-0.017609018126512475,,
Usability,Tensor or matrix decomposition,0,6,2,209,217,2,6,0.206212993639731,,-0.016264104850251135,1.0,-0.0,,-0.016264104850251135,,
Usability,Continous learning,0,1,2,214,217,2,1,0.08997290406174518,,-0.006562493591317981,1.0,-0.0,,-0.006562493591317981,,
Usability,Imitation learning,0,1,2,214,217,2,1,0.08997290406174518,,-0.006562493591317981,1.0,-0.0,,-0.006562493591317981,,
Usability,Closed-loop learning,0,6,2,209,217,2,6,0.206212993639731,,-0.016264104850251135,1.0,-0.0,,-0.016264104850251135,,
Usability,Meta-learning,0,10,2,205,217,2,10,0.25780435421065095,,-0.02119876669162978,1.0,-0.0,,-0.02119876669162978,,
Usability,Self-supervision learning,0,3,2,212,217,2,3,0.15066306992548228,,-0.011419563624939743,1.0,-0.0,,-0.011419563624939743,,
Usability,Self-adjusted learning,0,1,2,214,217,2,1,0.08997290406174518,,-0.006562493591317981,1.0,-0.0,,-0.006562493591317981,,
Usability,Destillation learning,0,11,2,204,217,2,11,0.26852657159596116,,-0.022287353438180866,1.0,-0.0,,-0.022287353438180866,,
Usability,Transfer learning,0,5,2,210,217,2,5,0.19007895443513734,,-0.014811970539375384,1.0,-0.0,,-0.014811970539375384,,
Usability,Federated learning,0,2,2,213,217,2,2,0.12482668095705252,,-0.009302325581395349,1.0,-0.0,,-0.009302325581395349,,
Usability,End-to-end learning,0,4,2,211,217,2,4,0.17185068465818631,,-0.013217093485861298,1.0,-0.0,,-0.013217093485861298,,
Usability,Few-shot learning,0,4,2,211,217,2,4,0.17185068465818631,,-0.013217093485861298,1.0,-0.0,,-0.013217093485861298,,
Usability,Online training,0,1,2,214,217,2,1,0.08997290406174518,,-0.006562493591317981,1.0,-0.0,,-0.006562493591317981,,
Usability,Test-time training,0,1,2,214,217,2,1,0.08997290406174518,,-0.006562493591317981,1.0,-0.0,,-0.006562493591317981,,
Usability,Fault tolerant training,0,4,2,211,217,2,4,0.17185068465818631,,-0.013217093485861298,1.0,-0.0,,-0.013217093485861298,,
Usability,Adversarial training,0,28,2,187,217,2,28,0.3927942914850693,,-0.037123069759313634,1.0,-0.0,,-0.037123069759313634,,
Usability,Adversarial generation decoupling,0,1,2,214,217,2,1,0.08997290406174518,,-0.006562493591317981,1.0,-0.0,,-0.006562493591317981,,
Usability,Incremental training with sensor data,0,2,2,213,217,2,2,0.12482668095705252,,-0.009302325581395349,1.0,-0.0,,-0.009302325581395349,,
Usability,Inclusion of wrong labeled data in training,0,1,2,214,217,2,1,0.08997290406174518,,-0.006562493591317981,1.0,-0.0,,-0.006562493591317981,,
Usability,Training with unlabed data,0,2,2,213,217,2,2,0.12482668095705252,,-0.009302325581395349,1.0,-0.0,,-0.009302325581395349,,
Usability,Standard training on fully labeled datasets,0,3,2,212,217,2,3,0.15066306992548228,,-0.011419563624939743,1.0,-0.0,,-0.011419563624939743,,
Usability,On-device local training,0,3,2,212,217,2,3,0.15066306992548228,,-0.011419563624939743,1.0,-0.0,,-0.011419563624939743,,
Usability,Training with gradient noise,0,2,2,213,217,2,2,0.12482668095705252,,-0.009302325581395349,1.0,-0.0,,-0.009302325581395349,,
Usability,Contrastive representation learning,0,1,2,214,217,2,1,0.08997290406174518,,-0.006562493591317981,1.0,-0.0,,-0.006562493591317981,,
Usability,Training optimization algorithm selection or adaptation,0,11,2,204,217,2,11,0.26852657159596116,,-0.022287353438180866,1.0,-0.0,,-0.022287353438180866,,
Usability,Training loss function selection or adaptation,0,5,2,210,217,2,5,0.19007895443513734,,-0.014811970539375384,1.0,-0.0,,-0.014811970539375384,,
Usability,Label smooting,0,2,2,213,217,2,2,0.12482668095705252,,-0.009302325581395349,1.0,-0.0,,-0.009302325581395349,,
Usability,Training loss early stopping,0,1,2,214,217,2,1,0.08997290406174518,,-0.006562493591317981,1.0,-0.0,,-0.006562493591317981,,
Usability,Weight initialization random,0,1,2,214,217,2,1,0.08997290406174518,,-0.006562493591317981,1.0,-0.0,,-0.006562493591317981,,
Usability,Pretraining,0,3,2,212,217,2,3,0.15066306992548228,,-0.011419563624939743,1.0,-0.0,,-0.011419563624939743,,
Usability,Suppress redundant channel activations,0,1,2,214,217,2,1,0.08997290406174518,,-0.006562493591317981,1.0,-0.0,,-0.006562493591317981,,
Usability,Regularization training,0,8,2,207,217,2,8,0.2340716616353513,,-0.01886981395546065,1.0,-0.0,,-0.01886981395546065,,
Usability,Training with uncertainty measures,0,1,2,214,217,2,1,0.08997290406174518,,-0.006562493591317981,1.0,-0.0,,-0.006562493591317981,,
Usability,Finetuning ,0,10,2,205,217,2,10,0.25780435421065095,,-0.02119876669162978,1.0,-0.0,,-0.02119876669162978,,
Usability,Fault-aware retraining,0,1,2,214,217,2,1,0.08997290406174518,,-0.006562493591317981,1.0,-0.0,,-0.006562493591317981,,
Usability,Retraining for fine tuning,0,4,2,211,217,2,4,0.17185068465818631,,-0.013217093485861298,1.0,-0.0,,-0.013217093485861298,,
Usability,Quantization-aware retraining,0,3,2,212,217,2,3,0.15066306992548228,,-0.011419563624939743,1.0,-0.0,,-0.011419563624939743,,
Usability,Automatic retraining and deployment triggering,0,1,2,214,217,2,1,0.08997290406174518,,-0.006562493591317981,1.0,-0.0,,-0.006562493591317981,,
Usability,Training with adversarial noise,0,4,2,211,217,2,4,0.17185068465818631,,-0.013217093485861298,1.0,-0.0,,-0.013217093485861298,,
Usability,Heuristics-driven augmentation,0,5,2,210,217,2,5,0.19007895443513734,,-0.014811970539375384,1.0,-0.0,,-0.014811970539375384,,
Usability,Data-driven augmentations,0,1,2,214,217,2,1,0.08997290406174518,,-0.006562493591317981,1.0,-0.0,,-0.006562493591317981,,
Usability,Modular system design,0,2,2,213,217,2,2,0.12482668095705252,,-0.009302325581395349,1.0,-0.0,,-0.009302325581395349,,
Usability,Sensor ring architecture,0,1,2,214,217,2,1,0.08997290406174518,,-0.006562493591317981,1.0,-0.0,,-0.006562493591317981,,
Usability,Containerization,0,3,2,212,217,2,3,0.15066306992548228,,-0.011419563624939743,1.0,-0.0,,-0.011419563624939743,,
Usability,Specific model type selection,0,4,2,211,217,2,4,0.17185068465818631,,-0.013217093485861298,1.0,-0.0,,-0.013217093485861298,,
Usability,TPU SoC or Accelerator Hardware ,0,5,2,210,217,2,5,0.19007895443513734,,-0.014811970539375384,1.0,-0.0,,-0.014811970539375384,,
Usability,Edge compute hardware,0,4,2,211,217,2,4,0.17185068465818631,,-0.013217093485861298,1.0,-0.0,,-0.013217093485861298,,
Usability,Library Encapsulation,0,1,2,214,217,2,1,0.08997290406174518,,-0.006562493591317981,1.0,-0.0,,-0.006562493591317981,,
Usability,Deployment pipeline creation,0,3,2,212,217,2,3,0.15066306992548228,,-0.011419563624939743,1.0,-0.0,,-0.011419563624939743,,
Usability,Model pool for deployment,0,1,2,214,217,2,1,0.08997290406174518,,-0.006562493591317981,1.0,-0.0,,-0.006562493591317981,,
Usability,Network combination,0,3,2,212,217,2,3,0.15066306992548228,,-0.011419563624939743,1.0,-0.0,,-0.011419563624939743,,
Usability,Weight averaging,0,1,2,214,217,2,1,0.08997290406174518,,-0.006562493591317981,1.0,-0.0,,-0.006562493591317981,,
Usability,Input resolution adjustment,0,3,2,212,217,2,3,0.15066306992548228,,-0.011419563624939743,1.0,-0.0,,-0.011419563624939743,,
Usability,Sensor or input data fusion,0,5,2,210,217,2,5,0.19007895443513734,,-0.014811970539375384,1.0,-0.0,,-0.014811970539375384,,
Usability,Sliding Window,0,1,2,214,217,2,1,0.08997290406174518,,-0.006562493591317981,1.0,-0.0,,-0.006562493591317981,,
Usability,Input spatial partitioning,0,1,2,214,217,2,1,0.08997290406174518,,-0.006562493591317981,1.0,-0.0,,-0.006562493591317981,,
Usability,Input contrast improvement,0,1,2,214,217,2,1,0.08997290406174518,,-0.006562493591317981,1.0,-0.0,,-0.006562493591317981,,
Usability,Input modification,0,2,2,213,217,2,2,0.12482668095705252,,-0.009302325581395349,1.0,-0.0,,-0.009302325581395349,,
Usability,Sequential input fusion,0,1,2,214,217,2,1,0.08997290406174518,,-0.006562493591317981,1.0,-0.0,,-0.006562493591317981,,
Usability,Signal overwriting,0,1,2,214,217,2,1,0.08997290406174518,,-0.006562493591317981,1.0,-0.0,,-0.006562493591317981,,
Usability,Denoising,0,2,2,213,217,2,2,0.12482668095705252,,-0.009302325581395349,1.0,-0.0,,-0.009302325581395349,,
Usability,Robust feature extraction,0,2,2,213,217,2,2,0.12482668095705252,,-0.009302325581395349,1.0,-0.0,,-0.009302325581395349,,
Usability,Post-processing,0,1,2,214,217,2,1,0.08997290406174518,,-0.006562493591317981,1.0,-0.0,,-0.006562493591317981,,
Usability,Decision smoothing,0,1,2,214,217,2,1,0.08997290406174518,,-0.006562493591317981,1.0,-0.0,,-0.006562493591317981,,
Usability,Width adjustment,0,15,2,200,217,2,15,0.30590634059779964,,-0.02628244187844261,1.0,-0.0,,-0.02628244187844261,,
Usability,Depth adjustment,0,12,2,203,217,2,12,0.27862677921159384,,-0.0233350889326849,1.0,-0.0,,-0.0233350889326849,,
Usability,Last stage reduction,0,1,2,214,217,2,1,0.08997290406174518,,-0.006562493591317981,1.0,-0.0,,-0.006562493591317981,,
Usability,New or specific layer module,0,5,2,210,217,2,5,0.19007895443513734,,-0.014811970539375384,1.0,-0.0,,-0.014811970539375384,,
Usability,Model fusion,0,1,2,214,217,2,1,0.08997290406174518,,-0.006562493591317981,1.0,-0.0,,-0.006562493591317981,,
Usability,Kernel regularization,0,1,2,214,217,2,1,0.08997290406174518,,-0.006562493591317981,1.0,-0.0,,-0.006562493591317981,,
Usability,Regularization,0,7,2,208,217,2,7,0.22076594753891132,,-0.017609018126512475,1.0,-0.0,,-0.017609018126512475,,
Usability,Additional side branches with uncertainty measures,0,2,2,213,217,2,2,0.12482668095705252,,-0.009302325581395349,1.0,-0.0,,-0.009302325581395349,,
Usability,Tuner and meta-tuner blocks,0,2,2,213,217,2,2,0.12482668095705252,,-0.009302325581395349,1.0,-0.0,,-0.009302325581395349,,
Usability,Adapter module,0,2,2,213,217,2,2,0.12482668095705252,,-0.009302325581395349,1.0,-0.0,,-0.009302325581395349,,
Usability,Bottleneck module,0,2,2,213,217,2,2,0.12482668095705252,,-0.009302325581395349,1.0,-0.0,,-0.009302325581395349,,
Usability,Separation of convolutional kernels,0,2,2,213,217,2,2,0.12482668095705252,,-0.009302325581395349,1.0,-0.0,,-0.009302325581395349,,
Usability,Depthwise-separable convolution layers,0,2,2,213,217,2,2,0.12482668095705252,,-0.009302325581395349,1.0,-0.0,,-0.009302325581395349,,
Usability,Convolution unfolding,0,1,2,214,217,2,1,0.08997290406174518,,-0.006562493591317981,1.0,-0.0,,-0.006562493591317981,,
Usability,Activation function selection,0,4,2,211,217,2,4,0.17185068465818631,,-0.013217093485861298,1.0,-0.0,,-0.013217093485861298,,
Usability,Layer fusion,0,1,2,214,217,2,1,0.08997290406174518,,-0.006562493591317981,1.0,-0.0,,-0.006562493591317981,,
Usability,Fault-map-based neuron re-mapping,0,1,2,214,217,2,1,0.08997290406174518,,-0.006562493591317981,1.0,-0.0,,-0.006562493591317981,,
Usability,Multiscale feature processing architectures,0,1,2,214,217,2,1,0.08997290406174518,,-0.006562493591317981,1.0,-0.0,,-0.006562493591317981,,
Usability,Architecture design through math. optimization,0,5,2,210,217,2,5,0.19007895443513734,,-0.014811970539375384,1.0,-0.0,,-0.014811970539375384,,
Usability,Neural architecture search,0,10,2,205,217,2,10,0.25780435421065095,,-0.02119876669162978,1.0,-0.0,,-0.02119876669162978,,
Usability,Hardware and Software codesign,0,8,2,207,217,2,8,0.2340716616353513,,-0.01886981395546065,1.0,-0.0,,-0.01886981395546065,,
Usability,Architecture design optimization with reinforcement learning,0,2,2,213,217,2,2,0.12482668095705252,,-0.009302325581395349,1.0,-0.0,,-0.009302325581395349,,
Usability,Model format conversion,0,2,2,213,217,2,2,0.12482668095705252,,-0.009302325581395349,1.0,-0.0,,-0.009302325581395349,,
Usability,Normalization,0,3,2,212,217,2,3,0.15066306992548228,,-0.011419563624939743,1.0,-0.0,,-0.011419563624939743,,
Usability,Policy conversion,0,1,2,214,217,2,1,0.08997290406174518,,-0.006562493591317981,1.0,-0.0,,-0.006562493591317981,,
Usability,Feature encoding,0,3,2,212,217,2,3,0.15066306992548228,,-0.011419563624939743,1.0,-0.0,,-0.011419563624939743,,
Usability,On-chip weight caching,0,2,2,213,217,2,2,0.12482668095705252,,-0.009302325581395349,1.0,-0.0,,-0.009302325581395349,,
Usability,Cache preloading,0,1,2,214,217,2,1,0.08997290406174518,,-0.006562493591317981,1.0,-0.0,,-0.006562493591317981,,
Usability,Prediction/intermediate result caching,0,2,2,213,217,2,2,0.12482668095705252,,-0.009302325581395349,1.0,-0.0,,-0.009302325581395349,,
Usability,Relevant content caching,0,1,2,214,217,2,1,0.08997290406174518,,-0.006562493591317981,1.0,-0.0,,-0.006562493591317981,,
Usability,Light communication protocol usage,0,1,2,214,217,2,1,0.08997290406174518,,-0.006562493591317981,1.0,-0.0,,-0.006562493591317981,,
Usability,Cloud compression and edge reconstruction,0,1,2,214,217,2,1,0.08997290406174518,,-0.006562493591317981,1.0,-0.0,,-0.006562493591317981,,
Usability,Deadline-aware scheduling,0,2,2,213,217,2,2,0.12482668095705252,,-0.009302325581395349,1.0,-0.0,,-0.009302325581395349,,
Usability,Memory scheduling,0,2,2,213,217,2,2,0.12482668095705252,,-0.009302325581395349,1.0,-0.0,,-0.009302325581395349,,
Usability,Multitask Scheduling,0,3,2,212,217,2,3,0.15066306992548228,,-0.011419563624939743,1.0,-0.0,,-0.011419563624939743,,
Usability,Single task assignment,0,1,2,214,217,2,1,0.08997290406174518,,-0.006562493591317981,1.0,-0.0,,-0.006562493591317981,,
Usability,Adaptive model scheduling,0,1,2,214,217,2,1,0.08997290406174518,,-0.006562493591317981,1.0,-0.0,,-0.006562493591317981,,
Usability,Adaptive batching,0,1,2,214,217,2,1,0.08997290406174518,,-0.006562493591317981,1.0,-0.0,,-0.006562493591317981,,
Usability,Later local processing of encoded features,0,1,2,214,217,2,1,0.08997290406174518,,-0.006562493591317981,1.0,-0.0,,-0.006562493591317981,,
Usability,Concurrent processing hardware,0,7,2,208,217,2,7,0.22076594753891132,,-0.017609018126512475,1.0,-0.0,,-0.017609018126512475,,
Usability,Straggler mitigation,0,1,2,214,217,2,1,0.08997290406174518,,-0.006562493591317981,1.0,-0.0,,-0.006562493591317981,,
Usability,Prediction combination of multi-models,0,1,2,214,217,2,1,0.08997290406174518,,-0.006562493591317981,1.0,-0.0,,-0.006562493591317981,,
Usability,Competing models ,0,1,2,214,217,2,1,0.08997290406174518,,-0.006562493591317981,1.0,-0.0,,-0.006562493591317981,,
Usability,Multi-model of different models,0,6,2,209,217,2,6,0.206212993639731,,-0.016264104850251135,1.0,-0.0,,-0.016264104850251135,,
Usability,Task-level parallelism on CNN layer-level,0,9,2,206,217,2,9,0.24636168355623522,,-0.020062514106460188,1.0,-0.0,,-0.020062514106460188,,
Usability,Data-level parallelsim in CNN layer,0,1,2,214,217,2,1,0.08997290406174518,,-0.006562493591317981,1.0,-0.0,,-0.006562493591317981,,
Usability,Event-based processing,0,1,2,214,217,2,1,0.08997290406174518,,-0.006562493591317981,1.0,-0.0,,-0.006562493591317981,,
Usability,Partial layer execution,0,2,2,213,217,2,2,0.12482668095705252,,-0.009302325581395349,1.0,-0.0,,-0.009302325581395349,,
Usability,Matrix-multiplication optimization,0,1,2,214,217,2,1,0.08997290406174518,,-0.006562493591317981,1.0,-0.0,,-0.006562493591317981,,
Usability,Simultaneous memory loading,0,4,2,211,217,2,4,0.17185068465818631,,-0.013217093485861298,1.0,-0.0,,-0.013217093485861298,,
Usability,Internal computation balancing,0,3,2,212,217,2,3,0.15066306992548228,,-0.011419563624939743,1.0,-0.0,,-0.011419563624939743,,
Usability,Quantitative sensor selection,0,1,2,214,217,2,1,0.08997290406174518,,-0.006562493591317981,1.0,-0.0,,-0.006562493591317981,,
Usability,Out-of-distribution detection,0,3,2,212,217,2,3,0.15066306992548228,,-0.011419563624939743,1.0,-0.0,,-0.011419563624939743,,
Usability,Failure prevention or mitigation,0,3,2,212,217,2,3,0.15066306992548228,,-0.011419563624939743,1.0,-0.0,,-0.011419563624939743,,
Usability,Independent model development,0,1,2,214,217,2,1,0.08997290406174518,,-0.006562493591317981,1.0,-0.0,,-0.006562493591317981,,
Usability,Coupled semantic descriptions,0,1,2,214,217,2,1,0.08997290406174518,,-0.006562493591317981,1.0,-0.0,,-0.006562493591317981,,
Usability,Test time adaption,0,2,2,213,217,2,2,0.12482668095705252,,-0.009302325581395349,1.0,-0.0,,-0.009302325581395349,,
Usability,Merging of fault maps,0,1,2,214,217,2,1,0.08997290406174518,,-0.006562493591317981,1.0,-0.0,,-0.006562493591317981,,
Usability,High-level synthesis,0,1,2,214,217,2,1,0.08997290406174518,,-0.006562493591317981,1.0,-0.0,,-0.006562493591317981,,
Usability,Post-hoc uncertainty calibration ,0,1,2,214,217,2,1,0.08997290406174518,,-0.006562493591317981,1.0,-0.0,,-0.006562493591317981,,
Operability,Pruning,0,23,1,193,217,1,23,0.2736491391955218,,-0.023428051901170213,1.0,-0.0,,-0.023428051901170213,,
Operability,Quantization,0,40,1,176,217,1,40,0.3440278999511197,,-0.03234569498553233,1.0,-0.0,,-0.03234569498553233,,
Operability,Post-training quantization,0,1,1,215,217,1,1,0.06449301496838222,,-0.004629629629629629,1.0,-0.0,,-0.004629629629629629,,
Operability,Huffman coding,0,1,1,215,217,1,1,0.06449301496838222,,-0.004629629629629629,1.0,-0.0,,-0.004629629629629629,,
Operability,Ablation,0,1,1,215,217,1,1,0.06449301496838222,,-0.004629629629629629,1.0,-0.0,,-0.004629629629629629,,
Operability,Mixed-precision compression,0,5,1,211,217,1,5,0.13849222534596417,,-0.010449372136989982,1.0,-0.0,,-0.010449372136989982,,
Operability,Integer-only operations,0,11,1,205,217,1,11,0.19837015644199685,,-0.015723016016341327,1.0,-0.0,,-0.015723016016341327,,
Operability,Parameter amount reduction,0,2,1,214,217,1,2,0.08997290406174518,,-0.006562493591317981,1.0,-0.0,,-0.006562493591317981,,
Operability,Binary and ternary weights training,0,1,1,215,217,1,1,0.06449301496838222,,-0.004629629629629629,1.0,-0.0,,-0.004629629629629629,,
Operability,Quantization-aware training,0,3,1,213,217,1,3,0.10905274771158924,,-0.008056137408713865,1.0,-0.0,,-0.008056137408713865,,
Operability,Binary weights and activations,0,6,1,210,217,1,6,0.15066306992548228,,-0.011473806513691905,1.0,-0.0,,-0.011473806513691905,,
Operability,Ternary weights and activations 2-bit,0,5,1,211,217,1,5,0.13849222534596417,,-0.010449372136989982,1.0,-0.0,,-0.010449372136989982,,
Operability,Tenary weights,0,4,1,212,217,1,4,0.12482668095705252,,-0.009324237314407657,1.0,-0.0,,-0.009324237314407657,,
Operability,ADMM-based compression,0,4,1,212,217,1,4,0.12482668095705252,,-0.009324237314407657,1.0,-0.0,,-0.009324237314407657,,
Operability,Sparsification,0,10,1,206,217,1,10,0.19007895443513734,,-0.014955052834949042,1.0,-0.0,,-0.014955052834949042,,
Operability,Weight sharing,0,1,1,215,217,1,1,0.06449301496838222,,-0.004629629629629629,1.0,-0.0,,-0.004629629629629629,,
Operability,Weight grouping,0,1,1,215,217,1,1,0.06449301496838222,,-0.004629629629629629,1.0,-0.0,,-0.004629629629629629,,
Operability,Node masking,0,1,1,215,217,1,1,0.06449301496838222,,-0.004629629629629629,1.0,-0.0,,-0.004629629629629629,,
Operability,Diagonal scalar weight matrix,0,1,1,215,217,1,1,0.06449301496838222,,-0.004629629629629629,1.0,-0.0,,-0.004629629629629629,,
Operability,Matrix reusing,0,1,1,215,217,1,1,0.06449301496838222,,-0.004629629629629629,1.0,-0.0,,-0.004629629629629629,,
Operability,Smaller computation datatype,0,7,1,209,217,1,7,0.16170349855334454,,-0.012422599874998832,1.0,-0.0,,-0.012422599874998832,,
Operability,Tensor or matrix decomposition,0,6,1,210,217,1,6,0.15066306992548228,,-0.011473806513691905,1.0,-0.0,,-0.011473806513691905,,
Operability,Continous learning,0,1,1,215,217,1,1,0.06449301496838222,,-0.004629629629629629,1.0,-0.0,,-0.004629629629629629,,
Operability,Imitation learning,0,1,1,215,217,1,1,0.06449301496838222,,-0.004629629629629629,1.0,-0.0,,-0.004629629629629629,,
Operability,Closed-loop learning,0,6,1,210,217,1,6,0.15066306992548228,,-0.011473806513691905,1.0,-0.0,,-0.011473806513691905,,
Operability,Meta-learning,0,10,1,206,217,1,10,0.19007895443513734,,-0.014955052834949042,1.0,-0.0,,-0.014955052834949042,,
Operability,Self-supervision learning,0,3,1,213,217,1,3,0.10905274771158924,,-0.008056137408713865,1.0,-0.0,,-0.008056137408713865,,
Operability,Self-adjusted learning,0,1,1,215,217,1,1,0.06449301496838222,,-0.004629629629629629,1.0,-0.0,,-0.004629629629629629,,
Operability,Destillation learning,0,11,1,205,217,1,11,0.19837015644199685,,-0.015723016016341327,1.0,-0.0,,-0.015723016016341327,,
Operability,Transfer learning,0,5,1,211,217,1,5,0.13849222534596417,,-0.010449372136989982,1.0,-0.0,,-0.010449372136989982,,
Operability,Federated learning,0,2,1,214,217,1,2,0.08997290406174518,,-0.006562493591317981,1.0,-0.0,,-0.006562493591317981,,
Operability,End-to-end learning,0,4,1,212,217,1,4,0.12482668095705252,,-0.009324237314407657,1.0,-0.0,,-0.009324237314407657,,
Operability,Few-shot learning,0,4,1,212,217,1,4,0.12482668095705252,,-0.009324237314407657,1.0,-0.0,,-0.009324237314407657,,
Operability,Online training,0,1,1,215,217,1,1,0.06449301496838222,,-0.004629629629629629,1.0,-0.0,,-0.004629629629629629,,
Operability,Test-time training,0,1,1,215,217,1,1,0.06449301496838222,,-0.004629629629629629,1.0,-0.0,,-0.004629629629629629,,
Operability,Fault tolerant training,0,4,1,212,217,1,4,0.12482668095705252,,-0.009324237314407657,1.0,-0.0,,-0.009324237314407657,,
Operability,Adversarial training,0,28,1,188,217,1,28,0.29725897566229753,,-0.026189140043946204,1.0,-0.0,,-0.026189140043946204,,
Operability,Adversarial generation decoupling,0,1,1,215,217,1,1,0.06449301496838222,,-0.004629629629629629,1.0,-0.0,,-0.004629629629629629,,
Operability,Incremental training with sensor data,0,2,1,214,217,1,2,0.08997290406174518,,-0.006562493591317981,1.0,-0.0,,-0.006562493591317981,,
Operability,Inclusion of wrong labeled data in training,0,1,1,215,217,1,1,0.06449301496838222,,-0.004629629629629629,1.0,-0.0,,-0.004629629629629629,,
Operability,Training with unlabed data,0,2,1,214,217,1,2,0.08997290406174518,,-0.006562493591317981,1.0,-0.0,,-0.006562493591317981,,
Operability,Standard training on fully labeled datasets,0,3,1,213,217,1,3,0.10905274771158924,,-0.008056137408713865,1.0,-0.0,,-0.008056137408713865,,
Operability,On-device local training,0,3,1,213,217,1,3,0.10905274771158924,,-0.008056137408713865,1.0,-0.0,,-0.008056137408713865,,
Operability,Training with gradient noise,0,2,1,214,217,1,2,0.08997290406174518,,-0.006562493591317981,1.0,-0.0,,-0.006562493591317981,,
Operability,Contrastive representation learning,0,1,1,215,217,1,1,0.06449301496838222,,-0.004629629629629629,1.0,-0.0,,-0.004629629629629629,,
Operability,Training optimization algorithm selection or adaptation,0,11,1,205,217,1,11,0.19837015644199685,,-0.015723016016341327,1.0,-0.0,,-0.015723016016341327,,
Operability,Training loss function selection or adaptation,0,5,1,211,217,1,5,0.13849222534596417,,-0.010449372136989982,1.0,-0.0,,-0.010449372136989982,,
Operability,Label smooting,0,2,1,214,217,1,2,0.08997290406174518,,-0.006562493591317981,1.0,-0.0,,-0.006562493591317981,,
Operability,Training loss early stopping,0,1,1,215,217,1,1,0.06449301496838222,,-0.004629629629629629,1.0,-0.0,,-0.004629629629629629,,
Operability,Weight initialization random,0,1,1,215,217,1,1,0.06449301496838222,,-0.004629629629629629,1.0,-0.0,,-0.004629629629629629,,
Operability,Pretraining,0,3,1,213,217,1,3,0.10905274771158924,,-0.008056137408713865,1.0,-0.0,,-0.008056137408713865,,
Operability,Suppress redundant channel activations,0,1,1,215,217,1,1,0.06449301496838222,,-0.004629629629629629,1.0,-0.0,,-0.004629629629629629,,
Operability,Regularization training,0,8,1,208,217,1,8,0.17185068465818631,,-0.013312051063847861,1.0,-0.0,,-0.013312051063847861,,
Operability,Training with uncertainty measures,0,1,1,215,217,1,1,0.06449301496838222,,-0.004629629629629629,1.0,-0.0,,-0.004629629629629629,,
Operability,Finetuning ,0,10,1,206,217,1,10,0.19007895443513734,,-0.014955052834949042,1.0,-0.0,,-0.014955052834949042,,
Operability,Fault-aware retraining,0,1,1,215,217,1,1,0.06449301496838222,,-0.004629629629629629,1.0,-0.0,,-0.004629629629629629,,
Operability,Retraining for fine tuning,0,4,1,212,217,1,4,0.12482668095705252,,-0.009324237314407657,1.0,-0.0,,-0.009324237314407657,,
Operability,Quantization-aware retraining,0,3,1,213,217,1,3,0.10905274771158924,,-0.008056137408713865,1.0,-0.0,,-0.008056137408713865,,
Operability,Automatic retraining and deployment triggering,0,1,1,215,217,1,1,0.06449301496838222,,-0.004629629629629629,1.0,-0.0,,-0.004629629629629629,,
Operability,Training with adversarial noise,0,4,1,212,217,1,4,0.12482668095705252,,-0.009324237314407657,1.0,-0.0,,-0.009324237314407657,,
Operability,Heuristics-driven augmentation,0,5,1,211,217,1,5,0.13849222534596417,,-0.010449372136989982,1.0,-0.0,,-0.010449372136989982,,
Operability,Data-driven augmentations,0,1,1,215,217,1,1,0.06449301496838222,,-0.004629629629629629,1.0,-0.0,,-0.004629629629629629,,
Operability,Modular system design,0,2,1,214,217,1,2,0.08997290406174518,,-0.006562493591317981,1.0,-0.0,,-0.006562493591317981,,
Operability,Sensor ring architecture,0,1,1,215,217,1,1,0.06449301496838222,,-0.004629629629629629,1.0,-0.0,,-0.004629629629629629,,
Operability,Containerization,0,3,1,213,217,1,3,0.10905274771158924,,-0.008056137408713865,1.0,-0.0,,-0.008056137408713865,,
Operability,Specific model type selection,0,4,1,212,217,1,4,0.12482668095705252,,-0.009324237314407657,1.0,-0.0,,-0.009324237314407657,,
Operability,TPU SoC or Accelerator Hardware ,0,5,1,211,217,1,5,0.13849222534596417,,-0.010449372136989982,1.0,-0.0,,-0.010449372136989982,,
Operability,Edge compute hardware,0,4,1,212,217,1,4,0.12482668095705252,,-0.009324237314407657,1.0,-0.0,,-0.009324237314407657,,
Operability,Library Encapsulation,0,1,1,215,217,1,1,0.06449301496838222,,-0.004629629629629629,1.0,-0.0,,-0.004629629629629629,,
Operability,Deployment pipeline creation,0,3,1,213,217,1,3,0.10905274771158924,,-0.008056137408713865,1.0,-0.0,,-0.008056137408713865,,
Operability,Model pool for deployment,0,1,1,215,217,1,1,0.06449301496838222,,-0.004629629629629629,1.0,-0.0,,-0.004629629629629629,,
Operability,Network combination,0,3,1,213,217,1,3,0.10905274771158924,,-0.008056137408713865,1.0,-0.0,,-0.008056137408713865,,
Operability,Network partitioning,0,9,1,207,217,1,9,0.18126924692201818,,-0.014153462926807447,1.0,-0.0,,-0.014153462926807447,,
Operability,Weight averaging,0,1,1,215,217,1,1,0.06449301496838222,,-0.004629629629629629,1.0,-0.0,,-0.004629629629629629,,
Operability,Input resolution adjustment,0,3,1,213,217,1,3,0.10905274771158924,,-0.008056137408713865,1.0,-0.0,,-0.008056137408713865,,
Operability,Sensor or input data fusion,0,5,1,211,217,1,5,0.13849222534596417,,-0.010449372136989982,1.0,-0.0,,-0.010449372136989982,,
Operability,Sliding Window,0,1,1,215,217,1,1,0.06449301496838222,,-0.004629629629629629,1.0,-0.0,,-0.004629629629629629,,
Operability,Frame rate reduction,0,2,1,214,217,1,2,0.08997290406174518,,-0.006562493591317981,1.0,-0.0,,-0.006562493591317981,,
Operability,Input spatial partitioning,0,1,1,215,217,1,1,0.06449301496838222,,-0.004629629629629629,1.0,-0.0,,-0.004629629629629629,,
Operability,Input contrast improvement,0,1,1,215,217,1,1,0.06449301496838222,,-0.004629629629629629,1.0,-0.0,,-0.004629629629629629,,
Operability,Input modification,0,2,1,214,217,1,2,0.08997290406174518,,-0.006562493591317981,1.0,-0.0,,-0.006562493591317981,,
Operability,Sequential input fusion,0,1,1,215,217,1,1,0.06449301496838222,,-0.004629629629629629,1.0,-0.0,,-0.004629629629629629,,
Operability,Signal overwriting,0,1,1,215,217,1,1,0.06449301496838222,,-0.004629629629629629,1.0,-0.0,,-0.004629629629629629,,
Operability,Denoising,0,2,1,214,217,1,2,0.08997290406174518,,-0.006562493591317981,1.0,-0.0,,-0.006562493591317981,,
Operability,Robust feature extraction,0,2,1,214,217,1,2,0.08997290406174518,,-0.006562493591317981,1.0,-0.0,,-0.006562493591317981,,
Operability,Post-processing,0,1,1,215,217,1,1,0.06449301496838222,,-0.004629629629629629,1.0,-0.0,,-0.004629629629629629,,
Operability,Decision smoothing,0,1,1,215,217,1,1,0.06449301496838222,,-0.004629629629629629,1.0,-0.0,,-0.004629629629629629,,
Operability,Width adjustment,0,15,1,201,217,1,15,0.22755841388363107,,-0.0185414233120827,1.0,-0.0,,-0.0185414233120827,,
Operability,Depth adjustment,0,12,1,204,217,1,12,0.206212993639731,,-0.016462159944159827,1.0,-0.0,,-0.016462159944159827,,
Operability,Last stage reduction,0,1,1,215,217,1,1,0.06449301496838222,,-0.004629629629629629,1.0,-0.0,,-0.004629629629629629,,
Operability,New or specific layer module,0,5,1,211,217,1,5,0.13849222534596417,,-0.010449372136989982,1.0,-0.0,,-0.010449372136989982,,
Operability,Model fusion,0,1,1,215,217,1,1,0.06449301496838222,,-0.004629629629629629,1.0,-0.0,,-0.004629629629629629,,
Operability,Kernel regularization,0,1,1,215,217,1,1,0.06449301496838222,,-0.004629629629629629,1.0,-0.0,,-0.004629629629629629,,
Operability,Regularization,0,7,1,209,217,1,7,0.16170349855334454,,-0.012422599874998832,1.0,-0.0,,-0.012422599874998832,,
Operability,Early-exit inference,0,4,1,212,217,1,4,0.12482668095705252,,-0.009324237314407657,1.0,-0.0,,-0.009324237314407657,,
Operability,Additional side branches with uncertainty measures,0,2,1,214,217,1,2,0.08997290406174518,,-0.006562493591317981,1.0,-0.0,,-0.006562493591317981,,
Operability,Tuner and meta-tuner blocks,0,2,1,214,217,1,2,0.08997290406174518,,-0.006562493591317981,1.0,-0.0,,-0.006562493591317981,,
Operability,Adapter module,0,2,1,214,217,1,2,0.08997290406174518,,-0.006562493591317981,1.0,-0.0,,-0.006562493591317981,,
Operability,Bottleneck module,0,2,1,214,217,1,2,0.08997290406174518,,-0.006562493591317981,1.0,-0.0,,-0.006562493591317981,,
Operability,Separation of convolutional kernels,0,2,1,214,217,1,2,0.08997290406174518,,-0.006562493591317981,1.0,-0.0,,-0.006562493591317981,,
Operability,Depthwise-separable convolution layers,0,2,1,214,217,1,2,0.08997290406174518,,-0.006562493591317981,1.0,-0.0,,-0.006562493591317981,,
Operability,Convolution unfolding,0,1,1,215,217,1,1,0.06449301496838222,,-0.004629629629629629,1.0,-0.0,,-0.004629629629629629,,
Operability,Activation function selection,0,4,1,212,217,1,4,0.12482668095705252,,-0.009324237314407657,1.0,-0.0,,-0.009324237314407657,,
Operability,Layer fusion,0,1,1,215,217,1,1,0.06449301496838222,,-0.004629629629629629,1.0,-0.0,,-0.004629629629629629,,
Operability,Fault-map-based neuron re-mapping,0,1,1,215,217,1,1,0.06449301496838222,,-0.004629629629629629,1.0,-0.0,,-0.004629629629629629,,
Operability,Multiscale feature processing architectures,0,1,1,215,217,1,1,0.06449301496838222,,-0.004629629629629629,1.0,-0.0,,-0.004629629629629629,,
Operability,Architecture design through math. optimization,0,5,1,211,217,1,5,0.13849222534596417,,-0.010449372136989982,1.0,-0.0,,-0.010449372136989982,,
Operability,Neural architecture search,0,10,1,206,217,1,10,0.19007895443513734,,-0.014955052834949042,1.0,-0.0,,-0.014955052834949042,,
Operability,Hardware and Software codesign,0,8,1,208,217,1,8,0.17185068465818631,,-0.013312051063847861,1.0,-0.0,,-0.013312051063847861,,
Operability,Architecture design optimization with reinforcement learning,0,2,1,214,217,1,2,0.08997290406174518,,-0.006562493591317981,1.0,-0.0,,-0.006562493591317981,,
Operability,Model format conversion,0,2,1,214,217,1,2,0.08997290406174518,,-0.006562493591317981,1.0,-0.0,,-0.006562493591317981,,
Operability,Normalization,0,3,1,213,217,1,3,0.10905274771158924,,-0.008056137408713865,1.0,-0.0,,-0.008056137408713865,,
Operability,Policy conversion,0,1,1,215,217,1,1,0.06449301496838222,,-0.004629629629629629,1.0,-0.0,,-0.004629629629629629,,
Operability,Feature encoding,0,3,1,213,217,1,3,0.10905274771158924,,-0.008056137408713865,1.0,-0.0,,-0.008056137408713865,,
Operability,On-chip weight caching,0,2,1,214,217,1,2,0.08997290406174518,,-0.006562493591317981,1.0,-0.0,,-0.006562493591317981,,
Operability,Cache preloading,0,1,1,215,217,1,1,0.06449301496838222,,-0.004629629629629629,1.0,-0.0,,-0.004629629629629629,,
Operability,Prediction/intermediate result caching,0,2,1,214,217,1,2,0.08997290406174518,,-0.006562493591317981,1.0,-0.0,,-0.006562493591317981,,
Operability,Relevant content caching,0,1,1,215,217,1,1,0.06449301496838222,,-0.004629629629629629,1.0,-0.0,,-0.004629629629629629,,
Operability,Light communication protocol usage,0,1,1,215,217,1,1,0.06449301496838222,,-0.004629629629629629,1.0,-0.0,,-0.004629629629629629,,
Operability,Cloud compression and edge reconstruction,0,1,1,215,217,1,1,0.06449301496838222,,-0.004629629629629629,1.0,-0.0,,-0.004629629629629629,,
Operability,Deadline-aware scheduling,0,2,1,214,217,1,2,0.08997290406174518,,-0.006562493591317981,1.0,-0.0,,-0.006562493591317981,,
Operability,Memory scheduling,0,2,1,214,217,1,2,0.08997290406174518,,-0.006562493591317981,1.0,-0.0,,-0.006562493591317981,,
Operability,Multitask Scheduling,0,3,1,213,217,1,3,0.10905274771158924,,-0.008056137408713865,1.0,-0.0,,-0.008056137408713865,,
Operability,Single task assignment,0,1,1,215,217,1,1,0.06449301496838222,,-0.004629629629629629,1.0,-0.0,,-0.004629629629629629,,
Operability,Adaptive model scheduling,0,1,1,215,217,1,1,0.06449301496838222,,-0.004629629629629629,1.0,-0.0,,-0.004629629629629629,,
Operability,Adaptive batching,0,1,1,215,217,1,1,0.06449301496838222,,-0.004629629629629629,1.0,-0.0,,-0.004629629629629629,,
Operability,Sensor duty cycle,0,2,1,214,217,1,2,0.08997290406174518,,-0.006562493591317981,1.0,-0.0,,-0.006562493591317981,,
Operability,Later local processing of encoded features,0,1,1,215,217,1,1,0.06449301496838222,,-0.004629629629629629,1.0,-0.0,,-0.004629629629629629,,
Operability,Concurrent processing hardware,0,7,1,209,217,1,7,0.16170349855334454,,-0.012422599874998832,1.0,-0.0,,-0.012422599874998832,,
Operability,Straggler mitigation,0,1,1,215,217,1,1,0.06449301496838222,,-0.004629629629629629,1.0,-0.0,,-0.004629629629629629,,
Operability,Prediction combination of multi-models,0,1,1,215,217,1,1,0.06449301496838222,,-0.004629629629629629,1.0,-0.0,,-0.004629629629629629,,
Operability,Competing models ,0,1,1,215,217,1,1,0.06449301496838222,,-0.004629629629629629,1.0,-0.0,,-0.004629629629629629,,
Operability,Multi-model of different models,0,6,1,210,217,1,6,0.15066306992548228,,-0.011473806513691905,1.0,-0.0,,-0.011473806513691905,,
Operability,Task-level parallelism on CNN layer-level,0,9,1,207,217,1,9,0.18126924692201818,,-0.014153462926807447,1.0,-0.0,,-0.014153462926807447,,
Operability,Data-level parallelsim in CNN layer,0,1,1,215,217,1,1,0.06449301496838222,,-0.004629629629629629,1.0,-0.0,,-0.004629629629629629,,
Operability,Event-based processing,0,1,1,215,217,1,1,0.06449301496838222,,-0.004629629629629629,1.0,-0.0,,-0.004629629629629629,,
Operability,Partial layer execution,0,2,1,214,217,1,2,0.08997290406174518,,-0.006562493591317981,1.0,-0.0,,-0.006562493591317981,,
Operability,Matrix-multiplication optimization,0,1,1,215,217,1,1,0.06449301496838222,,-0.004629629629629629,1.0,-0.0,,-0.004629629629629629,,
Operability,Simultaneous memory loading,0,4,1,212,217,1,4,0.12482668095705252,,-0.009324237314407657,1.0,-0.0,,-0.009324237314407657,,
Operability,External computational offloading,0,11,1,205,217,1,11,0.19837015644199685,,-0.015723016016341327,1.0,-0.0,,-0.015723016016341327,,
Operability,Internal computation balancing,0,3,1,213,217,1,3,0.10905274771158924,,-0.008056137408713865,1.0,-0.0,,-0.008056137408713865,,
Operability,Quantitative sensor selection,0,1,1,215,217,1,1,0.06449301496838222,,-0.004629629629629629,1.0,-0.0,,-0.004629629629629629,,
Operability,Out-of-distribution detection,0,3,1,213,217,1,3,0.10905274771158924,,-0.008056137408713865,1.0,-0.0,,-0.008056137408713865,,
Operability,Failure prevention or mitigation,0,3,1,213,217,1,3,0.10905274771158924,,-0.008056137408713865,1.0,-0.0,,-0.008056137408713865,,
Operability,Independent model development,0,1,1,215,217,1,1,0.06449301496838222,,-0.004629629629629629,1.0,-0.0,,-0.004629629629629629,,
Operability,Coupled semantic descriptions,0,1,1,215,217,1,1,0.06449301496838222,,-0.004629629629629629,1.0,-0.0,,-0.004629629629629629,,
Operability,Test time adaption,0,2,1,214,217,1,2,0.08997290406174518,,-0.006562493591317981,1.0,-0.0,,-0.006562493591317981,,
Operability,Merging of fault maps,0,1,1,215,217,1,1,0.06449301496838222,,-0.004629629629629629,1.0,-0.0,,-0.004629629629629629,,
Operability,High-level synthesis,0,1,1,215,217,1,1,0.06449301496838222,,-0.004629629629629629,1.0,-0.0,,-0.004629629629629629,,
Operability,Post-hoc uncertainty calibration ,0,1,1,215,217,1,1,0.06449301496838222,,-0.004629629629629629,1.0,-0.0,,-0.004629629629629629,,
Accessability,Pruning,0,23,1,193,217,1,23,0.2736491391955218,,-0.023428051901170213,1.0,-0.0,,-0.023428051901170213,,
Accessability,Quantization,0,40,1,176,217,1,40,0.3440278999511197,,-0.03234569498553233,1.0,-0.0,,-0.03234569498553233,,
Accessability,Post-training quantization,0,1,1,215,217,1,1,0.06449301496838222,,-0.004629629629629629,1.0,-0.0,,-0.004629629629629629,,
Accessability,Huffman coding,0,1,1,215,217,1,1,0.06449301496838222,,-0.004629629629629629,1.0,-0.0,,-0.004629629629629629,,
Accessability,Ablation,0,1,1,215,217,1,1,0.06449301496838222,,-0.004629629629629629,1.0,-0.0,,-0.004629629629629629,,
Accessability,Mixed-precision compression,0,5,1,211,217,1,5,0.13849222534596417,,-0.010449372136989982,1.0,-0.0,,-0.010449372136989982,,
Accessability,Integer-only operations,0,11,1,205,217,1,11,0.19837015644199685,,-0.015723016016341327,1.0,-0.0,,-0.015723016016341327,,
Accessability,Parameter amount reduction,0,2,1,214,217,1,2,0.08997290406174518,,-0.006562493591317981,1.0,-0.0,,-0.006562493591317981,,
Accessability,Binary and ternary weights training,0,1,1,215,217,1,1,0.06449301496838222,,-0.004629629629629629,1.0,-0.0,,-0.004629629629629629,,
Accessability,Quantization-aware training,0,3,1,213,217,1,3,0.10905274771158924,,-0.008056137408713865,1.0,-0.0,,-0.008056137408713865,,
Accessability,Binary weights and activations,0,6,1,210,217,1,6,0.15066306992548228,,-0.011473806513691905,1.0,-0.0,,-0.011473806513691905,,
Accessability,Ternary weights and activations 2-bit,0,5,1,211,217,1,5,0.13849222534596417,,-0.010449372136989982,1.0,-0.0,,-0.010449372136989982,,
Accessability,Tenary weights,0,4,1,212,217,1,4,0.12482668095705252,,-0.009324237314407657,1.0,-0.0,,-0.009324237314407657,,
Accessability,ADMM-based compression,0,4,1,212,217,1,4,0.12482668095705252,,-0.009324237314407657,1.0,-0.0,,-0.009324237314407657,,
Accessability,Sparsification,0,10,1,206,217,1,10,0.19007895443513734,,-0.014955052834949042,1.0,-0.0,,-0.014955052834949042,,
Accessability,Weight sharing,0,1,1,215,217,1,1,0.06449301496838222,,-0.004629629629629629,1.0,-0.0,,-0.004629629629629629,,
Accessability,Weight grouping,0,1,1,215,217,1,1,0.06449301496838222,,-0.004629629629629629,1.0,-0.0,,-0.004629629629629629,,
Accessability,Node masking,0,1,1,215,217,1,1,0.06449301496838222,,-0.004629629629629629,1.0,-0.0,,-0.004629629629629629,,
Accessability,Diagonal scalar weight matrix,0,1,1,215,217,1,1,0.06449301496838222,,-0.004629629629629629,1.0,-0.0,,-0.004629629629629629,,
Accessability,Matrix reusing,0,1,1,215,217,1,1,0.06449301496838222,,-0.004629629629629629,1.0,-0.0,,-0.004629629629629629,,
Accessability,Smaller computation datatype,0,7,1,209,217,1,7,0.16170349855334454,,-0.012422599874998832,1.0,-0.0,,-0.012422599874998832,,
Accessability,Tensor or matrix decomposition,0,6,1,210,217,1,6,0.15066306992548228,,-0.011473806513691905,1.0,-0.0,,-0.011473806513691905,,
Accessability,Continous learning,0,1,1,215,217,1,1,0.06449301496838222,,-0.004629629629629629,1.0,-0.0,,-0.004629629629629629,,
Accessability,Imitation learning,0,1,1,215,217,1,1,0.06449301496838222,,-0.004629629629629629,1.0,-0.0,,-0.004629629629629629,,
Accessability,Closed-loop learning,0,6,1,210,217,1,6,0.15066306992548228,,-0.011473806513691905,1.0,-0.0,,-0.011473806513691905,,
Accessability,Meta-learning,0,10,1,206,217,1,10,0.19007895443513734,,-0.014955052834949042,1.0,-0.0,,-0.014955052834949042,,
Accessability,Self-supervision learning,0,3,1,213,217,1,3,0.10905274771158924,,-0.008056137408713865,1.0,-0.0,,-0.008056137408713865,,
Accessability,Self-adjusted learning,0,1,1,215,217,1,1,0.06449301496838222,,-0.004629629629629629,1.0,-0.0,,-0.004629629629629629,,
Accessability,Destillation learning,0,11,1,205,217,1,11,0.19837015644199685,,-0.015723016016341327,1.0,-0.0,,-0.015723016016341327,,
Accessability,Transfer learning,0,5,1,211,217,1,5,0.13849222534596417,,-0.010449372136989982,1.0,-0.0,,-0.010449372136989982,,
Accessability,Federated learning,0,2,1,214,217,1,2,0.08997290406174518,,-0.006562493591317981,1.0,-0.0,,-0.006562493591317981,,
Accessability,End-to-end learning,0,4,1,212,217,1,4,0.12482668095705252,,-0.009324237314407657,1.0,-0.0,,-0.009324237314407657,,
Accessability,Few-shot learning,0,4,1,212,217,1,4,0.12482668095705252,,-0.009324237314407657,1.0,-0.0,,-0.009324237314407657,,
Accessability,Online training,0,1,1,215,217,1,1,0.06449301496838222,,-0.004629629629629629,1.0,-0.0,,-0.004629629629629629,,
Accessability,Test-time training,0,1,1,215,217,1,1,0.06449301496838222,,-0.004629629629629629,1.0,-0.0,,-0.004629629629629629,,
Accessability,Fault tolerant training,0,4,1,212,217,1,4,0.12482668095705252,,-0.009324237314407657,1.0,-0.0,,-0.009324237314407657,,
Accessability,Adversarial training,0,28,1,188,217,1,28,0.29725897566229753,,-0.026189140043946204,1.0,-0.0,,-0.026189140043946204,,
Accessability,Adversarial generation decoupling,0,1,1,215,217,1,1,0.06449301496838222,,-0.004629629629629629,1.0,-0.0,,-0.004629629629629629,,
Accessability,Incremental training with sensor data,0,2,1,214,217,1,2,0.08997290406174518,,-0.006562493591317981,1.0,-0.0,,-0.006562493591317981,,
Accessability,Inclusion of wrong labeled data in training,0,1,1,215,217,1,1,0.06449301496838222,,-0.004629629629629629,1.0,-0.0,,-0.004629629629629629,,
Accessability,Training with unlabed data,0,2,1,214,217,1,2,0.08997290406174518,,-0.006562493591317981,1.0,-0.0,,-0.006562493591317981,,
Accessability,Standard training on fully labeled datasets,0,3,1,213,217,1,3,0.10905274771158924,,-0.008056137408713865,1.0,-0.0,,-0.008056137408713865,,
Accessability,On-device local training,0,3,1,213,217,1,3,0.10905274771158924,,-0.008056137408713865,1.0,-0.0,,-0.008056137408713865,,
Accessability,Training with gradient noise,0,2,1,214,217,1,2,0.08997290406174518,,-0.006562493591317981,1.0,-0.0,,-0.006562493591317981,,
Accessability,Contrastive representation learning,0,1,1,215,217,1,1,0.06449301496838222,,-0.004629629629629629,1.0,-0.0,,-0.004629629629629629,,
Accessability,Training optimization algorithm selection or adaptation,0,11,1,205,217,1,11,0.19837015644199685,,-0.015723016016341327,1.0,-0.0,,-0.015723016016341327,,
Accessability,Training loss function selection or adaptation,0,5,1,211,217,1,5,0.13849222534596417,,-0.010449372136989982,1.0,-0.0,,-0.010449372136989982,,
Accessability,Label smooting,0,2,1,214,217,1,2,0.08997290406174518,,-0.006562493591317981,1.0,-0.0,,-0.006562493591317981,,
Accessability,Training loss early stopping,0,1,1,215,217,1,1,0.06449301496838222,,-0.004629629629629629,1.0,-0.0,,-0.004629629629629629,,
Accessability,Weight initialization random,0,1,1,215,217,1,1,0.06449301496838222,,-0.004629629629629629,1.0,-0.0,,-0.004629629629629629,,
Accessability,Pretraining,0,3,1,213,217,1,3,0.10905274771158924,,-0.008056137408713865,1.0,-0.0,,-0.008056137408713865,,
Accessability,Suppress redundant channel activations,0,1,1,215,217,1,1,0.06449301496838222,,-0.004629629629629629,1.0,-0.0,,-0.004629629629629629,,
Accessability,Regularization training,0,8,1,208,217,1,8,0.17185068465818631,,-0.013312051063847861,1.0,-0.0,,-0.013312051063847861,,
Accessability,Training with uncertainty measures,0,1,1,215,217,1,1,0.06449301496838222,,-0.004629629629629629,1.0,-0.0,,-0.004629629629629629,,
Accessability,Finetuning ,0,10,1,206,217,1,10,0.19007895443513734,,-0.014955052834949042,1.0,-0.0,,-0.014955052834949042,,
Accessability,Fault-aware retraining,0,1,1,215,217,1,1,0.06449301496838222,,-0.004629629629629629,1.0,-0.0,,-0.004629629629629629,,
Accessability,Retraining for fine tuning,0,4,1,212,217,1,4,0.12482668095705252,,-0.009324237314407657,1.0,-0.0,,-0.009324237314407657,,
Accessability,Quantization-aware retraining,0,3,1,213,217,1,3,0.10905274771158924,,-0.008056137408713865,1.0,-0.0,,-0.008056137408713865,,
Accessability,Automatic retraining and deployment triggering,0,1,1,215,217,1,1,0.06449301496838222,,-0.004629629629629629,1.0,-0.0,,-0.004629629629629629,,
Accessability,Training with adversarial noise,0,4,1,212,217,1,4,0.12482668095705252,,-0.009324237314407657,1.0,-0.0,,-0.009324237314407657,,
Accessability,Heuristics-driven augmentation,0,5,1,211,217,1,5,0.13849222534596417,,-0.010449372136989982,1.0,-0.0,,-0.010449372136989982,,
Accessability,Data-driven augmentations,0,1,1,215,217,1,1,0.06449301496838222,,-0.004629629629629629,1.0,-0.0,,-0.004629629629629629,,
Accessability,Modular system design,0,2,1,214,217,1,2,0.08997290406174518,,-0.006562493591317981,1.0,-0.0,,-0.006562493591317981,,
Accessability,Sensor ring architecture,0,1,1,215,217,1,1,0.06449301496838222,,-0.004629629629629629,1.0,-0.0,,-0.004629629629629629,,
Accessability,Containerization,0,3,1,213,217,1,3,0.10905274771158924,,-0.008056137408713865,1.0,-0.0,,-0.008056137408713865,,
Accessability,Specific model type selection,0,4,1,212,217,1,4,0.12482668095705252,,-0.009324237314407657,1.0,-0.0,,-0.009324237314407657,,
Accessability,TPU SoC or Accelerator Hardware ,0,5,1,211,217,1,5,0.13849222534596417,,-0.010449372136989982,1.0,-0.0,,-0.010449372136989982,,
Accessability,Edge compute hardware,0,4,1,212,217,1,4,0.12482668095705252,,-0.009324237314407657,1.0,-0.0,,-0.009324237314407657,,
Accessability,Library Encapsulation,0,1,1,215,217,1,1,0.06449301496838222,,-0.004629629629629629,1.0,-0.0,,-0.004629629629629629,,
Accessability,Deployment pipeline creation,0,3,1,213,217,1,3,0.10905274771158924,,-0.008056137408713865,1.0,-0.0,,-0.008056137408713865,,
Accessability,Model pool for deployment,0,1,1,215,217,1,1,0.06449301496838222,,-0.004629629629629629,1.0,-0.0,,-0.004629629629629629,,
Accessability,Network combination,0,3,1,213,217,1,3,0.10905274771158924,,-0.008056137408713865,1.0,-0.0,,-0.008056137408713865,,
Accessability,Network partitioning,0,9,1,207,217,1,9,0.18126924692201818,,-0.014153462926807447,1.0,-0.0,,-0.014153462926807447,,
Accessability,Weight averaging,0,1,1,215,217,1,1,0.06449301496838222,,-0.004629629629629629,1.0,-0.0,,-0.004629629629629629,,
Accessability,Input resolution adjustment,0,3,1,213,217,1,3,0.10905274771158924,,-0.008056137408713865,1.0,-0.0,,-0.008056137408713865,,
Accessability,Sensor or input data fusion,0,5,1,211,217,1,5,0.13849222534596417,,-0.010449372136989982,1.0,-0.0,,-0.010449372136989982,,
Accessability,Sliding Window,0,1,1,215,217,1,1,0.06449301496838222,,-0.004629629629629629,1.0,-0.0,,-0.004629629629629629,,
Accessability,Frame rate reduction,0,2,1,214,217,1,2,0.08997290406174518,,-0.006562493591317981,1.0,-0.0,,-0.006562493591317981,,
Accessability,Input spatial partitioning,0,1,1,215,217,1,1,0.06449301496838222,,-0.004629629629629629,1.0,-0.0,,-0.004629629629629629,,
Accessability,Input contrast improvement,0,1,1,215,217,1,1,0.06449301496838222,,-0.004629629629629629,1.0,-0.0,,-0.004629629629629629,,
Accessability,Input modification,0,2,1,214,217,1,2,0.08997290406174518,,-0.006562493591317981,1.0,-0.0,,-0.006562493591317981,,
Accessability,Sequential input fusion,0,1,1,215,217,1,1,0.06449301496838222,,-0.004629629629629629,1.0,-0.0,,-0.004629629629629629,,
Accessability,Signal overwriting,0,1,1,215,217,1,1,0.06449301496838222,,-0.004629629629629629,1.0,-0.0,,-0.004629629629629629,,
Accessability,Denoising,0,2,1,214,217,1,2,0.08997290406174518,,-0.006562493591317981,1.0,-0.0,,-0.006562493591317981,,
Accessability,Robust feature extraction,0,2,1,214,217,1,2,0.08997290406174518,,-0.006562493591317981,1.0,-0.0,,-0.006562493591317981,,
Accessability,Post-processing,0,1,1,215,217,1,1,0.06449301496838222,,-0.004629629629629629,1.0,-0.0,,-0.004629629629629629,,
Accessability,Decision smoothing,0,1,1,215,217,1,1,0.06449301496838222,,-0.004629629629629629,1.0,-0.0,,-0.004629629629629629,,
Accessability,Width adjustment,0,15,1,201,217,1,15,0.22755841388363107,,-0.0185414233120827,1.0,-0.0,,-0.0185414233120827,,
Accessability,Depth adjustment,0,12,1,204,217,1,12,0.206212993639731,,-0.016462159944159827,1.0,-0.0,,-0.016462159944159827,,
Accessability,Last stage reduction,0,1,1,215,217,1,1,0.06449301496838222,,-0.004629629629629629,1.0,-0.0,,-0.004629629629629629,,
Accessability,New or specific layer module,0,5,1,211,217,1,5,0.13849222534596417,,-0.010449372136989982,1.0,-0.0,,-0.010449372136989982,,
Accessability,Model fusion,0,1,1,215,217,1,1,0.06449301496838222,,-0.004629629629629629,1.0,-0.0,,-0.004629629629629629,,
Accessability,Kernel regularization,0,1,1,215,217,1,1,0.06449301496838222,,-0.004629629629629629,1.0,-0.0,,-0.004629629629629629,,
Accessability,Regularization,0,7,1,209,217,1,7,0.16170349855334454,,-0.012422599874998832,1.0,-0.0,,-0.012422599874998832,,
Accessability,Early-exit inference,0,4,1,212,217,1,4,0.12482668095705252,,-0.009324237314407657,1.0,-0.0,,-0.009324237314407657,,
Accessability,Additional side branches with uncertainty measures,0,2,1,214,217,1,2,0.08997290406174518,,-0.006562493591317981,1.0,-0.0,,-0.006562493591317981,,
Accessability,Tuner and meta-tuner blocks,0,2,1,214,217,1,2,0.08997290406174518,,-0.006562493591317981,1.0,-0.0,,-0.006562493591317981,,
Accessability,Adapter module,0,2,1,214,217,1,2,0.08997290406174518,,-0.006562493591317981,1.0,-0.0,,-0.006562493591317981,,
Accessability,Bottleneck module,0,2,1,214,217,1,2,0.08997290406174518,,-0.006562493591317981,1.0,-0.0,,-0.006562493591317981,,
Accessability,Separation of convolutional kernels,0,2,1,214,217,1,2,0.08997290406174518,,-0.006562493591317981,1.0,-0.0,,-0.006562493591317981,,
Accessability,Depthwise-separable convolution layers,0,2,1,214,217,1,2,0.08997290406174518,,-0.006562493591317981,1.0,-0.0,,-0.006562493591317981,,
Accessability,Convolution unfolding,0,1,1,215,217,1,1,0.06449301496838222,,-0.004629629629629629,1.0,-0.0,,-0.004629629629629629,,
Accessability,Activation function selection,0,4,1,212,217,1,4,0.12482668095705252,,-0.009324237314407657,1.0,-0.0,,-0.009324237314407657,,
Accessability,Layer fusion,0,1,1,215,217,1,1,0.06449301496838222,,-0.004629629629629629,1.0,-0.0,,-0.004629629629629629,,
Accessability,Fault-map-based neuron re-mapping,0,1,1,215,217,1,1,0.06449301496838222,,-0.004629629629629629,1.0,-0.0,,-0.004629629629629629,,
Accessability,Multiscale feature processing architectures,0,1,1,215,217,1,1,0.06449301496838222,,-0.004629629629629629,1.0,-0.0,,-0.004629629629629629,,
Accessability,Architecture design through math. optimization,0,5,1,211,217,1,5,0.13849222534596417,,-0.010449372136989982,1.0,-0.0,,-0.010449372136989982,,
Accessability,Neural architecture search,0,10,1,206,217,1,10,0.19007895443513734,,-0.014955052834949042,1.0,-0.0,,-0.014955052834949042,,
Accessability,Hardware and Software codesign,0,8,1,208,217,1,8,0.17185068465818631,,-0.013312051063847861,1.0,-0.0,,-0.013312051063847861,,
Accessability,Architecture design optimization with reinforcement learning,0,2,1,214,217,1,2,0.08997290406174518,,-0.006562493591317981,1.0,-0.0,,-0.006562493591317981,,
Accessability,Model format conversion,0,2,1,214,217,1,2,0.08997290406174518,,-0.006562493591317981,1.0,-0.0,,-0.006562493591317981,,
Accessability,Normalization,0,3,1,213,217,1,3,0.10905274771158924,,-0.008056137408713865,1.0,-0.0,,-0.008056137408713865,,
Accessability,Policy conversion,0,1,1,215,217,1,1,0.06449301496838222,,-0.004629629629629629,1.0,-0.0,,-0.004629629629629629,,
Accessability,Feature encoding,0,3,1,213,217,1,3,0.10905274771158924,,-0.008056137408713865,1.0,-0.0,,-0.008056137408713865,,
Accessability,On-chip weight caching,0,2,1,214,217,1,2,0.08997290406174518,,-0.006562493591317981,1.0,-0.0,,-0.006562493591317981,,
Accessability,Cache preloading,0,1,1,215,217,1,1,0.06449301496838222,,-0.004629629629629629,1.0,-0.0,,-0.004629629629629629,,
Accessability,Prediction/intermediate result caching,0,2,1,214,217,1,2,0.08997290406174518,,-0.006562493591317981,1.0,-0.0,,-0.006562493591317981,,
Accessability,Relevant content caching,0,1,1,215,217,1,1,0.06449301496838222,,-0.004629629629629629,1.0,-0.0,,-0.004629629629629629,,
Accessability,Light communication protocol usage,0,1,1,215,217,1,1,0.06449301496838222,,-0.004629629629629629,1.0,-0.0,,-0.004629629629629629,,
Accessability,Cloud compression and edge reconstruction,0,1,1,215,217,1,1,0.06449301496838222,,-0.004629629629629629,1.0,-0.0,,-0.004629629629629629,,
Accessability,Deadline-aware scheduling,0,2,1,214,217,1,2,0.08997290406174518,,-0.006562493591317981,1.0,-0.0,,-0.006562493591317981,,
Accessability,Memory scheduling,0,2,1,214,217,1,2,0.08997290406174518,,-0.006562493591317981,1.0,-0.0,,-0.006562493591317981,,
Accessability,Multitask Scheduling,0,3,1,213,217,1,3,0.10905274771158924,,-0.008056137408713865,1.0,-0.0,,-0.008056137408713865,,
Accessability,Single task assignment,0,1,1,215,217,1,1,0.06449301496838222,,-0.004629629629629629,1.0,-0.0,,-0.004629629629629629,,
Accessability,Adaptive model scheduling,0,1,1,215,217,1,1,0.06449301496838222,,-0.004629629629629629,1.0,-0.0,,-0.004629629629629629,,
Accessability,Adaptive batching,0,1,1,215,217,1,1,0.06449301496838222,,-0.004629629629629629,1.0,-0.0,,-0.004629629629629629,,
Accessability,Sensor duty cycle,0,2,1,214,217,1,2,0.08997290406174518,,-0.006562493591317981,1.0,-0.0,,-0.006562493591317981,,
Accessability,Later local processing of encoded features,0,1,1,215,217,1,1,0.06449301496838222,,-0.004629629629629629,1.0,-0.0,,-0.004629629629629629,,
Accessability,Concurrent processing hardware,0,7,1,209,217,1,7,0.16170349855334454,,-0.012422599874998832,1.0,-0.0,,-0.012422599874998832,,
Accessability,Straggler mitigation,0,1,1,215,217,1,1,0.06449301496838222,,-0.004629629629629629,1.0,-0.0,,-0.004629629629629629,,
Accessability,Prediction combination of multi-models,0,1,1,215,217,1,1,0.06449301496838222,,-0.004629629629629629,1.0,-0.0,,-0.004629629629629629,,
Accessability,Competing models ,0,1,1,215,217,1,1,0.06449301496838222,,-0.004629629629629629,1.0,-0.0,,-0.004629629629629629,,
Accessability,Multi-model of different models,0,6,1,210,217,1,6,0.15066306992548228,,-0.011473806513691905,1.0,-0.0,,-0.011473806513691905,,
Accessability,Task-level parallelism on CNN layer-level,0,9,1,207,217,1,9,0.18126924692201818,,-0.014153462926807447,1.0,-0.0,,-0.014153462926807447,,
Accessability,Data-level parallelsim in CNN layer,0,1,1,215,217,1,1,0.06449301496838222,,-0.004629629629629629,1.0,-0.0,,-0.004629629629629629,,
Accessability,Event-based processing,0,1,1,215,217,1,1,0.06449301496838222,,-0.004629629629629629,1.0,-0.0,,-0.004629629629629629,,
Accessability,Partial layer execution,0,2,1,214,217,1,2,0.08997290406174518,,-0.006562493591317981,1.0,-0.0,,-0.006562493591317981,,
Accessability,Matrix-multiplication optimization,0,1,1,215,217,1,1,0.06449301496838222,,-0.004629629629629629,1.0,-0.0,,-0.004629629629629629,,
Accessability,Simultaneous memory loading,0,4,1,212,217,1,4,0.12482668095705252,,-0.009324237314407657,1.0,-0.0,,-0.009324237314407657,,
Accessability,External computational offloading,0,11,1,205,217,1,11,0.19837015644199685,,-0.015723016016341327,1.0,-0.0,,-0.015723016016341327,,
Accessability,Internal computation balancing,0,3,1,213,217,1,3,0.10905274771158924,,-0.008056137408713865,1.0,-0.0,,-0.008056137408713865,,
Accessability,Quantitative sensor selection,0,1,1,215,217,1,1,0.06449301496838222,,-0.004629629629629629,1.0,-0.0,,-0.004629629629629629,,
Accessability,Out-of-distribution detection,0,3,1,213,217,1,3,0.10905274771158924,,-0.008056137408713865,1.0,-0.0,,-0.008056137408713865,,
Accessability,Failure prevention or mitigation,0,3,1,213,217,1,3,0.10905274771158924,,-0.008056137408713865,1.0,-0.0,,-0.008056137408713865,,
Accessability,Independent model development,0,1,1,215,217,1,1,0.06449301496838222,,-0.004629629629629629,1.0,-0.0,,-0.004629629629629629,,
Accessability,Coupled semantic descriptions,0,1,1,215,217,1,1,0.06449301496838222,,-0.004629629629629629,1.0,-0.0,,-0.004629629629629629,,
Accessability,Test time adaption,0,2,1,214,217,1,2,0.08997290406174518,,-0.006562493591317981,1.0,-0.0,,-0.006562493591317981,,
Accessability,Merging of fault maps,0,1,1,215,217,1,1,0.06449301496838222,,-0.004629629629629629,1.0,-0.0,,-0.004629629629629629,,
Accessability,High-level synthesis,0,1,1,215,217,1,1,0.06449301496838222,,-0.004629629629629629,1.0,-0.0,,-0.004629629629629629,,
Accessability,Post-hoc uncertainty calibration ,0,1,1,215,217,1,1,0.06449301496838222,,-0.004629629629629629,1.0,-0.0,,-0.004629629629629629,,
Reliability,Pruning,0,23,15,179,217,15,23,0.7101171417669998,,-0.0938281163782408,0.37786134592891846,0.1408891776069041,,-0.0938281163782408,,
Reliability,Post-training quantization,0,1,15,201,217,15,1,0.22755841388363107,,-0.0185414233120827,1.0,-0.0,,-0.0185414233120827,,
Reliability,Huffman coding,0,1,15,201,217,15,1,0.22755841388363107,,-0.0185414233120827,1.0,-0.0,,-0.0185414233120827,,
Reliability,Ablation,0,1,15,201,217,15,1,0.22755841388363107,,-0.0185414233120827,1.0,-0.0,,-0.0185414233120827,,
Reliability,Mixed-precision compression,0,5,15,197,217,15,5,0.43861608620107184,,-0.04184918614168131,1.0,-0.0,,-0.04184918614168131,,
Reliability,Integer-only operations,0,11,15,191,217,15,11,0.5752900605933942,,-0.0629698526715544,1.0,-0.0,,-0.0629698526715544,,
Reliability,Binary and ternary weights training,0,1,15,201,217,15,1,0.22755841388363107,,-0.0185414233120827,1.0,-0.0,,-0.0185414233120827,,
Reliability,Quantization-aware training,0,3,15,199,217,15,3,0.3605926808381029,,-0.03226440685433805,1.0,-0.0,,-0.03226440685433805,,
Reliability,Binary weights and activations,0,6,15,196,217,15,6,0.46871439086703215,,-0.045951991971399375,1.0,-0.0,,-0.045951991971399375,,
Reliability,Ternary weights and activations 2-bit,0,5,15,197,217,15,5,0.43861608620107184,,-0.04184918614168131,1.0,-0.0,,-0.04184918614168131,,
Reliability,Tenary weights,0,4,15,198,217,15,4,0.4033339960380281,,-0.037343080319489894,1.0,-0.0,,-0.037343080319489894,,
Reliability,ADMM-based compression,0,4,15,198,217,15,4,0.4033339960380281,,-0.037343080319489894,1.0,-0.0,,-0.037343080319489894,,
Reliability,Sparsification,0,10,15,192,217,15,10,0.5580226227593261,,-0.059894200497748164,1.0,-0.0,,-0.059894200497748164,,
Reliability,Weight sharing,0,1,15,201,217,15,1,0.22755841388363107,,-0.0185414233120827,1.0,-0.0,,-0.0185414233120827,,
Reliability,Weight grouping,0,1,15,201,217,15,1,0.22755841388363107,,-0.0185414233120827,1.0,-0.0,,-0.0185414233120827,,
Reliability,Node masking,0,1,15,201,217,15,1,0.22755841388363107,,-0.0185414233120827,1.0,-0.0,,-0.0185414233120827,,
Reliability,Diagonal scalar weight matrix,0,1,15,201,217,15,1,0.22755841388363107,,-0.0185414233120827,1.0,-0.0,,-0.0185414233120827,,
Reliability,Matrix reusing,0,1,15,201,217,15,1,0.22755841388363107,,-0.0185414233120827,1.0,-0.0,,-0.0185414233120827,,
Reliability,Tensor or matrix decomposition,0,6,15,196,217,15,6,0.46871439086703215,,-0.045951991971399375,1.0,-0.0,,-0.045951991971399375,,
Reliability,Continous learning,0,1,15,201,217,15,1,0.22755841388363107,,-0.0185414233120827,1.0,-0.0,,-0.0185414233120827,,
Reliability,Imitation learning,0,1,15,201,217,15,1,0.22755841388363107,,-0.0185414233120827,1.0,-0.0,,-0.0185414233120827,,
Reliability,Closed-loop learning,0,6,15,196,217,15,6,0.46871439086703215,,-0.045951991971399375,1.0,-0.0,,-0.045951991971399375,,
Reliability,Self-supervision learning,0,3,15,199,217,15,3,0.3605926808381029,,-0.03226440685433805,1.0,-0.0,,-0.03226440685433805,,
Reliability,Self-adjusted learning,0,1,15,201,217,15,1,0.22755841388363107,,-0.0185414233120827,1.0,-0.0,,-0.0185414233120827,,
Reliability,Transfer learning,0,5,15,197,217,15,5,0.43861608620107184,,-0.04184918614168131,1.0,-0.0,,-0.04184918614168131,,
Reliability,Federated learning,0,2,15,200,217,15,2,0.30590634059779964,,-0.02628244187844261,1.0,-0.0,,-0.02628244187844261,,
Reliability,End-to-end learning,0,4,15,198,217,15,4,0.4033339960380281,,-0.037343080319489894,1.0,-0.0,,-0.037343080319489894,,
Reliability,Few-shot learning,0,4,15,198,217,15,4,0.4033339960380281,,-0.037343080319489894,1.0,-0.0,,-0.037343080319489894,,
Reliability,Online training,0,1,15,201,217,15,1,0.22755841388363107,,-0.0185414233120827,1.0,-0.0,,-0.0185414233120827,,
Reliability,Test-time training,0,1,15,201,217,15,1,0.22755841388363107,,-0.0185414233120827,1.0,-0.0,,-0.0185414233120827,,
Reliability,Adversarial generation decoupling,0,1,15,201,217,15,1,0.22755841388363107,,-0.0185414233120827,1.0,-0.0,,-0.0185414233120827,,
Reliability,Incremental training with sensor data,0,2,15,200,217,15,2,0.30590634059779964,,-0.02628244187844261,1.0,-0.0,,-0.02628244187844261,,
Reliability,Inclusion of wrong labeled data in training,0,1,15,201,217,15,1,0.22755841388363107,,-0.0185414233120827,1.0,-0.0,,-0.0185414233120827,,
Reliability,Training with unlabed data,0,2,15,200,217,15,2,0.30590634059779964,,-0.02628244187844261,1.0,-0.0,,-0.02628244187844261,,
Reliability,On-device local training,0,3,15,199,217,15,3,0.3605926808381029,,-0.03226440685433805,1.0,-0.0,,-0.03226440685433805,,
Reliability,Training with gradient noise,0,2,15,200,217,15,2,0.30590634059779964,,-0.02628244187844261,1.0,-0.0,,-0.02628244187844261,,
Reliability,Contrastive representation learning,0,1,15,201,217,15,1,0.22755841388363107,,-0.0185414233120827,1.0,-0.0,,-0.0185414233120827,,
Reliability,Training loss function selection or adaptation,0,5,15,197,217,15,5,0.43861608620107184,,-0.04184918614168131,1.0,-0.0,,-0.04184918614168131,,
Reliability,Label smooting,0,2,15,200,217,15,2,0.30590634059779964,,-0.02628244187844261,1.0,-0.0,,-0.02628244187844261,,
Reliability,Training loss early stopping,0,1,15,201,217,15,1,0.22755841388363107,,-0.0185414233120827,1.0,-0.0,,-0.0185414233120827,,
Reliability,Weight initialization random,0,1,15,201,217,15,1,0.22755841388363107,,-0.0185414233120827,1.0,-0.0,,-0.0185414233120827,,
Reliability,Suppress redundant channel activations,0,1,15,201,217,15,1,0.22755841388363107,,-0.0185414233120827,1.0,-0.0,,-0.0185414233120827,,
Reliability,Regularization training,0,8,15,194,217,15,8,0.5182339919776623,,-0.053314064768202635,1.0,-0.0,,-0.053314064768202635,,
Reliability,Finetuning ,0,10,15,192,217,15,10,0.5580226227593261,,-0.059894200497748164,1.0,-0.0,,-0.059894200497748164,,
Reliability,Fault-aware retraining,0,1,15,201,217,15,1,0.22755841388363107,,-0.0185414233120827,1.0,-0.0,,-0.0185414233120827,,
Reliability,Retraining for fine tuning,0,4,15,198,217,15,4,0.4033339960380281,,-0.037343080319489894,1.0,-0.0,,-0.037343080319489894,,
Reliability,Quantization-aware retraining,0,3,15,199,217,15,3,0.3605926808381029,,-0.03226440685433805,1.0,-0.0,,-0.03226440685433805,,
Reliability,Automatic retraining and deployment triggering,0,1,15,201,217,15,1,0.22755841388363107,,-0.0185414233120827,1.0,-0.0,,-0.0185414233120827,,
Reliability,Training with adversarial noise,0,4,15,198,217,15,4,0.4033339960380281,,-0.037343080319489894,1.0,-0.0,,-0.037343080319489894,,
Reliability,Data-driven augmentations,0,1,15,201,217,15,1,0.22755841388363107,,-0.0185414233120827,1.0,-0.0,,-0.0185414233120827,,
Reliability,Modular system design,0,2,15,200,217,15,2,0.30590634059779964,,-0.02628244187844261,1.0,-0.0,,-0.02628244187844261,,
Reliability,Sensor ring architecture,0,1,15,201,217,15,1,0.22755841388363107,,-0.0185414233120827,1.0,-0.0,,-0.0185414233120827,,
Reliability,Specific model type selection,0,4,15,198,217,15,4,0.4033339960380281,,-0.037343080319489894,1.0,-0.0,,-0.037343080319489894,,
Reliability,Edge compute hardware,0,4,15,198,217,15,4,0.4033339960380281,,-0.037343080319489894,1.0,-0.0,,-0.037343080319489894,,
Reliability,Library Encapsulation,0,1,15,201,217,15,1,0.22755841388363107,,-0.0185414233120827,1.0,-0.0,,-0.0185414233120827,,
Reliability,Deployment pipeline creation,0,3,15,199,217,15,3,0.3605926808381029,,-0.03226440685433805,1.0,-0.0,,-0.03226440685433805,,
Reliability,Model pool for deployment,0,1,15,201,217,15,1,0.22755841388363107,,-0.0185414233120827,1.0,-0.0,,-0.0185414233120827,,
Reliability,Network combination,0,3,15,199,217,15,3,0.3605926808381029,,-0.03226440685433805,1.0,-0.0,,-0.03226440685433805,,
Reliability,Weight averaging,0,1,15,201,217,15,1,0.22755841388363107,,-0.0185414233120827,1.0,-0.0,,-0.0185414233120827,,
Reliability,Input resolution adjustment,0,3,15,199,217,15,3,0.3605926808381029,,-0.03226440685433805,1.0,-0.0,,-0.03226440685433805,,
Reliability,Sliding Window,0,1,15,201,217,15,1,0.22755841388363107,,-0.0185414233120827,1.0,-0.0,,-0.0185414233120827,,
Reliability,Frame rate reduction,0,2,15,200,217,15,2,0.30590634059779964,,-0.02628244187844261,1.0,-0.0,,-0.02628244187844261,,
Reliability,Input contrast improvement,0,1,15,201,217,15,1,0.22755841388363107,,-0.0185414233120827,1.0,-0.0,,-0.0185414233120827,,
Reliability,Input modification,0,2,15,200,217,15,2,0.30590634059779964,,-0.02628244187844261,1.0,-0.0,,-0.02628244187844261,,
Reliability,Sequential input fusion,0,1,15,201,217,15,1,0.22755841388363107,,-0.0185414233120827,1.0,-0.0,,-0.0185414233120827,,
Reliability,Signal overwriting,0,1,15,201,217,15,1,0.22755841388363107,,-0.0185414233120827,1.0,-0.0,,-0.0185414233120827,,
Reliability,Denoising,0,2,15,200,217,15,2,0.30590634059779964,,-0.02628244187844261,1.0,-0.0,,-0.02628244187844261,,
Reliability,Robust feature extraction,0,2,15,200,217,15,2,0.30590634059779964,,-0.02628244187844261,1.0,-0.0,,-0.02628244187844261,,
Reliability,Post-processing,0,1,15,201,217,15,1,0.22755841388363107,,-0.0185414233120827,1.0,-0.0,,-0.0185414233120827,,
Reliability,Decision smoothing,0,1,15,201,217,15,1,0.22755841388363107,,-0.0185414233120827,1.0,-0.0,,-0.0185414233120827,,
Reliability,Width adjustment,0,15,15,187,217,15,15,0.6321205588285577,,-0.07425742574257425,0.6064191400915588,0.07240903324969379,,-0.07425742574257425,,
Reliability,Depth adjustment,0,12,15,190,217,15,12,0.591158280202196,,-0.06593008524966987,1.0,-0.0,,-0.06593008524966987,,
Reliability,Last stage reduction,0,1,15,201,217,15,1,0.22755841388363107,,-0.0185414233120827,1.0,-0.0,,-0.0185414233120827,,
Reliability,New or specific layer module,0,5,15,197,217,15,5,0.43861608620107184,,-0.04184918614168131,1.0,-0.0,,-0.04184918614168131,,
Reliability,Model fusion,0,1,15,201,217,15,1,0.22755841388363107,,-0.0185414233120827,1.0,-0.0,,-0.0185414233120827,,
Reliability,Kernel regularization,0,1,15,201,217,15,1,0.22755841388363107,,-0.0185414233120827,1.0,-0.0,,-0.0185414233120827,,
Reliability,Regularization,0,7,15,195,217,15,7,0.49496626555868906,,-0.04975185951049946,1.0,-0.0,,-0.04975185951049946,,
Reliability,Early-exit inference,0,4,15,198,217,15,4,0.4033339960380281,,-0.037343080319489894,1.0,-0.0,,-0.037343080319489894,,
Reliability,Additional side branches with uncertainty measures,0,2,15,200,217,15,2,0.30590634059779964,,-0.02628244187844261,1.0,-0.0,,-0.02628244187844261,,
Reliability,Tuner and meta-tuner blocks,0,2,15,200,217,15,2,0.30590634059779964,,-0.02628244187844261,1.0,-0.0,,-0.02628244187844261,,
Reliability,Adapter module,0,2,15,200,217,15,2,0.30590634059779964,,-0.02628244187844261,1.0,-0.0,,-0.02628244187844261,,
Reliability,Bottleneck module,0,2,15,200,217,15,2,0.30590634059779964,,-0.02628244187844261,1.0,-0.0,,-0.02628244187844261,,
Reliability,Separation of convolutional kernels,0,2,15,200,217,15,2,0.30590634059779964,,-0.02628244187844261,1.0,-0.0,,-0.02628244187844261,,
Reliability,Depthwise-separable convolution layers,0,2,15,200,217,15,2,0.30590634059779964,,-0.02628244187844261,1.0,-0.0,,-0.02628244187844261,,
Reliability,Convolution unfolding,0,1,15,201,217,15,1,0.22755841388363107,,-0.0185414233120827,1.0,-0.0,,-0.0185414233120827,,
Reliability,Activation function selection,0,4,15,198,217,15,4,0.4033339960380281,,-0.037343080319489894,1.0,-0.0,,-0.037343080319489894,,
Reliability,Fault-map-based neuron re-mapping,0,1,15,201,217,15,1,0.22755841388363107,,-0.0185414233120827,1.0,-0.0,,-0.0185414233120827,,
Reliability,Multiscale feature processing architectures,0,1,15,201,217,15,1,0.22755841388363107,,-0.0185414233120827,1.0,-0.0,,-0.0185414233120827,,
Reliability,Architecture design through math. optimization,0,5,15,197,217,15,5,0.43861608620107184,,-0.04184918614168131,1.0,-0.0,,-0.04184918614168131,,
Reliability,Architecture design optimization with reinforcement learning,0,2,15,200,217,15,2,0.30590634059779964,,-0.02628244187844261,1.0,-0.0,,-0.02628244187844261,,
Reliability,Model format conversion,0,2,15,200,217,15,2,0.30590634059779964,,-0.02628244187844261,1.0,-0.0,,-0.02628244187844261,,
Reliability,Policy conversion,0,1,15,201,217,15,1,0.22755841388363107,,-0.0185414233120827,1.0,-0.0,,-0.0185414233120827,,
Reliability,Feature encoding,0,3,15,199,217,15,3,0.3605926808381029,,-0.03226440685433805,1.0,-0.0,,-0.03226440685433805,,
Reliability,On-chip weight caching,0,2,15,200,217,15,2,0.30590634059779964,,-0.02628244187844261,1.0,-0.0,,-0.02628244187844261,,
Reliability,Cache preloading,0,1,15,201,217,15,1,0.22755841388363107,,-0.0185414233120827,1.0,-0.0,,-0.0185414233120827,,
Reliability,Prediction/intermediate result caching,0,2,15,200,217,15,2,0.30590634059779964,,-0.02628244187844261,1.0,-0.0,,-0.02628244187844261,,
Reliability,Relevant content caching,0,1,15,201,217,15,1,0.22755841388363107,,-0.0185414233120827,1.0,-0.0,,-0.0185414233120827,,
Reliability,Light communication protocol usage,0,1,15,201,217,15,1,0.22755841388363107,,-0.0185414233120827,1.0,-0.0,,-0.0185414233120827,,
Reliability,Cloud compression and edge reconstruction,0,1,15,201,217,15,1,0.22755841388363107,,-0.0185414233120827,1.0,-0.0,,-0.0185414233120827,,
Reliability,Deadline-aware scheduling,0,2,15,200,217,15,2,0.30590634059779964,,-0.02628244187844261,1.0,-0.0,,-0.02628244187844261,,
Reliability,Memory scheduling,0,2,15,200,217,15,2,0.30590634059779964,,-0.02628244187844261,1.0,-0.0,,-0.02628244187844261,,
Reliability,Multitask Scheduling,0,3,15,199,217,15,3,0.3605926808381029,,-0.03226440685433805,1.0,-0.0,,-0.03226440685433805,,
Reliability,Single task assignment,0,1,15,201,217,15,1,0.22755841388363107,,-0.0185414233120827,1.0,-0.0,,-0.0185414233120827,,
Reliability,Adaptive model scheduling,0,1,15,201,217,15,1,0.22755841388363107,,-0.0185414233120827,1.0,-0.0,,-0.0185414233120827,,
Reliability,Adaptive batching,0,1,15,201,217,15,1,0.22755841388363107,,-0.0185414233120827,1.0,-0.0,,-0.0185414233120827,,
Reliability,Later local processing of encoded features,0,1,15,201,217,15,1,0.22755841388363107,,-0.0185414233120827,1.0,-0.0,,-0.0185414233120827,,
Reliability,Straggler mitigation,0,1,15,201,217,15,1,0.22755841388363107,,-0.0185414233120827,1.0,-0.0,,-0.0185414233120827,,
Reliability,Prediction combination of multi-models,0,1,15,201,217,15,1,0.22755841388363107,,-0.0185414233120827,1.0,-0.0,,-0.0185414233120827,,
Reliability,Competing models ,0,1,15,201,217,15,1,0.22755841388363107,,-0.0185414233120827,1.0,-0.0,,-0.0185414233120827,,
Reliability,Data-level parallelsim in CNN layer,0,1,15,201,217,15,1,0.22755841388363107,,-0.0185414233120827,1.0,-0.0,,-0.0185414233120827,,
Reliability,Event-based processing,0,1,15,201,217,15,1,0.22755841388363107,,-0.0185414233120827,1.0,-0.0,,-0.0185414233120827,,
Reliability,Partial layer execution,0,2,15,200,217,15,2,0.30590634059779964,,-0.02628244187844261,1.0,-0.0,,-0.02628244187844261,,
Reliability,Matrix-multiplication optimization,0,1,15,201,217,15,1,0.22755841388363107,,-0.0185414233120827,1.0,-0.0,,-0.0185414233120827,,
Reliability,Simultaneous memory loading,0,4,15,198,217,15,4,0.4033339960380281,,-0.037343080319489894,1.0,-0.0,,-0.037343080319489894,,
Reliability,External computational offloading,0,11,15,191,217,15,11,0.5752900605933942,,-0.0629698526715544,1.0,-0.0,,-0.0629698526715544,,
Reliability,Internal computation balancing,0,3,15,199,217,15,3,0.3605926808381029,,-0.03226440685433805,1.0,-0.0,,-0.03226440685433805,,
Reliability,Out-of-distribution detection,0,3,15,199,217,15,3,0.3605926808381029,,-0.03226440685433805,1.0,-0.0,,-0.03226440685433805,,
Reliability,Failure prevention or mitigation,0,3,15,199,217,15,3,0.3605926808381029,,-0.03226440685433805,1.0,-0.0,,-0.03226440685433805,,
Reliability,Coupled semantic descriptions,0,1,15,201,217,15,1,0.22755841388363107,,-0.0185414233120827,1.0,-0.0,,-0.0185414233120827,,
Reliability,Test time adaption,0,2,15,200,217,15,2,0.30590634059779964,,-0.02628244187844261,1.0,-0.0,,-0.02628244187844261,,
Reliability,Merging of fault maps,0,1,15,201,217,15,1,0.22755841388363107,,-0.0185414233120827,1.0,-0.0,,-0.0185414233120827,,
Reliability,High-level synthesis,0,1,15,201,217,15,1,0.22755841388363107,,-0.0185414233120827,1.0,-0.0,,-0.0185414233120827,,
Reliability,Post-hoc uncertainty calibration ,0,1,15,201,217,15,1,0.22755841388363107,,-0.0185414233120827,1.0,-0.0,,-0.0185414233120827,,
Availability,Pruning,1,22,0,194,217,1,23,0.2736491391955218,,0.19761052473160962,0.10599078341013825,0.3249106326103122,,0.19761052473160962,,
Availability,Quantization,1,39,0,177,217,1,40,0.3440278999511197,,0.14312970031098057,0.18433179723502302,0.2447999141735224,,0.14312970031098057,,
Availability,Post-training quantization,0,1,1,215,217,1,1,0.06449301496838222,,-0.004629629629629629,1.0,-0.0,,-0.004629629629629629,,
Availability,Huffman coding,0,1,1,215,217,1,1,0.06449301496838222,,-0.004629629629629629,1.0,-0.0,,-0.004629629629629629,,
Availability,Ablation,0,1,1,215,217,1,1,0.06449301496838222,,-0.004629629629629629,1.0,-0.0,,-0.004629629629629629,,
Availability,Mixed-precision compression,0,5,1,211,217,1,5,0.13849222534596417,,-0.010449372136989982,1.0,-0.0,,-0.010449372136989982,,
Availability,Integer-only operations,0,11,1,205,217,1,11,0.19837015644199685,,-0.015723016016341327,1.0,-0.0,,-0.015723016016341327,,
Availability,Parameter amount reduction,0,2,1,214,217,1,2,0.08997290406174518,,-0.006562493591317981,1.0,-0.0,,-0.006562493591317981,,
Availability,Binary and ternary weights training,0,1,1,215,217,1,1,0.06449301496838222,,-0.004629629629629629,1.0,-0.0,,-0.004629629629629629,,
Availability,Quantization-aware training,0,3,1,213,217,1,3,0.10905274771158924,,-0.008056137408713865,1.0,-0.0,,-0.008056137408713865,,
Availability,Binary weights and activations,0,6,1,210,217,1,6,0.15066306992548228,,-0.011473806513691905,1.0,-0.0,,-0.011473806513691905,,
Availability,Ternary weights and activations 2-bit,0,5,1,211,217,1,5,0.13849222534596417,,-0.010449372136989982,1.0,-0.0,,-0.010449372136989982,,
Availability,Tenary weights,0,4,1,212,217,1,4,0.12482668095705252,,-0.009324237314407657,1.0,-0.0,,-0.009324237314407657,,
Availability,ADMM-based compression,0,4,1,212,217,1,4,0.12482668095705252,,-0.009324237314407657,1.0,-0.0,,-0.009324237314407657,,
Availability,Sparsification,0,10,1,206,217,1,10,0.19007895443513734,,-0.014955052834949042,1.0,-0.0,,-0.014955052834949042,,
Availability,Weight sharing,0,1,1,215,217,1,1,0.06449301496838222,,-0.004629629629629629,1.0,-0.0,,-0.004629629629629629,,
Availability,Weight grouping,0,1,1,215,217,1,1,0.06449301496838222,,-0.004629629629629629,1.0,-0.0,,-0.004629629629629629,,
Availability,Node masking,0,1,1,215,217,1,1,0.06449301496838222,,-0.004629629629629629,1.0,-0.0,,-0.004629629629629629,,
Availability,Diagonal scalar weight matrix,0,1,1,215,217,1,1,0.06449301496838222,,-0.004629629629629629,1.0,-0.0,,-0.004629629629629629,,
Availability,Matrix reusing,0,1,1,215,217,1,1,0.06449301496838222,,-0.004629629629629629,1.0,-0.0,,-0.004629629629629629,,
Availability,Smaller computation datatype,0,7,1,209,217,1,7,0.16170349855334454,,-0.012422599874998832,1.0,-0.0,,-0.012422599874998832,,
Availability,Tensor or matrix decomposition,0,6,1,210,217,1,6,0.15066306992548228,,-0.011473806513691905,1.0,-0.0,,-0.011473806513691905,,
Availability,Continous learning,0,1,1,215,217,1,1,0.06449301496838222,,-0.004629629629629629,1.0,-0.0,,-0.004629629629629629,,
Availability,Imitation learning,0,1,1,215,217,1,1,0.06449301496838222,,-0.004629629629629629,1.0,-0.0,,-0.004629629629629629,,
Availability,Closed-loop learning,0,6,1,210,217,1,6,0.15066306992548228,,-0.011473806513691905,1.0,-0.0,,-0.011473806513691905,,
Availability,Meta-learning,0,10,1,206,217,1,10,0.19007895443513734,,-0.014955052834949042,1.0,-0.0,,-0.014955052834949042,,
Availability,Self-supervision learning,0,3,1,213,217,1,3,0.10905274771158924,,-0.008056137408713865,1.0,-0.0,,-0.008056137408713865,,
Availability,Self-adjusted learning,0,1,1,215,217,1,1,0.06449301496838222,,-0.004629629629629629,1.0,-0.0,,-0.004629629629629629,,
Availability,Destillation learning,0,11,1,205,217,1,11,0.19837015644199685,,-0.015723016016341327,1.0,-0.0,,-0.015723016016341327,,
Availability,Transfer learning,0,5,1,211,217,1,5,0.13849222534596417,,-0.010449372136989982,1.0,-0.0,,-0.010449372136989982,,
Availability,Federated learning,0,2,1,214,217,1,2,0.08997290406174518,,-0.006562493591317981,1.0,-0.0,,-0.006562493591317981,,
Availability,End-to-end learning,0,4,1,212,217,1,4,0.12482668095705252,,-0.009324237314407657,1.0,-0.0,,-0.009324237314407657,,
Availability,Few-shot learning,0,4,1,212,217,1,4,0.12482668095705252,,-0.009324237314407657,1.0,-0.0,,-0.009324237314407657,,
Availability,Online training,0,1,1,215,217,1,1,0.06449301496838222,,-0.004629629629629629,1.0,-0.0,,-0.004629629629629629,,
Availability,Test-time training,0,1,1,215,217,1,1,0.06449301496838222,,-0.004629629629629629,1.0,-0.0,,-0.004629629629629629,,
Availability,Fault tolerant training,0,4,1,212,217,1,4,0.12482668095705252,,-0.009324237314407657,1.0,-0.0,,-0.009324237314407657,,
Availability,Adversarial training,0,28,1,188,217,1,28,0.29725897566229753,,-0.026189140043946204,1.0,-0.0,,-0.026189140043946204,,
Availability,Adversarial generation decoupling,0,1,1,215,217,1,1,0.06449301496838222,,-0.004629629629629629,1.0,-0.0,,-0.004629629629629629,,
Availability,Incremental training with sensor data,0,2,1,214,217,1,2,0.08997290406174518,,-0.006562493591317981,1.0,-0.0,,-0.006562493591317981,,
Availability,Inclusion of wrong labeled data in training,0,1,1,215,217,1,1,0.06449301496838222,,-0.004629629629629629,1.0,-0.0,,-0.004629629629629629,,
Availability,Training with unlabed data,0,2,1,214,217,1,2,0.08997290406174518,,-0.006562493591317981,1.0,-0.0,,-0.006562493591317981,,
Availability,Standard training on fully labeled datasets,0,3,1,213,217,1,3,0.10905274771158924,,-0.008056137408713865,1.0,-0.0,,-0.008056137408713865,,
Availability,On-device local training,0,3,1,213,217,1,3,0.10905274771158924,,-0.008056137408713865,1.0,-0.0,,-0.008056137408713865,,
Availability,Training with gradient noise,0,2,1,214,217,1,2,0.08997290406174518,,-0.006562493591317981,1.0,-0.0,,-0.006562493591317981,,
Availability,Contrastive representation learning,0,1,1,215,217,1,1,0.06449301496838222,,-0.004629629629629629,1.0,-0.0,,-0.004629629629629629,,
Availability,Training optimization algorithm selection or adaptation,0,11,1,205,217,1,11,0.19837015644199685,,-0.015723016016341327,1.0,-0.0,,-0.015723016016341327,,
Availability,Training loss function selection or adaptation,0,5,1,211,217,1,5,0.13849222534596417,,-0.010449372136989982,1.0,-0.0,,-0.010449372136989982,,
Availability,Label smooting,0,2,1,214,217,1,2,0.08997290406174518,,-0.006562493591317981,1.0,-0.0,,-0.006562493591317981,,
Availability,Training loss early stopping,0,1,1,215,217,1,1,0.06449301496838222,,-0.004629629629629629,1.0,-0.0,,-0.004629629629629629,,
Availability,Weight initialization random,0,1,1,215,217,1,1,0.06449301496838222,,-0.004629629629629629,1.0,-0.0,,-0.004629629629629629,,
Availability,Pretraining,0,3,1,213,217,1,3,0.10905274771158924,,-0.008056137408713865,1.0,-0.0,,-0.008056137408713865,,
Availability,Suppress redundant channel activations,0,1,1,215,217,1,1,0.06449301496838222,,-0.004629629629629629,1.0,-0.0,,-0.004629629629629629,,
Availability,Regularization training,0,8,1,208,217,1,8,0.17185068465818631,,-0.013312051063847861,1.0,-0.0,,-0.013312051063847861,,
Availability,Training with uncertainty measures,0,1,1,215,217,1,1,0.06449301496838222,,-0.004629629629629629,1.0,-0.0,,-0.004629629629629629,,
Availability,Finetuning ,0,10,1,206,217,1,10,0.19007895443513734,,-0.014955052834949042,1.0,-0.0,,-0.014955052834949042,,
Availability,Fault-aware retraining,0,1,1,215,217,1,1,0.06449301496838222,,-0.004629629629629629,1.0,-0.0,,-0.004629629629629629,,
Availability,Retraining for fine tuning,0,4,1,212,217,1,4,0.12482668095705252,,-0.009324237314407657,1.0,-0.0,,-0.009324237314407657,,
Availability,Quantization-aware retraining,0,3,1,213,217,1,3,0.10905274771158924,,-0.008056137408713865,1.0,-0.0,,-0.008056137408713865,,
Availability,Automatic retraining and deployment triggering,0,1,1,215,217,1,1,0.06449301496838222,,-0.004629629629629629,1.0,-0.0,,-0.004629629629629629,,
Availability,Training with adversarial noise,0,4,1,212,217,1,4,0.12482668095705252,,-0.009324237314407657,1.0,-0.0,,-0.009324237314407657,,
Availability,Heuristics-driven augmentation,0,5,1,211,217,1,5,0.13849222534596417,,-0.010449372136989982,1.0,-0.0,,-0.010449372136989982,,
Availability,Data-driven augmentations,0,1,1,215,217,1,1,0.06449301496838222,,-0.004629629629629629,1.0,-0.0,,-0.004629629629629629,,
Availability,Modular system design,0,2,1,214,217,1,2,0.08997290406174518,,-0.006562493591317981,1.0,-0.0,,-0.006562493591317981,,
Availability,Sensor ring architecture,0,1,1,215,217,1,1,0.06449301496838222,,-0.004629629629629629,1.0,-0.0,,-0.004629629629629629,,
Availability,Containerization,0,3,1,213,217,1,3,0.10905274771158924,,-0.008056137408713865,1.0,-0.0,,-0.008056137408713865,,
Availability,Specific model type selection,0,4,1,212,217,1,4,0.12482668095705252,,-0.009324237314407657,1.0,-0.0,,-0.009324237314407657,,
Availability,TPU SoC or Accelerator Hardware ,0,5,1,211,217,1,5,0.13849222534596417,,-0.010449372136989982,1.0,-0.0,,-0.010449372136989982,,
Availability,Edge compute hardware,0,4,1,212,217,1,4,0.12482668095705252,,-0.009324237314407657,1.0,-0.0,,-0.009324237314407657,,
Availability,Library Encapsulation,0,1,1,215,217,1,1,0.06449301496838222,,-0.004629629629629629,1.0,-0.0,,-0.004629629629629629,,
Availability,Deployment pipeline creation,0,3,1,213,217,1,3,0.10905274771158924,,-0.008056137408713865,1.0,-0.0,,-0.008056137408713865,,
Availability,Model pool for deployment,0,1,1,215,217,1,1,0.06449301496838222,,-0.004629629629629629,1.0,-0.0,,-0.004629629629629629,,
Availability,Network combination,0,3,1,213,217,1,3,0.10905274771158924,,-0.008056137408713865,1.0,-0.0,,-0.008056137408713865,,
Availability,Network partitioning,0,9,1,207,217,1,9,0.18126924692201818,,-0.014153462926807447,1.0,-0.0,,-0.014153462926807447,,
Availability,Weight averaging,0,1,1,215,217,1,1,0.06449301496838222,,-0.004629629629629629,1.0,-0.0,,-0.004629629629629629,,
Availability,Input resolution adjustment,0,3,1,213,217,1,3,0.10905274771158924,,-0.008056137408713865,1.0,-0.0,,-0.008056137408713865,,
Availability,Sensor or input data fusion,0,5,1,211,217,1,5,0.13849222534596417,,-0.010449372136989982,1.0,-0.0,,-0.010449372136989982,,
Availability,Sliding Window,0,1,1,215,217,1,1,0.06449301496838222,,-0.004629629629629629,1.0,-0.0,,-0.004629629629629629,,
Availability,Frame rate reduction,0,2,1,214,217,1,2,0.08997290406174518,,-0.006562493591317981,1.0,-0.0,,-0.006562493591317981,,
Availability,Input spatial partitioning,0,1,1,215,217,1,1,0.06449301496838222,,-0.004629629629629629,1.0,-0.0,,-0.004629629629629629,,
Availability,Input contrast improvement,0,1,1,215,217,1,1,0.06449301496838222,,-0.004629629629629629,1.0,-0.0,,-0.004629629629629629,,
Availability,Input modification,0,2,1,214,217,1,2,0.08997290406174518,,-0.006562493591317981,1.0,-0.0,,-0.006562493591317981,,
Availability,Sequential input fusion,0,1,1,215,217,1,1,0.06449301496838222,,-0.004629629629629629,1.0,-0.0,,-0.004629629629629629,,
Availability,Signal overwriting,0,1,1,215,217,1,1,0.06449301496838222,,-0.004629629629629629,1.0,-0.0,,-0.004629629629629629,,
Availability,Denoising,0,2,1,214,217,1,2,0.08997290406174518,,-0.006562493591317981,1.0,-0.0,,-0.006562493591317981,,
Availability,Robust feature extraction,0,2,1,214,217,1,2,0.08997290406174518,,-0.006562493591317981,1.0,-0.0,,-0.006562493591317981,,
Availability,Post-processing,0,1,1,215,217,1,1,0.06449301496838222,,-0.004629629629629629,1.0,-0.0,,-0.004629629629629629,,
Availability,Decision smoothing,0,1,1,215,217,1,1,0.06449301496838222,,-0.004629629629629629,1.0,-0.0,,-0.004629629629629629,,
Availability,Width adjustment,0,15,1,201,217,1,15,0.22755841388363107,,-0.0185414233120827,1.0,-0.0,,-0.0185414233120827,,
Availability,Depth adjustment,0,12,1,204,217,1,12,0.206212993639731,,-0.016462159944159827,1.0,-0.0,,-0.016462159944159827,,
Availability,Last stage reduction,0,1,1,215,217,1,1,0.06449301496838222,,-0.004629629629629629,1.0,-0.0,,-0.004629629629629629,,
Availability,New or specific layer module,0,5,1,211,217,1,5,0.13849222534596417,,-0.010449372136989982,1.0,-0.0,,-0.010449372136989982,,
Availability,Model fusion,0,1,1,215,217,1,1,0.06449301496838222,,-0.004629629629629629,1.0,-0.0,,-0.004629629629629629,,
Availability,Kernel regularization,0,1,1,215,217,1,1,0.06449301496838222,,-0.004629629629629629,1.0,-0.0,,-0.004629629629629629,,
Availability,Regularization,0,7,1,209,217,1,7,0.16170349855334454,,-0.012422599874998832,1.0,-0.0,,-0.012422599874998832,,
Availability,Early-exit inference,0,4,1,212,217,1,4,0.12482668095705252,,-0.009324237314407657,1.0,-0.0,,-0.009324237314407657,,
Availability,Additional side branches with uncertainty measures,0,2,1,214,217,1,2,0.08997290406174518,,-0.006562493591317981,1.0,-0.0,,-0.006562493591317981,,
Availability,Tuner and meta-tuner blocks,0,2,1,214,217,1,2,0.08997290406174518,,-0.006562493591317981,1.0,-0.0,,-0.006562493591317981,,
Availability,Adapter module,0,2,1,214,217,1,2,0.08997290406174518,,-0.006562493591317981,1.0,-0.0,,-0.006562493591317981,,
Availability,Bottleneck module,0,2,1,214,217,1,2,0.08997290406174518,,-0.006562493591317981,1.0,-0.0,,-0.006562493591317981,,
Availability,Separation of convolutional kernels,0,2,1,214,217,1,2,0.08997290406174518,,-0.006562493591317981,1.0,-0.0,,-0.006562493591317981,,
Availability,Depthwise-separable convolution layers,0,2,1,214,217,1,2,0.08997290406174518,,-0.006562493591317981,1.0,-0.0,,-0.006562493591317981,,
Availability,Convolution unfolding,0,1,1,215,217,1,1,0.06449301496838222,,-0.004629629629629629,1.0,-0.0,,-0.004629629629629629,,
Availability,Activation function selection,0,4,1,212,217,1,4,0.12482668095705252,,-0.009324237314407657,1.0,-0.0,,-0.009324237314407657,,
Availability,Layer fusion,0,1,1,215,217,1,1,0.06449301496838222,,-0.004629629629629629,1.0,-0.0,,-0.004629629629629629,,
Availability,Fault-map-based neuron re-mapping,0,1,1,215,217,1,1,0.06449301496838222,,-0.004629629629629629,1.0,-0.0,,-0.004629629629629629,,
Availability,Multiscale feature processing architectures,0,1,1,215,217,1,1,0.06449301496838222,,-0.004629629629629629,1.0,-0.0,,-0.004629629629629629,,
Availability,Architecture design through math. optimization,0,5,1,211,217,1,5,0.13849222534596417,,-0.010449372136989982,1.0,-0.0,,-0.010449372136989982,,
Availability,Neural architecture search,0,10,1,206,217,1,10,0.19007895443513734,,-0.014955052834949042,1.0,-0.0,,-0.014955052834949042,,
Availability,Hardware and Software codesign,0,8,1,208,217,1,8,0.17185068465818631,,-0.013312051063847861,1.0,-0.0,,-0.013312051063847861,,
Availability,Architecture design optimization with reinforcement learning,0,2,1,214,217,1,2,0.08997290406174518,,-0.006562493591317981,1.0,-0.0,,-0.006562493591317981,,
Availability,Model format conversion,0,2,1,214,217,1,2,0.08997290406174518,,-0.006562493591317981,1.0,-0.0,,-0.006562493591317981,,
Availability,Normalization,0,3,1,213,217,1,3,0.10905274771158924,,-0.008056137408713865,1.0,-0.0,,-0.008056137408713865,,
Availability,Policy conversion,0,1,1,215,217,1,1,0.06449301496838222,,-0.004629629629629629,1.0,-0.0,,-0.004629629629629629,,
Availability,Feature encoding,0,3,1,213,217,1,3,0.10905274771158924,,-0.008056137408713865,1.0,-0.0,,-0.008056137408713865,,
Availability,On-chip weight caching,0,2,1,214,217,1,2,0.08997290406174518,,-0.006562493591317981,1.0,-0.0,,-0.006562493591317981,,
Availability,Cache preloading,0,1,1,215,217,1,1,0.06449301496838222,,-0.004629629629629629,1.0,-0.0,,-0.004629629629629629,,
Availability,Prediction/intermediate result caching,0,2,1,214,217,1,2,0.08997290406174518,,-0.006562493591317981,1.0,-0.0,,-0.006562493591317981,,
Availability,Relevant content caching,0,1,1,215,217,1,1,0.06449301496838222,,-0.004629629629629629,1.0,-0.0,,-0.004629629629629629,,
Availability,Light communication protocol usage,0,1,1,215,217,1,1,0.06449301496838222,,-0.004629629629629629,1.0,-0.0,,-0.004629629629629629,,
Availability,Cloud compression and edge reconstruction,0,1,1,215,217,1,1,0.06449301496838222,,-0.004629629629629629,1.0,-0.0,,-0.004629629629629629,,
Availability,Deadline-aware scheduling,0,2,1,214,217,1,2,0.08997290406174518,,-0.006562493591317981,1.0,-0.0,,-0.006562493591317981,,
Availability,Memory scheduling,0,2,1,214,217,1,2,0.08997290406174518,,-0.006562493591317981,1.0,-0.0,,-0.006562493591317981,,
Availability,Multitask Scheduling,0,3,1,213,217,1,3,0.10905274771158924,,-0.008056137408713865,1.0,-0.0,,-0.008056137408713865,,
Availability,Single task assignment,0,1,1,215,217,1,1,0.06449301496838222,,-0.004629629629629629,1.0,-0.0,,-0.004629629629629629,,
Availability,Adaptive model scheduling,0,1,1,215,217,1,1,0.06449301496838222,,-0.004629629629629629,1.0,-0.0,,-0.004629629629629629,,
Availability,Adaptive batching,0,1,1,215,217,1,1,0.06449301496838222,,-0.004629629629629629,1.0,-0.0,,-0.004629629629629629,,
Availability,Sensor duty cycle,0,2,1,214,217,1,2,0.08997290406174518,,-0.006562493591317981,1.0,-0.0,,-0.006562493591317981,,
Availability,Later local processing of encoded features,0,1,1,215,217,1,1,0.06449301496838222,,-0.004629629629629629,1.0,-0.0,,-0.004629629629629629,,
Availability,Concurrent processing hardware,0,7,1,209,217,1,7,0.16170349855334454,,-0.012422599874998832,1.0,-0.0,,-0.012422599874998832,,
Availability,Straggler mitigation,0,1,1,215,217,1,1,0.06449301496838222,,-0.004629629629629629,1.0,-0.0,,-0.004629629629629629,,
Availability,Prediction combination of multi-models,0,1,1,215,217,1,1,0.06449301496838222,,-0.004629629629629629,1.0,-0.0,,-0.004629629629629629,,
Availability,Competing models ,0,1,1,215,217,1,1,0.06449301496838222,,-0.004629629629629629,1.0,-0.0,,-0.004629629629629629,,
Availability,Multi-model of different models,0,6,1,210,217,1,6,0.15066306992548228,,-0.011473806513691905,1.0,-0.0,,-0.011473806513691905,,
Availability,Task-level parallelism on CNN layer-level,0,9,1,207,217,1,9,0.18126924692201818,,-0.014153462926807447,1.0,-0.0,,-0.014153462926807447,,
Availability,Data-level parallelsim in CNN layer,0,1,1,215,217,1,1,0.06449301496838222,,-0.004629629629629629,1.0,-0.0,,-0.004629629629629629,,
Availability,Event-based processing,0,1,1,215,217,1,1,0.06449301496838222,,-0.004629629629629629,1.0,-0.0,,-0.004629629629629629,,
Availability,Partial layer execution,0,2,1,214,217,1,2,0.08997290406174518,,-0.006562493591317981,1.0,-0.0,,-0.006562493591317981,,
Availability,Matrix-multiplication optimization,0,1,1,215,217,1,1,0.06449301496838222,,-0.004629629629629629,1.0,-0.0,,-0.004629629629629629,,
Availability,Simultaneous memory loading,0,4,1,212,217,1,4,0.12482668095705252,,-0.009324237314407657,1.0,-0.0,,-0.009324237314407657,,
Availability,External computational offloading,0,11,1,205,217,1,11,0.19837015644199685,,-0.015723016016341327,1.0,-0.0,,-0.015723016016341327,,
Availability,Internal computation balancing,0,3,1,213,217,1,3,0.10905274771158924,,-0.008056137408713865,1.0,-0.0,,-0.008056137408713865,,
Availability,Quantitative sensor selection,0,1,1,215,217,1,1,0.06449301496838222,,-0.004629629629629629,1.0,-0.0,,-0.004629629629629629,,
Availability,Out-of-distribution detection,0,3,1,213,217,1,3,0.10905274771158924,,-0.008056137408713865,1.0,-0.0,,-0.008056137408713865,,
Availability,Failure prevention or mitigation,0,3,1,213,217,1,3,0.10905274771158924,,-0.008056137408713865,1.0,-0.0,,-0.008056137408713865,,
Availability,Independent model development,0,1,1,215,217,1,1,0.06449301496838222,,-0.004629629629629629,1.0,-0.0,,-0.004629629629629629,,
Availability,Coupled semantic descriptions,0,1,1,215,217,1,1,0.06449301496838222,,-0.004629629629629629,1.0,-0.0,,-0.004629629629629629,,
Availability,Test time adaption,0,2,1,214,217,1,2,0.08997290406174518,,-0.006562493591317981,1.0,-0.0,,-0.006562493591317981,,
Availability,Merging of fault maps,0,1,1,215,217,1,1,0.06449301496838222,,-0.004629629629629629,1.0,-0.0,,-0.004629629629629629,,
Availability,High-level synthesis,0,1,1,215,217,1,1,0.06449301496838222,,-0.004629629629629629,1.0,-0.0,,-0.004629629629629629,,
Availability,Post-hoc uncertainty calibration ,0,1,1,215,217,1,1,0.06449301496838222,,-0.004629629629629629,1.0,-0.0,,-0.004629629629629629,,
Fault tolerance,Pruning,0,23,11,183,217,11,23,0.6536821375464908,,-0.07956568121913542,0.611357053198315,0.07123502433104531,,-0.07956568121913542,,
Fault tolerance,Post-training quantization,0,1,11,205,217,11,1,0.19837015644199685,,-0.015723016016341327,1.0,-0.0,,-0.015723016016341327,,
Fault tolerance,Huffman coding,0,1,11,205,217,11,1,0.19837015644199685,,-0.015723016016341327,1.0,-0.0,,-0.015723016016341327,,
Fault tolerance,Ablation,0,1,11,205,217,11,1,0.19837015644199685,,-0.015723016016341327,1.0,-0.0,,-0.015723016016341327,,
Fault tolerance,Mixed-precision compression,0,5,11,201,217,11,5,0.3900713113329324,,-0.035487859421650524,1.0,-0.0,,-0.035487859421650524,,
Fault tolerance,Integer-only operations,0,11,11,195,217,11,11,0.5196946989102006,,-0.05339805825242718,1.0,-0.0,,-0.05339805825242718,,
Fault tolerance,Parameter amount reduction,0,2,11,204,217,11,2,0.26852657159596116,,-0.022287353438180866,1.0,-0.0,,-0.022287353438180866,,
Fault tolerance,Binary and ternary weights training,0,1,11,205,217,11,1,0.19837015644199685,,-0.015723016016341327,1.0,-0.0,,-0.015723016016341327,,
Fault tolerance,Quantization-aware training,0,3,11,203,217,11,3,0.31816722087539906,,-0.02736002394152379,1.0,-0.0,,-0.02736002394152379,,
Fault tolerance,Binary weights and activations,0,6,11,200,217,11,6,0.4181848889381188,,-0.038967014213966714,1.0,-0.0,,-0.038967014213966714,,
Fault tolerance,Ternary weights and activations 2-bit,0,5,11,201,217,11,5,0.3900713113329324,,-0.035487859421650524,1.0,-0.0,,-0.035487859421650524,,
Fault tolerance,Tenary weights,0,4,11,202,217,11,4,0.3573895939171715,,-0.03166670864907339,1.0,-0.0,,-0.03166670864907339,,
Fault tolerance,ADMM-based compression,0,4,11,202,217,11,4,0.3573895939171715,,-0.03166670864907339,1.0,-0.0,,-0.03166670864907339,,
Fault tolerance,Weight sharing,0,1,11,205,217,11,1,0.19837015644199685,,-0.015723016016341327,1.0,-0.0,,-0.015723016016341327,,
Fault tolerance,Weight grouping,0,1,11,205,217,11,1,0.19837015644199685,,-0.015723016016341327,1.0,-0.0,,-0.015723016016341327,,
Fault tolerance,Node masking,0,1,11,205,217,11,1,0.19837015644199685,,-0.015723016016341327,1.0,-0.0,,-0.015723016016341327,,
Fault tolerance,Diagonal scalar weight matrix,0,1,11,205,217,11,1,0.19837015644199685,,-0.015723016016341327,1.0,-0.0,,-0.015723016016341327,,
Fault tolerance,Matrix reusing,0,1,11,205,217,11,1,0.19837015644199685,,-0.015723016016341327,1.0,-0.0,,-0.015723016016341327,,
Fault tolerance,Tensor or matrix decomposition,0,6,11,200,217,11,6,0.4181848889381188,,-0.038967014213966714,1.0,-0.0,,-0.038967014213966714,,
Fault tolerance,Continous learning,0,1,11,205,217,11,1,0.19837015644199685,,-0.015723016016341327,1.0,-0.0,,-0.015723016016341327,,
Fault tolerance,Imitation learning,0,1,11,205,217,11,1,0.19837015644199685,,-0.015723016016341327,1.0,-0.0,,-0.015723016016341327,,
Fault tolerance,Closed-loop learning,0,6,11,200,217,11,6,0.4181848889381188,,-0.038967014213966714,1.0,-0.0,,-0.038967014213966714,,
Fault tolerance,Self-supervision learning,0,3,11,203,217,11,3,0.31816722087539906,,-0.02736002394152379,1.0,-0.0,,-0.02736002394152379,,
Fault tolerance,Self-adjusted learning,0,1,11,205,217,11,1,0.19837015644199685,,-0.015723016016341327,1.0,-0.0,,-0.015723016016341327,,
Fault tolerance,Destillation learning,0,11,11,195,217,11,11,0.5196946989102006,,-0.05339805825242718,1.0,-0.0,,-0.05339805825242718,,
Fault tolerance,Transfer learning,0,5,11,201,217,11,5,0.3900713113329324,,-0.035487859421650524,1.0,-0.0,,-0.035487859421650524,,
Fault tolerance,Federated learning,0,2,11,204,217,11,2,0.26852657159596116,,-0.022287353438180866,1.0,-0.0,,-0.022287353438180866,,
Fault tolerance,Test-time training,0,1,11,205,217,11,1,0.19837015644199685,,-0.015723016016341327,1.0,-0.0,,-0.015723016016341327,,
Fault tolerance,Adversarial generation decoupling,0,1,11,205,217,11,1,0.19837015644199685,,-0.015723016016341327,1.0,-0.0,,-0.015723016016341327,,
Fault tolerance,Incremental training with sensor data,0,2,11,204,217,11,2,0.26852657159596116,,-0.022287353438180866,1.0,-0.0,,-0.022287353438180866,,
Fault tolerance,Inclusion of wrong labeled data in training,0,1,11,205,217,11,1,0.19837015644199685,,-0.015723016016341327,1.0,-0.0,,-0.015723016016341327,,
Fault tolerance,Training with unlabed data,0,2,11,204,217,11,2,0.26852657159596116,,-0.022287353438180866,1.0,-0.0,,-0.022287353438180866,,
Fault tolerance,Standard training on fully labeled datasets,0,3,11,203,217,11,3,0.31816722087539906,,-0.02736002394152379,1.0,-0.0,,-0.02736002394152379,,
Fault tolerance,On-device local training,0,3,11,203,217,11,3,0.31816722087539906,,-0.02736002394152379,1.0,-0.0,,-0.02736002394152379,,
Fault tolerance,Contrastive representation learning,0,1,11,205,217,11,1,0.19837015644199685,,-0.015723016016341327,1.0,-0.0,,-0.015723016016341327,,
Fault tolerance,Training optimization algorithm selection or adaptation,0,11,11,195,217,11,11,0.5196946989102006,,-0.05339805825242718,1.0,-0.0,,-0.05339805825242718,,
Fault tolerance,Training loss function selection or adaptation,0,5,11,201,217,11,5,0.3900713113329324,,-0.035487859421650524,1.0,-0.0,,-0.035487859421650524,,
Fault tolerance,Label smooting,0,2,11,204,217,11,2,0.26852657159596116,,-0.022287353438180866,1.0,-0.0,,-0.022287353438180866,,
Fault tolerance,Training loss early stopping,0,1,11,205,217,11,1,0.19837015644199685,,-0.015723016016341327,1.0,-0.0,,-0.015723016016341327,,
Fault tolerance,Weight initialization random,0,1,11,205,217,11,1,0.19837015644199685,,-0.015723016016341327,1.0,-0.0,,-0.015723016016341327,,
Fault tolerance,Pretraining,0,3,11,203,217,11,3,0.31816722087539906,,-0.02736002394152379,1.0,-0.0,,-0.02736002394152379,,
Fault tolerance,Suppress redundant channel activations,0,1,11,205,217,11,1,0.19837015644199685,,-0.015723016016341327,1.0,-0.0,,-0.015723016016341327,,
Fault tolerance,Regularization training,0,8,11,198,217,11,8,0.46494662353884153,,-0.045210007890842445,1.0,-0.0,,-0.045210007890842445,,
Fault tolerance,Training with uncertainty measures,0,1,11,205,217,11,1,0.19837015644199685,,-0.015723016016341327,1.0,-0.0,,-0.015723016016341327,,
Fault tolerance,Finetuning ,0,10,11,196,217,11,10,0.503020200599074,,-0.050789923613813064,1.0,-0.0,,-0.050789923613813064,,
Fault tolerance,Retraining for fine tuning,0,4,11,202,217,11,4,0.3573895939171715,,-0.03166670864907339,1.0,-0.0,,-0.03166670864907339,,
Fault tolerance,Quantization-aware retraining,0,3,11,203,217,11,3,0.31816722087539906,,-0.02736002394152379,1.0,-0.0,,-0.02736002394152379,,
Fault tolerance,Automatic retraining and deployment triggering,0,1,11,205,217,11,1,0.19837015644199685,,-0.015723016016341327,1.0,-0.0,,-0.015723016016341327,,
Fault tolerance,Heuristics-driven augmentation,0,5,11,201,217,11,5,0.3900713113329324,,-0.035487859421650524,1.0,-0.0,,-0.035487859421650524,,
Fault tolerance,Data-driven augmentations,0,1,11,205,217,11,1,0.19837015644199685,,-0.015723016016341327,1.0,-0.0,,-0.015723016016341327,,
Fault tolerance,Modular system design,0,2,11,204,217,11,2,0.26852657159596116,,-0.022287353438180866,1.0,-0.0,,-0.022287353438180866,,
Fault tolerance,Sensor ring architecture,0,1,11,205,217,11,1,0.19837015644199685,,-0.015723016016341327,1.0,-0.0,,-0.015723016016341327,,
Fault tolerance,Containerization,0,3,11,203,217,11,3,0.31816722087539906,,-0.02736002394152379,1.0,-0.0,,-0.02736002394152379,,
Fault tolerance,Specific model type selection,0,4,11,202,217,11,4,0.3573895939171715,,-0.03166670864907339,1.0,-0.0,,-0.03166670864907339,,
Fault tolerance,TPU SoC or Accelerator Hardware ,0,5,11,201,217,11,5,0.3900713113329324,,-0.035487859421650524,1.0,-0.0,,-0.035487859421650524,,
Fault tolerance,Library Encapsulation,0,1,11,205,217,11,1,0.19837015644199685,,-0.015723016016341327,1.0,-0.0,,-0.015723016016341327,,
Fault tolerance,Deployment pipeline creation,0,3,11,203,217,11,3,0.31816722087539906,,-0.02736002394152379,1.0,-0.0,,-0.02736002394152379,,
Fault tolerance,Model pool for deployment,0,1,11,205,217,11,1,0.19837015644199685,,-0.015723016016341327,1.0,-0.0,,-0.015723016016341327,,
Fault tolerance,Network combination,0,3,11,203,217,11,3,0.31816722087539906,,-0.02736002394152379,1.0,-0.0,,-0.02736002394152379,,
Fault tolerance,Weight averaging,0,1,11,205,217,11,1,0.19837015644199685,,-0.015723016016341327,1.0,-0.0,,-0.015723016016341327,,
Fault tolerance,Input resolution adjustment,0,3,11,203,217,11,3,0.31816722087539906,,-0.02736002394152379,1.0,-0.0,,-0.02736002394152379,,
Fault tolerance,Sliding Window,0,1,11,205,217,11,1,0.19837015644199685,,-0.015723016016341327,1.0,-0.0,,-0.015723016016341327,,
Fault tolerance,Frame rate reduction,0,2,11,204,217,11,2,0.26852657159596116,,-0.022287353438180866,1.0,-0.0,,-0.022287353438180866,,
Fault tolerance,Input spatial partitioning,0,1,11,205,217,11,1,0.19837015644199685,,-0.015723016016341327,1.0,-0.0,,-0.015723016016341327,,
Fault tolerance,Input contrast improvement,0,1,11,205,217,11,1,0.19837015644199685,,-0.015723016016341327,1.0,-0.0,,-0.015723016016341327,,
Fault tolerance,Input modification,0,2,11,204,217,11,2,0.26852657159596116,,-0.022287353438180866,1.0,-0.0,,-0.022287353438180866,,
Fault tolerance,Sequential input fusion,0,1,11,205,217,11,1,0.19837015644199685,,-0.015723016016341327,1.0,-0.0,,-0.015723016016341327,,
Fault tolerance,Denoising,0,2,11,204,217,11,2,0.26852657159596116,,-0.022287353438180866,1.0,-0.0,,-0.022287353438180866,,
Fault tolerance,Robust feature extraction,0,2,11,204,217,11,2,0.26852657159596116,,-0.022287353438180866,1.0,-0.0,,-0.022287353438180866,,
Fault tolerance,Post-processing,0,1,11,205,217,11,1,0.19837015644199685,,-0.015723016016341327,1.0,-0.0,,-0.015723016016341327,,
Fault tolerance,Decision smoothing,0,1,11,205,217,11,1,0.19837015644199685,,-0.015723016016341327,1.0,-0.0,,-0.015723016016341327,,
Fault tolerance,Width adjustment,0,15,11,191,217,11,15,0.5752900605933942,,-0.0629698526715544,1.0,-0.0,,-0.0629698526715544,,
Fault tolerance,Depth adjustment,0,12,11,194,217,11,12,0.5351040613112231,,-0.05590831776456908,1.0,-0.0,,-0.05590831776456908,,
Fault tolerance,Last stage reduction,0,1,11,205,217,11,1,0.19837015644199685,,-0.015723016016341327,1.0,-0.0,,-0.015723016016341327,,
Fault tolerance,New or specific layer module,0,5,11,201,217,11,5,0.3900713113329324,,-0.035487859421650524,1.0,-0.0,,-0.035487859421650524,,
Fault tolerance,Model fusion,0,1,11,205,217,11,1,0.19837015644199685,,-0.015723016016341327,1.0,-0.0,,-0.015723016016341327,,
Fault tolerance,Kernel regularization,0,1,11,205,217,11,1,0.19837015644199685,,-0.015723016016341327,1.0,-0.0,,-0.015723016016341327,,
Fault tolerance,Regularization,0,7,11,199,217,11,7,0.4428928155200824,,-0.04218927914862858,1.0,-0.0,,-0.04218927914862858,,
Fault tolerance,Adapter module,0,2,11,204,217,11,2,0.26852657159596116,,-0.022287353438180866,1.0,-0.0,,-0.022287353438180866,,
Fault tolerance,Bottleneck module,0,2,11,204,217,11,2,0.26852657159596116,,-0.022287353438180866,1.0,-0.0,,-0.022287353438180866,,
Fault tolerance,Separation of convolutional kernels,0,2,11,204,217,11,2,0.26852657159596116,,-0.022287353438180866,1.0,-0.0,,-0.022287353438180866,,
Fault tolerance,Depthwise-separable convolution layers,0,2,11,204,217,11,2,0.26852657159596116,,-0.022287353438180866,1.0,-0.0,,-0.022287353438180866,,
Fault tolerance,Convolution unfolding,0,1,11,205,217,11,1,0.19837015644199685,,-0.015723016016341327,1.0,-0.0,,-0.015723016016341327,,
Fault tolerance,Activation function selection,0,4,11,202,217,11,4,0.3573895939171715,,-0.03166670864907339,1.0,-0.0,,-0.03166670864907339,,
Fault tolerance,Layer fusion,0,1,11,205,217,11,1,0.19837015644199685,,-0.015723016016341327,1.0,-0.0,,-0.015723016016341327,,
Fault tolerance,Multiscale feature processing architectures,0,1,11,205,217,11,1,0.19837015644199685,,-0.015723016016341327,1.0,-0.0,,-0.015723016016341327,,
Fault tolerance,Architecture design through math. optimization,0,5,11,201,217,11,5,0.3900713113329324,,-0.035487859421650524,1.0,-0.0,,-0.035487859421650524,,
Fault tolerance,Architecture design optimization with reinforcement learning,0,2,11,204,217,11,2,0.26852657159596116,,-0.022287353438180866,1.0,-0.0,,-0.022287353438180866,,
Fault tolerance,Model format conversion,0,2,11,204,217,11,2,0.26852657159596116,,-0.022287353438180866,1.0,-0.0,,-0.022287353438180866,,
Fault tolerance,Policy conversion,0,1,11,205,217,11,1,0.19837015644199685,,-0.015723016016341327,1.0,-0.0,,-0.015723016016341327,,
Fault tolerance,Feature encoding,0,3,11,203,217,11,3,0.31816722087539906,,-0.02736002394152379,1.0,-0.0,,-0.02736002394152379,,
Fault tolerance,On-chip weight caching,0,2,11,204,217,11,2,0.26852657159596116,,-0.022287353438180866,1.0,-0.0,,-0.022287353438180866,,
Fault tolerance,Cache preloading,0,1,11,205,217,11,1,0.19837015644199685,,-0.015723016016341327,1.0,-0.0,,-0.015723016016341327,,
Fault tolerance,Prediction/intermediate result caching,0,2,11,204,217,11,2,0.26852657159596116,,-0.022287353438180866,1.0,-0.0,,-0.022287353438180866,,
Fault tolerance,Relevant content caching,0,1,11,205,217,11,1,0.19837015644199685,,-0.015723016016341327,1.0,-0.0,,-0.015723016016341327,,
Fault tolerance,Light communication protocol usage,0,1,11,205,217,11,1,0.19837015644199685,,-0.015723016016341327,1.0,-0.0,,-0.015723016016341327,,
Fault tolerance,Cloud compression and edge reconstruction,0,1,11,205,217,11,1,0.19837015644199685,,-0.015723016016341327,1.0,-0.0,,-0.015723016016341327,,
Fault tolerance,Deadline-aware scheduling,0,2,11,204,217,11,2,0.26852657159596116,,-0.022287353438180866,1.0,-0.0,,-0.022287353438180866,,
Fault tolerance,Memory scheduling,0,2,11,204,217,11,2,0.26852657159596116,,-0.022287353438180866,1.0,-0.0,,-0.022287353438180866,,
Fault tolerance,Multitask Scheduling,0,3,11,203,217,11,3,0.31816722087539906,,-0.02736002394152379,1.0,-0.0,,-0.02736002394152379,,
Fault tolerance,Single task assignment,0,1,11,205,217,11,1,0.19837015644199685,,-0.015723016016341327,1.0,-0.0,,-0.015723016016341327,,
Fault tolerance,Adaptive model scheduling,0,1,11,205,217,11,1,0.19837015644199685,,-0.015723016016341327,1.0,-0.0,,-0.015723016016341327,,
Fault tolerance,Adaptive batching,0,1,11,205,217,11,1,0.19837015644199685,,-0.015723016016341327,1.0,-0.0,,-0.015723016016341327,,
Fault tolerance,Sensor duty cycle,0,2,11,204,217,11,2,0.26852657159596116,,-0.022287353438180866,1.0,-0.0,,-0.022287353438180866,,
Fault tolerance,Later local processing of encoded features,0,1,11,205,217,11,1,0.19837015644199685,,-0.015723016016341327,1.0,-0.0,,-0.015723016016341327,,
Fault tolerance,Concurrent processing hardware,0,7,11,199,217,11,7,0.4428928155200824,,-0.04218927914862858,1.0,-0.0,,-0.04218927914862858,,
Fault tolerance,Straggler mitigation,0,1,11,205,217,11,1,0.19837015644199685,,-0.015723016016341327,1.0,-0.0,,-0.015723016016341327,,
Fault tolerance,Prediction combination of multi-models,0,1,11,205,217,11,1,0.19837015644199685,,-0.015723016016341327,1.0,-0.0,,-0.015723016016341327,,
Fault tolerance,Competing models ,0,1,11,205,217,11,1,0.19837015644199685,,-0.015723016016341327,1.0,-0.0,,-0.015723016016341327,,
Fault tolerance,Task-level parallelism on CNN layer-level,0,9,11,197,217,11,9,0.4848643207030773,,-0.048067586845535526,1.0,-0.0,,-0.048067586845535526,,
Fault tolerance,Data-level parallelsim in CNN layer,0,1,11,205,217,11,1,0.19837015644199685,,-0.015723016016341327,1.0,-0.0,,-0.015723016016341327,,
Fault tolerance,Event-based processing,0,1,11,205,217,11,1,0.19837015644199685,,-0.015723016016341327,1.0,-0.0,,-0.015723016016341327,,
Fault tolerance,Partial layer execution,0,2,11,204,217,11,2,0.26852657159596116,,-0.022287353438180866,1.0,-0.0,,-0.022287353438180866,,
Fault tolerance,Matrix-multiplication optimization,0,1,11,205,217,11,1,0.19837015644199685,,-0.015723016016341327,1.0,-0.0,,-0.015723016016341327,,
Fault tolerance,Simultaneous memory loading,0,4,11,202,217,11,4,0.3573895939171715,,-0.03166670864907339,1.0,-0.0,,-0.03166670864907339,,
Fault tolerance,Internal computation balancing,0,3,11,203,217,11,3,0.31816722087539906,,-0.02736002394152379,1.0,-0.0,,-0.02736002394152379,,
Fault tolerance,Quantitative sensor selection,0,1,11,205,217,11,1,0.19837015644199685,,-0.015723016016341327,1.0,-0.0,,-0.015723016016341327,,
Fault tolerance,Out-of-distribution detection,0,3,11,203,217,11,3,0.31816722087539906,,-0.02736002394152379,1.0,-0.0,,-0.02736002394152379,,
Fault tolerance,Coupled semantic descriptions,0,1,11,205,217,11,1,0.19837015644199685,,-0.015723016016341327,1.0,-0.0,,-0.015723016016341327,,
Fault tolerance,Test time adaption,0,2,11,204,217,11,2,0.26852657159596116,,-0.022287353438180866,1.0,-0.0,,-0.022287353438180866,,
Fault tolerance,High-level synthesis,0,1,11,205,217,11,1,0.19837015644199685,,-0.015723016016341327,1.0,-0.0,,-0.015723016016341327,,
Fault tolerance,Post-hoc uncertainty calibration ,0,1,11,205,217,11,1,0.19837015644199685,,-0.015723016016341327,1.0,-0.0,,-0.015723016016341327,,
Robustness,Post-training quantization,0,1,69,147,217,69,1,0.42522402580291163,,-0.04645867419985646,1.0,-0.0,,-0.04645867419985646,,
Robustness,Huffman coding,0,1,69,147,217,69,1,0.42522402580291163,,-0.04645867419985646,1.0,-0.0,,-0.04645867419985646,,
Robustness,Ablation,0,1,69,147,217,69,1,0.42522402580291163,,-0.04645867419985646,1.0,-0.0,,-0.04645867419985646,,
Robustness,Mixed-precision compression,0,5,69,143,217,69,5,0.7101171417669998,,-0.10486021875238269,0.1807436249830743,0.24764567059482043,,-0.10486021875238269,,
Robustness,Binary and ternary weights training,0,1,69,147,217,69,1,0.42522402580291163,,-0.04645867419985646,1.0,-0.0,,-0.04645867419985646,,
Robustness,Quantization-aware training,0,3,69,145,217,69,3,0.6167877649096681,,-0.08084393204703406,0.5531132783195798,0.08572863850358693,,-0.08084393204703406,,
Robustness,Binary weights and activations,0,6,69,142,217,69,6,0.7424305783634711,,-0.11514049314878945,0.18010358912937574,0.248159210804462,,-0.11514049314878945,,
Robustness,Ternary weights and activations 2-bit,0,5,69,143,217,69,5,0.7101171417669998,,-0.10486021875238269,0.1807436249830743,0.24764567059482043,,-0.10486021875238269,,
Robustness,Tenary weights,0,4,69,144,217,69,4,0.669632579485788,,-0.09356940796727735,0.30948344562776203,0.169787525526193,,-0.09356940796727735,,
Robustness,ADMM-based compression,0,4,69,144,217,69,4,0.669632579485788,,-0.09356940796727735,0.30948344562776203,0.169787525526193,,-0.09356940796727735,,
Robustness,Weight sharing,0,1,69,147,217,69,1,0.42522402580291163,,-0.04645867419985646,1.0,-0.0,,-0.04645867419985646,,
Robustness,Weight grouping,0,1,69,147,217,69,1,0.42522402580291163,,-0.04645867419985646,1.0,-0.0,,-0.04645867419985646,,
Robustness,Node masking,0,1,69,147,217,69,1,0.42522402580291163,,-0.04645867419985646,1.0,-0.0,,-0.04645867419985646,,
Robustness,Diagonal scalar weight matrix,0,1,69,147,217,69,1,0.42522402580291163,,-0.04645867419985646,1.0,-0.0,,-0.04645867419985646,,
Robustness,Matrix reusing,0,1,69,147,217,69,1,0.42522402580291163,,-0.04645867419985646,1.0,-0.0,,-0.04645867419985646,,
Robustness,Smaller computation datatype,0,7,69,141,217,69,7,0.7689568366814123,,-0.12466170438647363,0.10014536154910113,0.33312305373365686,,-0.12466170438647363,,
Robustness,Tensor or matrix decomposition,0,6,69,142,217,69,6,0.7424305783634711,,-0.11514049314878945,0.18010358912937574,0.248159210804462,,-0.11514049314878945,,
Robustness,Federated learning,0,2,69,146,217,69,2,0.5430384413191546,,-0.06585510636670062,1.0,-0.0,,-0.06585510636670062,,
Robustness,Online training,0,1,69,147,217,69,1,0.42522402580291163,,-0.04645867419985646,1.0,-0.0,,-0.04645867419985646,,
Robustness,Test-time training,0,1,69,147,217,69,1,0.42522402580291163,,-0.04645867419985646,1.0,-0.0,,-0.04645867419985646,,
Robustness,Fault tolerant training,0,4,69,144,217,69,4,0.669632579485788,,-0.09356940796727735,0.30948344562776203,0.169787525526193,,-0.09356940796727735,,
Robustness,On-device local training,0,3,69,145,217,69,3,0.6167877649096681,,-0.08084393204703406,0.5531132783195798,0.08572863850358693,,-0.08084393204703406,,
Robustness,Training with uncertainty measures,0,1,69,147,217,69,1,0.42522402580291163,,-0.04645867419985646,1.0,-0.0,,-0.04645867419985646,,
Robustness,Fault-aware retraining,0,1,69,147,217,69,1,0.42522402580291163,,-0.04645867419985646,1.0,-0.0,,-0.04645867419985646,,
Robustness,Quantization-aware retraining,0,3,69,145,217,69,3,0.6167877649096681,,-0.08084393204703406,0.5531132783195798,0.08572863850358693,,-0.08084393204703406,,
Robustness,Automatic retraining and deployment triggering,0,1,69,147,217,69,1,0.42522402580291163,,-0.04645867419985646,1.0,-0.0,,-0.04645867419985646,,
Robustness,Sensor ring architecture,0,1,69,147,217,69,1,0.42522402580291163,,-0.04645867419985646,1.0,-0.0,,-0.04645867419985646,,
Robustness,Containerization,0,3,69,145,217,69,3,0.6167877649096681,,-0.08084393204703406,0.5531132783195798,0.08572863850358693,,-0.08084393204703406,,
Robustness,TPU SoC or Accelerator Hardware ,0,5,69,143,217,69,5,0.7101171417669998,,-0.10486021875238269,0.1807436249830743,0.24764567059482043,,-0.10486021875238269,,
Robustness,Edge compute hardware,0,4,69,144,217,69,4,0.669632579485788,,-0.09356940796727735,0.30948344562776203,0.169787525526193,,-0.09356940796727735,,
Robustness,Library Encapsulation,0,1,69,147,217,69,1,0.42522402580291163,,-0.04645867419985646,1.0,-0.0,,-0.04645867419985646,,
Robustness,Deployment pipeline creation,0,3,69,145,217,69,3,0.6167877649096681,,-0.08084393204703406,0.5531132783195798,0.08572863850358693,,-0.08084393204703406,,
Robustness,Model pool for deployment,0,1,69,147,217,69,1,0.42522402580291163,,-0.04645867419985646,1.0,-0.0,,-0.04645867419985646,,
Robustness,Network combination,0,3,69,145,217,69,3,0.6167877649096681,,-0.08084393204703406,0.5531132783195798,0.08572863850358693,,-0.08084393204703406,,
Robustness,Network partitioning,0,9,69,139,217,69,9,0.8101127440309647,,-0.1420310425499195,0.06025755203629702,0.40666283850743873,,-0.1420310425499195,,
Robustness,Input resolution adjustment,0,3,69,145,217,69,3,0.6167877649096681,,-0.08084393204703406,0.5531132783195798,0.08572863850358693,,-0.08084393204703406,,
Robustness,Sensor or input data fusion,0,5,69,143,217,69,5,0.7101171417669998,,-0.10486021875238269,0.1807436249830743,0.24764567059482043,,-0.10486021875238269,,
Robustness,Sliding Window,0,1,69,147,217,69,1,0.42522402580291163,,-0.04645867419985646,1.0,-0.0,,-0.04645867419985646,,
Robustness,Frame rate reduction,0,2,69,146,217,69,2,0.5430384413191546,,-0.06585510636670062,1.0,-0.0,,-0.06585510636670062,,
Robustness,Input spatial partitioning,0,1,69,147,217,69,1,0.42522402580291163,,-0.04645867419985646,1.0,-0.0,,-0.04645867419985646,,
Robustness,Signal overwriting,0,1,69,147,217,69,1,0.42522402580291163,,-0.04645867419985646,1.0,-0.0,,-0.04645867419985646,,
Robustness,Post-processing,0,1,69,147,217,69,1,0.42522402580291163,,-0.04645867419985646,1.0,-0.0,,-0.04645867419985646,,
Robustness,New or specific layer module,0,5,69,143,217,69,5,0.7101171417669998,,-0.10486021875238269,0.1807436249830743,0.24764567059482043,,-0.10486021875238269,,
Robustness,Model fusion,0,1,69,147,217,69,1,0.42522402580291163,,-0.04645867419985646,1.0,-0.0,,-0.04645867419985646,,
Robustness,Early-exit inference,0,4,69,144,217,69,4,0.669632579485788,,-0.09356940796727735,0.30948344562776203,0.169787525526193,,-0.09356940796727735,,
Robustness,Additional side branches with uncertainty measures,0,2,69,146,217,69,2,0.5430384413191546,,-0.06585510636670062,1.0,-0.0,,-0.06585510636670062,,
Robustness,Bottleneck module,0,2,69,146,217,69,2,0.5430384413191546,,-0.06585510636670062,1.0,-0.0,,-0.06585510636670062,,
Robustness,Separation of convolutional kernels,0,2,69,146,217,69,2,0.5430384413191546,,-0.06585510636670062,1.0,-0.0,,-0.06585510636670062,,
Robustness,Convolution unfolding,0,1,69,147,217,69,1,0.42522402580291163,,-0.04645867419985646,1.0,-0.0,,-0.04645867419985646,,
Robustness,Layer fusion,0,1,69,147,217,69,1,0.42522402580291163,,-0.04645867419985646,1.0,-0.0,,-0.04645867419985646,,
Robustness,Fault-map-based neuron re-mapping,0,1,69,147,217,69,1,0.42522402580291163,,-0.04645867419985646,1.0,-0.0,,-0.04645867419985646,,
Robustness,Architecture design optimization with reinforcement learning,0,2,69,146,217,69,2,0.5430384413191546,,-0.06585510636670062,1.0,-0.0,,-0.06585510636670062,,
Robustness,Model format conversion,0,2,69,146,217,69,2,0.5430384413191546,,-0.06585510636670062,1.0,-0.0,,-0.06585510636670062,,
Robustness,Policy conversion,0,1,69,147,217,69,1,0.42522402580291163,,-0.04645867419985646,1.0,-0.0,,-0.04645867419985646,,
Robustness,Feature encoding,0,3,69,145,217,69,3,0.6167877649096681,,-0.08084393204703406,0.5531132783195798,0.08572863850358693,,-0.08084393204703406,,
Robustness,On-chip weight caching,0,2,69,146,217,69,2,0.5430384413191546,,-0.06585510636670062,1.0,-0.0,,-0.06585510636670062,,
Robustness,Cache preloading,0,1,69,147,217,69,1,0.42522402580291163,,-0.04645867419985646,1.0,-0.0,,-0.04645867419985646,,
Robustness,Relevant content caching,0,1,69,147,217,69,1,0.42522402580291163,,-0.04645867419985646,1.0,-0.0,,-0.04645867419985646,,
Robustness,Light communication protocol usage,0,1,69,147,217,69,1,0.42522402580291163,,-0.04645867419985646,1.0,-0.0,,-0.04645867419985646,,
Robustness,Cloud compression and edge reconstruction,0,1,69,147,217,69,1,0.42522402580291163,,-0.04645867419985646,1.0,-0.0,,-0.04645867419985646,,
Robustness,Deadline-aware scheduling,0,2,69,146,217,69,2,0.5430384413191546,,-0.06585510636670062,1.0,-0.0,,-0.06585510636670062,,
Robustness,Memory scheduling,0,2,69,146,217,69,2,0.5430384413191546,,-0.06585510636670062,1.0,-0.0,,-0.06585510636670062,,
Robustness,Multitask Scheduling,0,3,69,145,217,69,3,0.6167877649096681,,-0.08084393204703406,0.5531132783195798,0.08572863850358693,,-0.08084393204703406,,
Robustness,Adaptive model scheduling,0,1,69,147,217,69,1,0.42522402580291163,,-0.04645867419985646,1.0,-0.0,,-0.04645867419985646,,
Robustness,Sensor duty cycle,0,2,69,146,217,69,2,0.5430384413191546,,-0.06585510636670062,1.0,-0.0,,-0.06585510636670062,,
Robustness,Later local processing of encoded features,0,1,69,147,217,69,1,0.42522402580291163,,-0.04645867419985646,1.0,-0.0,,-0.04645867419985646,,
Robustness,Concurrent processing hardware,0,7,69,141,217,69,7,0.7689568366814123,,-0.12466170438647363,0.10014536154910113,0.33312305373365686,,-0.12466170438647363,,
Robustness,Task-level parallelism on CNN layer-level,0,9,69,139,217,69,9,0.8101127440309647,,-0.1420310425499195,0.06025755203629702,0.40666283850743873,,-0.1420310425499195,,
Robustness,Data-level parallelsim in CNN layer,0,1,69,147,217,69,1,0.42522402580291163,,-0.04645867419985646,1.0,-0.0,,-0.04645867419985646,,
Robustness,Event-based processing,0,1,69,147,217,69,1,0.42522402580291163,,-0.04645867419985646,1.0,-0.0,,-0.04645867419985646,,
Robustness,Partial layer execution,0,2,69,146,217,69,2,0.5430384413191546,,-0.06585510636670062,1.0,-0.0,,-0.06585510636670062,,
Robustness,Matrix-multiplication optimization,0,1,69,147,217,69,1,0.42522402580291163,,-0.04645867419985646,1.0,-0.0,,-0.04645867419985646,,
Robustness,Simultaneous memory loading,0,4,69,144,217,69,4,0.669632579485788,,-0.09356940796727735,0.30948344562776203,0.169787525526193,,-0.09356940796727735,,
Robustness,External computational offloading,0,11,69,137,217,69,11,0.8406518171759259,,-0.15778162336514256,0.01837083757865353,0.5786236808413604,,-0.15778162336514256,,
Robustness,Internal computation balancing,0,3,69,145,217,69,3,0.6167877649096681,,-0.08084393204703406,0.5531132783195798,0.08572863850358693,,-0.08084393204703406,,
Robustness,Quantitative sensor selection,0,1,69,147,217,69,1,0.42522402580291163,,-0.04645867419985646,1.0,-0.0,,-0.04645867419985646,,
Robustness,Failure prevention or mitigation,0,3,69,145,217,69,3,0.6167877649096681,,-0.08084393204703406,0.5531132783195798,0.08572863850358693,,-0.08084393204703406,,
Robustness,Independent model development,0,1,69,147,217,69,1,0.42522402580291163,,-0.04645867419985646,1.0,-0.0,,-0.04645867419985646,,
Robustness,Coupled semantic descriptions,0,1,69,147,217,69,1,0.42522402580291163,,-0.04645867419985646,1.0,-0.0,,-0.04645867419985646,,
Robustness,Merging of fault maps,0,1,69,147,217,69,1,0.42522402580291163,,-0.04645867419985646,1.0,-0.0,,-0.04645867419985646,,
Robustness,High-level synthesis,0,1,69,147,217,69,1,0.42522402580291163,,-0.04645867419985646,1.0,-0.0,,-0.04645867419985646,,
Security,Post-training quantization,0,1,6,210,217,6,1,0.15066306992548228,,-0.011473806513691905,1.0,-0.0,,-0.011473806513691905,,
Security,Huffman coding,0,1,6,210,217,6,1,0.15066306992548228,,-0.011473806513691905,1.0,-0.0,,-0.011473806513691905,,
Security,Ablation,0,1,6,210,217,6,1,0.15066306992548228,,-0.011473806513691905,1.0,-0.0,,-0.011473806513691905,,
Security,Mixed-precision compression,0,5,6,206,217,6,5,0.30590634059779964,,-0.02589712000330745,1.0,-0.0,,-0.02589712000330745,,
Security,Integer-only operations,0,11,6,200,217,6,11,0.4181848889381188,,-0.038967014213966714,1.0,-0.0,,-0.038967014213966714,,
Security,Parameter amount reduction,0,2,6,209,217,6,2,0.206212993639731,,-0.016264104850251135,1.0,-0.0,,-0.016264104850251135,,
Security,Binary and ternary weights training,0,1,6,210,217,6,1,0.15066306992548228,,-0.011473806513691905,1.0,-0.0,,-0.011473806513691905,,
Security,Quantization-aware training,0,3,6,208,217,6,3,0.24636168355623522,,-0.019965865365064398,1.0,-0.0,,-0.019965865365064398,,
Security,Binary weights and activations,0,6,6,205,217,6,6,0.3296799539643607,,-0.02843601895734597,1.0,-0.0,,-0.02843601895734597,,
Security,Ternary weights and activations 2-bit,0,5,6,206,217,6,5,0.30590634059779964,,-0.02589712000330745,1.0,-0.0,,-0.02589712000330745,,
Security,Tenary weights,0,4,6,207,217,6,4,0.27862677921159384,,-0.02310865088398409,1.0,-0.0,,-0.02310865088398409,,
Security,ADMM-based compression,0,4,6,207,217,6,4,0.27862677921159384,,-0.02310865088398409,1.0,-0.0,,-0.02310865088398409,,
Security,Sparsification,0,10,6,201,217,6,10,0.4033339960380281,,-0.03706373864813289,1.0,-0.0,,-0.03706373864813289,,
Security,Weight sharing,0,1,6,210,217,6,1,0.15066306992548228,,-0.011473806513691905,1.0,-0.0,,-0.011473806513691905,,
Security,Weight grouping,0,1,6,210,217,6,1,0.15066306992548228,,-0.011473806513691905,1.0,-0.0,,-0.011473806513691905,,
Security,Node masking,0,1,6,210,217,6,1,0.15066306992548228,,-0.011473806513691905,1.0,-0.0,,-0.011473806513691905,,
Security,Diagonal scalar weight matrix,0,1,6,210,217,6,1,0.15066306992548228,,-0.011473806513691905,1.0,-0.0,,-0.011473806513691905,,
Security,Matrix reusing,0,1,6,210,217,6,1,0.15066306992548228,,-0.011473806513691905,1.0,-0.0,,-0.011473806513691905,,
Security,Smaller computation datatype,0,7,6,204,217,6,7,0.35082268041346987,,-0.03078745359035396,1.0,-0.0,,-0.03078745359035396,,
Security,Tensor or matrix decomposition,0,6,6,205,217,6,6,0.3296799539643607,,-0.02843601895734597,1.0,-0.0,,-0.02843601895734597,,
Security,Continous learning,0,1,6,210,217,6,1,0.15066306992548228,,-0.011473806513691905,1.0,-0.0,,-0.011473806513691905,,
Security,Imitation learning,0,1,6,210,217,6,1,0.15066306992548228,,-0.011473806513691905,1.0,-0.0,,-0.011473806513691905,,
Security,Closed-loop learning,0,6,6,205,217,6,6,0.3296799539643607,,-0.02843601895734597,1.0,-0.0,,-0.02843601895734597,,
Security,Meta-learning,0,10,6,201,217,6,10,0.4033339960380281,,-0.03706373864813289,1.0,-0.0,,-0.03706373864813289,,
Security,Self-supervision learning,0,3,6,208,217,6,3,0.24636168355623522,,-0.019965865365064398,1.0,-0.0,,-0.019965865365064398,,
Security,Self-adjusted learning,0,1,6,210,217,6,1,0.15066306992548228,,-0.011473806513691905,1.0,-0.0,,-0.011473806513691905,,
Security,Destillation learning,0,11,6,200,217,6,11,0.4181848889381188,,-0.038967014213966714,1.0,-0.0,,-0.038967014213966714,,
Security,Transfer learning,0,5,6,206,217,6,5,0.30590634059779964,,-0.02589712000330745,1.0,-0.0,,-0.02589712000330745,,
Security,End-to-end learning,0,4,6,207,217,6,4,0.27862677921159384,,-0.02310865088398409,1.0,-0.0,,-0.02310865088398409,,
Security,Few-shot learning,0,4,6,207,217,6,4,0.27862677921159384,,-0.02310865088398409,1.0,-0.0,,-0.02310865088398409,,
Security,Online training,0,1,6,210,217,6,1,0.15066306992548228,,-0.011473806513691905,1.0,-0.0,,-0.011473806513691905,,
Security,Test-time training,0,1,6,210,217,6,1,0.15066306992548228,,-0.011473806513691905,1.0,-0.0,,-0.011473806513691905,,
Security,Fault tolerant training,0,4,6,207,217,6,4,0.27862677921159384,,-0.02310865088398409,1.0,-0.0,,-0.02310865088398409,,
Security,Adversarial generation decoupling,0,1,6,210,217,6,1,0.15066306992548228,,-0.011473806513691905,1.0,-0.0,,-0.011473806513691905,,
Security,Incremental training with sensor data,0,2,6,209,217,6,2,0.206212993639731,,-0.016264104850251135,1.0,-0.0,,-0.016264104850251135,,
Security,Inclusion of wrong labeled data in training,0,1,6,210,217,6,1,0.15066306992548228,,-0.011473806513691905,1.0,-0.0,,-0.011473806513691905,,
Security,Training with unlabed data,0,2,6,209,217,6,2,0.206212993639731,,-0.016264104850251135,1.0,-0.0,,-0.016264104850251135,,
Security,Standard training on fully labeled datasets,0,3,6,208,217,6,3,0.24636168355623522,,-0.019965865365064398,1.0,-0.0,,-0.019965865365064398,,
Security,On-device local training,0,3,6,208,217,6,3,0.24636168355623522,,-0.019965865365064398,1.0,-0.0,,-0.019965865365064398,,
Security,Training with gradient noise,0,2,6,209,217,6,2,0.206212993639731,,-0.016264104850251135,1.0,-0.0,,-0.016264104850251135,,
Security,Contrastive representation learning,0,1,6,210,217,6,1,0.15066306992548228,,-0.011473806513691905,1.0,-0.0,,-0.011473806513691905,,
Security,Training optimization algorithm selection or adaptation,0,11,6,200,217,6,11,0.4181848889381188,,-0.038967014213966714,1.0,-0.0,,-0.038967014213966714,,
Security,Training loss function selection or adaptation,0,5,6,206,217,6,5,0.30590634059779964,,-0.02589712000330745,1.0,-0.0,,-0.02589712000330745,,
Security,Label smooting,0,2,6,209,217,6,2,0.206212993639731,,-0.016264104850251135,1.0,-0.0,,-0.016264104850251135,,
Security,Training loss early stopping,0,1,6,210,217,6,1,0.15066306992548228,,-0.011473806513691905,1.0,-0.0,,-0.011473806513691905,,
Security,Weight initialization random,0,1,6,210,217,6,1,0.15066306992548228,,-0.011473806513691905,1.0,-0.0,,-0.011473806513691905,,
Security,Pretraining,0,3,6,208,217,6,3,0.24636168355623522,,-0.019965865365064398,1.0,-0.0,,-0.019965865365064398,,
Security,Regularization training,0,8,6,203,217,6,8,0.36990218853360224,,-0.032991818012706994,1.0,-0.0,,-0.032991818012706994,,
Security,Training with uncertainty measures,0,1,6,210,217,6,1,0.15066306992548228,,-0.011473806513691905,1.0,-0.0,,-0.011473806513691905,,
Security,Finetuning ,0,10,6,201,217,6,10,0.4033339960380281,,-0.03706373864813289,1.0,-0.0,,-0.03706373864813289,,
Security,Fault-aware retraining,0,1,6,210,217,6,1,0.15066306992548228,,-0.011473806513691905,1.0,-0.0,,-0.011473806513691905,,
Security,Retraining for fine tuning,0,4,6,207,217,6,4,0.27862677921159384,,-0.02310865088398409,1.0,-0.0,,-0.02310865088398409,,
Security,Quantization-aware retraining,0,3,6,208,217,6,3,0.24636168355623522,,-0.019965865365064398,1.0,-0.0,,-0.019965865365064398,,
Security,Automatic retraining and deployment triggering,0,1,6,210,217,6,1,0.15066306992548228,,-0.011473806513691905,1.0,-0.0,,-0.011473806513691905,,
Security,Training with adversarial noise,0,4,6,207,217,6,4,0.27862677921159384,,-0.02310865088398409,1.0,-0.0,,-0.02310865088398409,,
Security,Heuristics-driven augmentation,0,5,6,206,217,6,5,0.30590634059779964,,-0.02589712000330745,1.0,-0.0,,-0.02589712000330745,,
Security,Data-driven augmentations,0,1,6,210,217,6,1,0.15066306992548228,,-0.011473806513691905,1.0,-0.0,,-0.011473806513691905,,
Security,Modular system design,0,2,6,209,217,6,2,0.206212993639731,,-0.016264104850251135,1.0,-0.0,,-0.016264104850251135,,
Security,Containerization,0,3,6,208,217,6,3,0.24636168355623522,,-0.019965865365064398,1.0,-0.0,,-0.019965865365064398,,
Security,Specific model type selection,0,4,6,207,217,6,4,0.27862677921159384,,-0.02310865088398409,1.0,-0.0,,-0.02310865088398409,,
Security,TPU SoC or Accelerator Hardware ,0,5,6,206,217,6,5,0.30590634059779964,,-0.02589712000330745,1.0,-0.0,,-0.02589712000330745,,
Security,Library Encapsulation,0,1,6,210,217,6,1,0.15066306992548228,,-0.011473806513691905,1.0,-0.0,,-0.011473806513691905,,
Security,Deployment pipeline creation,0,3,6,208,217,6,3,0.24636168355623522,,-0.019965865365064398,1.0,-0.0,,-0.019965865365064398,,
Security,Model pool for deployment,0,1,6,210,217,6,1,0.15066306992548228,,-0.011473806513691905,1.0,-0.0,,-0.011473806513691905,,
Security,Network combination,0,3,6,208,217,6,3,0.24636168355623522,,-0.019965865365064398,1.0,-0.0,,-0.019965865365064398,,
Security,Network partitioning,0,9,6,202,217,6,9,0.3873110832176079,,-0.03507712454611443,1.0,-0.0,,-0.03507712454611443,,
Security,Weight averaging,0,1,6,210,217,6,1,0.15066306992548228,,-0.011473806513691905,1.0,-0.0,,-0.011473806513691905,,
Security,Input resolution adjustment,0,3,6,208,217,6,3,0.24636168355623522,,-0.019965865365064398,1.0,-0.0,,-0.019965865365064398,,
Security,Sliding Window,0,1,6,210,217,6,1,0.15066306992548228,,-0.011473806513691905,1.0,-0.0,,-0.011473806513691905,,
Security,Frame rate reduction,0,2,6,209,217,6,2,0.206212993639731,,-0.016264104850251135,1.0,-0.0,,-0.016264104850251135,,
Security,Input spatial partitioning,0,1,6,210,217,6,1,0.15066306992548228,,-0.011473806513691905,1.0,-0.0,,-0.011473806513691905,,
Security,Input contrast improvement,0,1,6,210,217,6,1,0.15066306992548228,,-0.011473806513691905,1.0,-0.0,,-0.011473806513691905,,
Security,Input modification,0,2,6,209,217,6,2,0.206212993639731,,-0.016264104850251135,1.0,-0.0,,-0.016264104850251135,,
Security,Sequential input fusion,0,1,6,210,217,6,1,0.15066306992548228,,-0.011473806513691905,1.0,-0.0,,-0.011473806513691905,,
Security,Signal overwriting,0,1,6,210,217,6,1,0.15066306992548228,,-0.011473806513691905,1.0,-0.0,,-0.011473806513691905,,
Security,Denoising,0,2,6,209,217,6,2,0.206212993639731,,-0.016264104850251135,1.0,-0.0,,-0.016264104850251135,,
Security,Robust feature extraction,0,2,6,209,217,6,2,0.206212993639731,,-0.016264104850251135,1.0,-0.0,,-0.016264104850251135,,
Security,Post-processing,0,1,6,210,217,6,1,0.15066306992548228,,-0.011473806513691905,1.0,-0.0,,-0.011473806513691905,,
Security,Decision smoothing,0,1,6,210,217,6,1,0.15066306992548228,,-0.011473806513691905,1.0,-0.0,,-0.011473806513691905,,
Security,Width adjustment,0,15,6,196,217,6,15,0.46871439086703215,,-0.045951991971399375,1.0,-0.0,,-0.045951991971399375,,
Security,Depth adjustment,0,12,6,199,217,6,12,0.4320292879878078,,-0.040798865807295616,1.0,-0.0,,-0.040798865807295616,,
Security,Last stage reduction,0,1,6,210,217,6,1,0.15066306992548228,,-0.011473806513691905,1.0,-0.0,,-0.011473806513691905,,
Security,New or specific layer module,0,5,6,206,217,6,5,0.30590634059779964,,-0.02589712000330745,1.0,-0.0,,-0.02589712000330745,,
Security,Model fusion,0,1,6,210,217,6,1,0.15066306992548228,,-0.011473806513691905,1.0,-0.0,,-0.011473806513691905,,
Security,Kernel regularization,0,1,6,210,217,6,1,0.15066306992548228,,-0.011473806513691905,1.0,-0.0,,-0.011473806513691905,,
Security,Regularization,0,7,6,204,217,6,7,0.35082268041346987,,-0.03078745359035396,1.0,-0.0,,-0.03078745359035396,,
Security,Early-exit inference,0,4,6,207,217,6,4,0.27862677921159384,,-0.02310865088398409,1.0,-0.0,,-0.02310865088398409,,
Security,Additional side branches with uncertainty measures,0,2,6,209,217,6,2,0.206212993639731,,-0.016264104850251135,1.0,-0.0,,-0.016264104850251135,,
Security,Tuner and meta-tuner blocks,0,2,6,209,217,6,2,0.206212993639731,,-0.016264104850251135,1.0,-0.0,,-0.016264104850251135,,
Security,Adapter module,0,2,6,209,217,6,2,0.206212993639731,,-0.016264104850251135,1.0,-0.0,,-0.016264104850251135,,
Security,Bottleneck module,0,2,6,209,217,6,2,0.206212993639731,,-0.016264104850251135,1.0,-0.0,,-0.016264104850251135,,
Security,Separation of convolutional kernels,0,2,6,209,217,6,2,0.206212993639731,,-0.016264104850251135,1.0,-0.0,,-0.016264104850251135,,
Security,Depthwise-separable convolution layers,0,2,6,209,217,6,2,0.206212993639731,,-0.016264104850251135,1.0,-0.0,,-0.016264104850251135,,
Security,Convolution unfolding,0,1,6,210,217,6,1,0.15066306992548228,,-0.011473806513691905,1.0,-0.0,,-0.011473806513691905,,
Security,Activation function selection,0,4,6,207,217,6,4,0.27862677921159384,,-0.02310865088398409,1.0,-0.0,,-0.02310865088398409,,
Security,Layer fusion,0,1,6,210,217,6,1,0.15066306992548228,,-0.011473806513691905,1.0,-0.0,,-0.011473806513691905,,
Security,Fault-map-based neuron re-mapping,0,1,6,210,217,6,1,0.15066306992548228,,-0.011473806513691905,1.0,-0.0,,-0.011473806513691905,,
Security,Multiscale feature processing architectures,0,1,6,210,217,6,1,0.15066306992548228,,-0.011473806513691905,1.0,-0.0,,-0.011473806513691905,,
Security,Architecture design through math. optimization,0,5,6,206,217,6,5,0.30590634059779964,,-0.02589712000330745,1.0,-0.0,,-0.02589712000330745,,
Security,Neural architecture search,0,10,6,201,217,6,10,0.4033339960380281,,-0.03706373864813289,1.0,-0.0,,-0.03706373864813289,,
Security,Hardware and Software codesign,0,8,6,203,217,6,8,0.36990218853360224,,-0.032991818012706994,1.0,-0.0,,-0.032991818012706994,,
Security,Architecture design optimization with reinforcement learning,0,2,6,209,217,6,2,0.206212993639731,,-0.016264104850251135,1.0,-0.0,,-0.016264104850251135,,
Security,Model format conversion,0,2,6,209,217,6,2,0.206212993639731,,-0.016264104850251135,1.0,-0.0,,-0.016264104850251135,,
Security,Normalization,0,3,6,208,217,6,3,0.24636168355623522,,-0.019965865365064398,1.0,-0.0,,-0.019965865365064398,,
Security,Policy conversion,0,1,6,210,217,6,1,0.15066306992548228,,-0.011473806513691905,1.0,-0.0,,-0.011473806513691905,,
Security,Feature encoding,0,3,6,208,217,6,3,0.24636168355623522,,-0.019965865365064398,1.0,-0.0,,-0.019965865365064398,,
Security,On-chip weight caching,0,2,6,209,217,6,2,0.206212993639731,,-0.016264104850251135,1.0,-0.0,,-0.016264104850251135,,
Security,Cache preloading,0,1,6,210,217,6,1,0.15066306992548228,,-0.011473806513691905,1.0,-0.0,,-0.011473806513691905,,
Security,Prediction/intermediate result caching,0,2,6,209,217,6,2,0.206212993639731,,-0.016264104850251135,1.0,-0.0,,-0.016264104850251135,,
Security,Relevant content caching,0,1,6,210,217,6,1,0.15066306992548228,,-0.011473806513691905,1.0,-0.0,,-0.011473806513691905,,
Security,Light communication protocol usage,0,1,6,210,217,6,1,0.15066306992548228,,-0.011473806513691905,1.0,-0.0,,-0.011473806513691905,,
Security,Cloud compression and edge reconstruction,0,1,6,210,217,6,1,0.15066306992548228,,-0.011473806513691905,1.0,-0.0,,-0.011473806513691905,,
Security,Deadline-aware scheduling,0,2,6,209,217,6,2,0.206212993639731,,-0.016264104850251135,1.0,-0.0,,-0.016264104850251135,,
Security,Memory scheduling,0,2,6,209,217,6,2,0.206212993639731,,-0.016264104850251135,1.0,-0.0,,-0.016264104850251135,,
Security,Multitask Scheduling,0,3,6,208,217,6,3,0.24636168355623522,,-0.019965865365064398,1.0,-0.0,,-0.019965865365064398,,
Security,Single task assignment,0,1,6,210,217,6,1,0.15066306992548228,,-0.011473806513691905,1.0,-0.0,,-0.011473806513691905,,
Security,Adaptive model scheduling,0,1,6,210,217,6,1,0.15066306992548228,,-0.011473806513691905,1.0,-0.0,,-0.011473806513691905,,
Security,Adaptive batching,0,1,6,210,217,6,1,0.15066306992548228,,-0.011473806513691905,1.0,-0.0,,-0.011473806513691905,,
Security,Sensor duty cycle,0,2,6,209,217,6,2,0.206212993639731,,-0.016264104850251135,1.0,-0.0,,-0.016264104850251135,,
Security,Later local processing of encoded features,0,1,6,210,217,6,1,0.15066306992548228,,-0.011473806513691905,1.0,-0.0,,-0.011473806513691905,,
Security,Concurrent processing hardware,0,7,6,204,217,6,7,0.35082268041346987,,-0.03078745359035396,1.0,-0.0,,-0.03078745359035396,,
Security,Straggler mitigation,0,1,6,210,217,6,1,0.15066306992548228,,-0.011473806513691905,1.0,-0.0,,-0.011473806513691905,,
Security,Prediction combination of multi-models,0,1,6,210,217,6,1,0.15066306992548228,,-0.011473806513691905,1.0,-0.0,,-0.011473806513691905,,
Security,Competing models ,0,1,6,210,217,6,1,0.15066306992548228,,-0.011473806513691905,1.0,-0.0,,-0.011473806513691905,,
Security,Multi-model of different models,0,6,6,205,217,6,6,0.3296799539643607,,-0.02843601895734597,1.0,-0.0,,-0.02843601895734597,,
Security,Task-level parallelism on CNN layer-level,0,9,6,202,217,6,9,0.3873110832176079,,-0.03507712454611443,1.0,-0.0,,-0.03507712454611443,,
Security,Data-level parallelsim in CNN layer,0,1,6,210,217,6,1,0.15066306992548228,,-0.011473806513691905,1.0,-0.0,,-0.011473806513691905,,
Security,Event-based processing,0,1,6,210,217,6,1,0.15066306992548228,,-0.011473806513691905,1.0,-0.0,,-0.011473806513691905,,
Security,Partial layer execution,0,2,6,209,217,6,2,0.206212993639731,,-0.016264104850251135,1.0,-0.0,,-0.016264104850251135,,
Security,Matrix-multiplication optimization,0,1,6,210,217,6,1,0.15066306992548228,,-0.011473806513691905,1.0,-0.0,,-0.011473806513691905,,
Security,Simultaneous memory loading,0,4,6,207,217,6,4,0.27862677921159384,,-0.02310865088398409,1.0,-0.0,,-0.02310865088398409,,
Security,Internal computation balancing,0,3,6,208,217,6,3,0.24636168355623522,,-0.019965865365064398,1.0,-0.0,,-0.019965865365064398,,
Security,Quantitative sensor selection,0,1,6,210,217,6,1,0.15066306992548228,,-0.011473806513691905,1.0,-0.0,,-0.011473806513691905,,
Security,Out-of-distribution detection,0,3,6,208,217,6,3,0.24636168355623522,,-0.019965865365064398,1.0,-0.0,,-0.019965865365064398,,
Security,Failure prevention or mitigation,0,3,6,208,217,6,3,0.24636168355623522,,-0.019965865365064398,1.0,-0.0,,-0.019965865365064398,,
Security,Independent model development,0,1,6,210,217,6,1,0.15066306992548228,,-0.011473806513691905,1.0,-0.0,,-0.011473806513691905,,
Security,Coupled semantic descriptions,0,1,6,210,217,6,1,0.15066306992548228,,-0.011473806513691905,1.0,-0.0,,-0.011473806513691905,,
Security,Test time adaption,0,2,6,209,217,6,2,0.206212993639731,,-0.016264104850251135,1.0,-0.0,,-0.016264104850251135,,
Security,Merging of fault maps,0,1,6,210,217,6,1,0.15066306992548228,,-0.011473806513691905,1.0,-0.0,,-0.011473806513691905,,
Security,High-level synthesis,0,1,6,210,217,6,1,0.15066306992548228,,-0.011473806513691905,1.0,-0.0,,-0.011473806513691905,,
Security,Post-hoc uncertainty calibration ,0,1,6,210,217,6,1,0.15066306992548228,,-0.011473806513691905,1.0,-0.0,,-0.011473806513691905,,
Confidentiality,Post-training quantization,0,1,14,202,217,14,1,0.22076594753891132,,-0.01786854224729658,1.0,-0.0,,-0.01786854224729658,,
Confidentiality,Huffman coding,0,1,14,202,217,14,1,0.22076594753891132,,-0.01786854224729658,1.0,-0.0,,-0.01786854224729658,,
Confidentiality,Ablation,0,1,14,202,217,14,1,0.22076594753891132,,-0.01786854224729658,1.0,-0.0,,-0.01786854224729658,,
Confidentiality,Mixed-precision compression,0,5,14,198,217,14,5,0.4275176370043109,,-0.04033045025730631,1.0,-0.0,,-0.04033045025730631,,
Confidentiality,Parameter amount reduction,0,2,14,201,217,14,2,0.29725897566229753,,-0.025328633900560938,1.0,-0.0,,-0.025328633900560938,,
Confidentiality,Binary and ternary weights training,0,1,14,202,217,14,1,0.22076594753891132,,-0.01786854224729658,1.0,-0.0,,-0.01786854224729658,,
Confidentiality,Binary weights and activations,0,6,14,197,217,14,6,0.4571976885569208,,-0.04428436242827746,1.0,-0.0,,-0.04428436242827746,,
Confidentiality,Ternary weights and activations 2-bit,0,5,14,198,217,14,5,0.4275176370043109,,-0.04033045025730631,1.0,-0.0,,-0.04033045025730631,,
Confidentiality,Tenary weights,0,4,14,199,217,14,4,0.3927942914850693,,-0.03598787412928348,1.0,-0.0,,-0.03598787412928348,,
Confidentiality,ADMM-based compression,0,4,14,199,217,14,4,0.3927942914850693,,-0.03598787412928348,1.0,-0.0,,-0.03598787412928348,,
Confidentiality,Sparsification,0,10,14,193,217,14,10,0.5456150977214722,,-0.05772059857263732,1.0,-0.0,,-0.05772059857263732,,
Confidentiality,Weight sharing,0,1,14,202,217,14,1,0.22076594753891132,,-0.01786854224729658,1.0,-0.0,,-0.01786854224729658,,
Confidentiality,Weight grouping,0,1,14,202,217,14,1,0.22076594753891132,,-0.01786854224729658,1.0,-0.0,,-0.01786854224729658,,
Confidentiality,Node masking,0,1,14,202,217,14,1,0.22076594753891132,,-0.01786854224729658,1.0,-0.0,,-0.01786854224729658,,
Confidentiality,Diagonal scalar weight matrix,0,1,14,202,217,14,1,0.22076594753891132,,-0.01786854224729658,1.0,-0.0,,-0.01786854224729658,,
Confidentiality,Matrix reusing,0,1,14,202,217,14,1,0.22076594753891132,,-0.01786854224729658,1.0,-0.0,,-0.01786854224729658,,
Confidentiality,Smaller computation datatype,0,7,14,196,217,14,7,0.48313126236956183,,-0.04794633014853842,1.0,-0.0,,-0.04794633014853842,,
Confidentiality,Continous learning,0,1,14,202,217,14,1,0.22076594753891132,,-0.01786854224729658,1.0,-0.0,,-0.01786854224729658,,
Confidentiality,Imitation learning,0,1,14,202,217,14,1,0.22076594753891132,,-0.01786854224729658,1.0,-0.0,,-0.01786854224729658,,
Confidentiality,Closed-loop learning,0,6,14,197,217,14,6,0.4571976885569208,,-0.04428436242827746,1.0,-0.0,,-0.04428436242827746,,
Confidentiality,Meta-learning,0,10,14,193,217,14,10,0.5456150977214722,,-0.05772059857263732,1.0,-0.0,,-0.05772059857263732,,
Confidentiality,Self-supervision learning,0,3,14,200,217,14,3,0.35082268041346987,,-0.031093509233728094,1.0,-0.0,,-0.031093509233728094,,
Confidentiality,Self-adjusted learning,0,1,14,202,217,14,1,0.22076594753891132,,-0.01786854224729658,1.0,-0.0,,-0.01786854224729658,,
Confidentiality,Destillation learning,0,11,14,192,217,14,11,0.5627768512734111,,-0.06068463320366981,1.0,-0.0,,-0.06068463320366981,,
Confidentiality,Few-shot learning,0,4,14,199,217,14,4,0.3927942914850693,,-0.03598787412928348,1.0,-0.0,,-0.03598787412928348,,
Confidentiality,Online training,0,1,14,202,217,14,1,0.22076594753891132,,-0.01786854224729658,1.0,-0.0,,-0.01786854224729658,,
Confidentiality,Test-time training,0,1,14,202,217,14,1,0.22076594753891132,,-0.01786854224729658,1.0,-0.0,,-0.01786854224729658,,
Confidentiality,Fault tolerant training,0,4,14,199,217,14,4,0.3927942914850693,,-0.03598787412928348,1.0,-0.0,,-0.03598787412928348,,
Confidentiality,Adversarial generation decoupling,0,1,14,202,217,14,1,0.22076594753891132,,-0.01786854224729658,1.0,-0.0,,-0.01786854224729658,,
Confidentiality,Incremental training with sensor data,0,2,14,201,217,14,2,0.29725897566229753,,-0.025328633900560938,1.0,-0.0,,-0.025328633900560938,,
Confidentiality,Inclusion of wrong labeled data in training,0,1,14,202,217,14,1,0.22076594753891132,,-0.01786854224729658,1.0,-0.0,,-0.01786854224729658,,
Confidentiality,Training with unlabed data,0,2,14,201,217,14,2,0.29725897566229753,,-0.025328633900560938,1.0,-0.0,,-0.025328633900560938,,
Confidentiality,Standard training on fully labeled datasets,0,3,14,200,217,14,3,0.35082268041346987,,-0.031093509233728094,1.0,-0.0,,-0.031093509233728094,,
Confidentiality,Contrastive representation learning,0,1,14,202,217,14,1,0.22076594753891132,,-0.01786854224729658,1.0,-0.0,,-0.01786854224729658,,
Confidentiality,Training loss function selection or adaptation,0,5,14,198,217,14,5,0.4275176370043109,,-0.04033045025730631,1.0,-0.0,,-0.04033045025730631,,
Confidentiality,Label smooting,0,2,14,201,217,14,2,0.29725897566229753,,-0.025328633900560938,1.0,-0.0,,-0.025328633900560938,,
Confidentiality,Training loss early stopping,0,1,14,202,217,14,1,0.22076594753891132,,-0.01786854224729658,1.0,-0.0,,-0.01786854224729658,,
Confidentiality,Weight initialization random,0,1,14,202,217,14,1,0.22076594753891132,,-0.01786854224729658,1.0,-0.0,,-0.01786854224729658,,
Confidentiality,Pretraining,0,3,14,200,217,14,3,0.35082268041346987,,-0.031093509233728094,1.0,-0.0,,-0.031093509233728094,,
Confidentiality,Suppress redundant channel activations,0,1,14,202,217,14,1,0.22076594753891132,,-0.01786854224729658,1.0,-0.0,,-0.01786854224729658,,
Confidentiality,Regularization training,0,8,14,195,217,14,8,0.5061550527127967,,-0.05137926051582754,1.0,-0.0,,-0.05137926051582754,,
Confidentiality,Training with uncertainty measures,0,1,14,202,217,14,1,0.22076594753891132,,-0.01786854224729658,1.0,-0.0,,-0.01786854224729658,,
Confidentiality,Finetuning ,0,10,14,193,217,14,10,0.5456150977214722,,-0.05772059857263732,1.0,-0.0,,-0.05772059857263732,,
Confidentiality,Fault-aware retraining,0,1,14,202,217,14,1,0.22076594753891132,,-0.01786854224729658,1.0,-0.0,,-0.01786854224729658,,
Confidentiality,Retraining for fine tuning,0,4,14,199,217,14,4,0.3927942914850693,,-0.03598787412928348,1.0,-0.0,,-0.03598787412928348,,
Confidentiality,Quantization-aware retraining,0,3,14,200,217,14,3,0.35082268041346987,,-0.031093509233728094,1.0,-0.0,,-0.031093509233728094,,
Confidentiality,Automatic retraining and deployment triggering,0,1,14,202,217,14,1,0.22076594753891132,,-0.01786854224729658,1.0,-0.0,,-0.01786854224729658,,
Confidentiality,Heuristics-driven augmentation,0,5,14,198,217,14,5,0.4275176370043109,,-0.04033045025730631,1.0,-0.0,,-0.04033045025730631,,
Confidentiality,Data-driven augmentations,0,1,14,202,217,14,1,0.22076594753891132,,-0.01786854224729658,1.0,-0.0,,-0.01786854224729658,,
Confidentiality,Modular system design,0,2,14,201,217,14,2,0.29725897566229753,,-0.025328633900560938,1.0,-0.0,,-0.025328633900560938,,
Confidentiality,Containerization,0,3,14,200,217,14,3,0.35082268041346987,,-0.031093509233728094,1.0,-0.0,,-0.031093509233728094,,
Confidentiality,Specific model type selection,0,4,14,199,217,14,4,0.3927942914850693,,-0.03598787412928348,1.0,-0.0,,-0.03598787412928348,,
Confidentiality,TPU SoC or Accelerator Hardware ,0,5,14,198,217,14,5,0.4275176370043109,,-0.04033045025730631,1.0,-0.0,,-0.04033045025730631,,
Confidentiality,Library Encapsulation,0,1,14,202,217,14,1,0.22076594753891132,,-0.01786854224729658,1.0,-0.0,,-0.01786854224729658,,
Confidentiality,Deployment pipeline creation,0,3,14,200,217,14,3,0.35082268041346987,,-0.031093509233728094,1.0,-0.0,,-0.031093509233728094,,
Confidentiality,Model pool for deployment,0,1,14,202,217,14,1,0.22076594753891132,,-0.01786854224729658,1.0,-0.0,,-0.01786854224729658,,
Confidentiality,Network combination,0,3,14,200,217,14,3,0.35082268041346987,,-0.031093509233728094,1.0,-0.0,,-0.031093509233728094,,
Confidentiality,Weight averaging,0,1,14,202,217,14,1,0.22076594753891132,,-0.01786854224729658,1.0,-0.0,,-0.01786854224729658,,
Confidentiality,Input resolution adjustment,0,3,14,200,217,14,3,0.35082268041346987,,-0.031093509233728094,1.0,-0.0,,-0.031093509233728094,,
Confidentiality,Sliding Window,0,1,14,202,217,14,1,0.22076594753891132,,-0.01786854224729658,1.0,-0.0,,-0.01786854224729658,,
Confidentiality,Frame rate reduction,0,2,14,201,217,14,2,0.29725897566229753,,-0.025328633900560938,1.0,-0.0,,-0.025328633900560938,,
Confidentiality,Input spatial partitioning,0,1,14,202,217,14,1,0.22076594753891132,,-0.01786854224729658,1.0,-0.0,,-0.01786854224729658,,
Confidentiality,Input contrast improvement,0,1,14,202,217,14,1,0.22076594753891132,,-0.01786854224729658,1.0,-0.0,,-0.01786854224729658,,
Confidentiality,Input modification,0,2,14,201,217,14,2,0.29725897566229753,,-0.025328633900560938,1.0,-0.0,,-0.025328633900560938,,
Confidentiality,Sequential input fusion,0,1,14,202,217,14,1,0.22076594753891132,,-0.01786854224729658,1.0,-0.0,,-0.01786854224729658,,
Confidentiality,Signal overwriting,0,1,14,202,217,14,1,0.22076594753891132,,-0.01786854224729658,1.0,-0.0,,-0.01786854224729658,,
Confidentiality,Denoising,0,2,14,201,217,14,2,0.29725897566229753,,-0.025328633900560938,1.0,-0.0,,-0.025328633900560938,,
Confidentiality,Robust feature extraction,0,2,14,201,217,14,2,0.29725897566229753,,-0.025328633900560938,1.0,-0.0,,-0.025328633900560938,,
Confidentiality,Post-processing,0,1,14,202,217,14,1,0.22076594753891132,,-0.01786854224729658,1.0,-0.0,,-0.01786854224729658,,
Confidentiality,Decision smoothing,0,1,14,202,217,14,1,0.22076594753891132,,-0.01786854224729658,1.0,-0.0,,-0.01786854224729658,,
Confidentiality,Width adjustment,0,15,14,188,217,14,15,0.6194325242901088,,-0.07156257244782324,0.605447335499192,0.07264120924758413,,-0.07156257244782324,,
Confidentiality,Depth adjustment,0,12,14,191,217,14,12,0.5785688077344482,,-0.06353743689589825,1.0,-0.0,,-0.06353743689589825,,
Confidentiality,Last stage reduction,0,1,14,202,217,14,1,0.22076594753891132,,-0.01786854224729658,1.0,-0.0,,-0.01786854224729658,,
Confidentiality,New or specific layer module,0,5,14,198,217,14,5,0.4275176370043109,,-0.04033045025730631,1.0,-0.0,,-0.04033045025730631,,
Confidentiality,Model fusion,0,1,14,202,217,14,1,0.22076594753891132,,-0.01786854224729658,1.0,-0.0,,-0.01786854224729658,,
Confidentiality,Kernel regularization,0,1,14,202,217,14,1,0.22076594753891132,,-0.01786854224729658,1.0,-0.0,,-0.01786854224729658,,
Confidentiality,Tuner and meta-tuner blocks,0,2,14,201,217,14,2,0.29725897566229753,,-0.025328633900560938,1.0,-0.0,,-0.025328633900560938,,
Confidentiality,Adapter module,0,2,14,201,217,14,2,0.29725897566229753,,-0.025328633900560938,1.0,-0.0,,-0.025328633900560938,,
Confidentiality,Bottleneck module,0,2,14,201,217,14,2,0.29725897566229753,,-0.025328633900560938,1.0,-0.0,,-0.025328633900560938,,
Confidentiality,Separation of convolutional kernels,0,2,14,201,217,14,2,0.29725897566229753,,-0.025328633900560938,1.0,-0.0,,-0.025328633900560938,,
Confidentiality,Depthwise-separable convolution layers,0,2,14,201,217,14,2,0.29725897566229753,,-0.025328633900560938,1.0,-0.0,,-0.025328633900560938,,
Confidentiality,Activation function selection,0,4,14,199,217,14,4,0.3927942914850693,,-0.03598787412928348,1.0,-0.0,,-0.03598787412928348,,
Confidentiality,Layer fusion,0,1,14,202,217,14,1,0.22076594753891132,,-0.01786854224729658,1.0,-0.0,,-0.01786854224729658,,
Confidentiality,Fault-map-based neuron re-mapping,0,1,14,202,217,14,1,0.22076594753891132,,-0.01786854224729658,1.0,-0.0,,-0.01786854224729658,,
Confidentiality,Multiscale feature processing architectures,0,1,14,202,217,14,1,0.22076594753891132,,-0.01786854224729658,1.0,-0.0,,-0.01786854224729658,,
Confidentiality,Neural architecture search,0,10,14,193,217,14,10,0.5456150977214722,,-0.05772059857263732,1.0,-0.0,,-0.05772059857263732,,
Confidentiality,Hardware and Software codesign,0,8,14,195,217,14,8,0.5061550527127967,,-0.05137926051582754,1.0,-0.0,,-0.05137926051582754,,
Confidentiality,Architecture design optimization with reinforcement learning,0,2,14,201,217,14,2,0.29725897566229753,,-0.025328633900560938,1.0,-0.0,,-0.025328633900560938,,
Confidentiality,Model format conversion,0,2,14,201,217,14,2,0.29725897566229753,,-0.025328633900560938,1.0,-0.0,,-0.025328633900560938,,
Confidentiality,Normalization,0,3,14,200,217,14,3,0.35082268041346987,,-0.031093509233728094,1.0,-0.0,,-0.031093509233728094,,
Confidentiality,Policy conversion,0,1,14,202,217,14,1,0.22076594753891132,,-0.01786854224729658,1.0,-0.0,,-0.01786854224729658,,
Confidentiality,On-chip weight caching,0,2,14,201,217,14,2,0.29725897566229753,,-0.025328633900560938,1.0,-0.0,,-0.025328633900560938,,
Confidentiality,Relevant content caching,0,1,14,202,217,14,1,0.22076594753891132,,-0.01786854224729658,1.0,-0.0,,-0.01786854224729658,,
Confidentiality,Light communication protocol usage,0,1,14,202,217,14,1,0.22076594753891132,,-0.01786854224729658,1.0,-0.0,,-0.01786854224729658,,
Confidentiality,Deadline-aware scheduling,0,2,14,201,217,14,2,0.29725897566229753,,-0.025328633900560938,1.0,-0.0,,-0.025328633900560938,,
Confidentiality,Memory scheduling,0,2,14,201,217,14,2,0.29725897566229753,,-0.025328633900560938,1.0,-0.0,,-0.025328633900560938,,
Confidentiality,Multitask Scheduling,0,3,14,200,217,14,3,0.35082268041346987,,-0.031093509233728094,1.0,-0.0,,-0.031093509233728094,,
Confidentiality,Single task assignment,0,1,14,202,217,14,1,0.22076594753891132,,-0.01786854224729658,1.0,-0.0,,-0.01786854224729658,,
Confidentiality,Adaptive model scheduling,0,1,14,202,217,14,1,0.22076594753891132,,-0.01786854224729658,1.0,-0.0,,-0.01786854224729658,,
Confidentiality,Adaptive batching,0,1,14,202,217,14,1,0.22076594753891132,,-0.01786854224729658,1.0,-0.0,,-0.01786854224729658,,
Confidentiality,Sensor duty cycle,0,2,14,201,217,14,2,0.29725897566229753,,-0.025328633900560938,1.0,-0.0,,-0.025328633900560938,,
Confidentiality,Later local processing of encoded features,0,1,14,202,217,14,1,0.22076594753891132,,-0.01786854224729658,1.0,-0.0,,-0.01786854224729658,,
Confidentiality,Straggler mitigation,0,1,14,202,217,14,1,0.22076594753891132,,-0.01786854224729658,1.0,-0.0,,-0.01786854224729658,,
Confidentiality,Prediction combination of multi-models,0,1,14,202,217,14,1,0.22076594753891132,,-0.01786854224729658,1.0,-0.0,,-0.01786854224729658,,
Confidentiality,Competing models ,0,1,14,202,217,14,1,0.22076594753891132,,-0.01786854224729658,1.0,-0.0,,-0.01786854224729658,,
Confidentiality,Multi-model of different models,0,6,14,197,217,14,6,0.4571976885569208,,-0.04428436242827746,1.0,-0.0,,-0.04428436242827746,,
Confidentiality,Task-level parallelism on CNN layer-level,0,9,14,194,217,14,9,0.5268446350764039,,-0.05462677805469223,1.0,-0.0,,-0.05462677805469223,,
Confidentiality,Data-level parallelsim in CNN layer,0,1,14,202,217,14,1,0.22076594753891132,,-0.01786854224729658,1.0,-0.0,,-0.01786854224729658,,
Confidentiality,Event-based processing,0,1,14,202,217,14,1,0.22076594753891132,,-0.01786854224729658,1.0,-0.0,,-0.01786854224729658,,
Confidentiality,Partial layer execution,0,2,14,201,217,14,2,0.29725897566229753,,-0.025328633900560938,1.0,-0.0,,-0.025328633900560938,,
Confidentiality,Matrix-multiplication optimization,0,1,14,202,217,14,1,0.22076594753891132,,-0.01786854224729658,1.0,-0.0,,-0.01786854224729658,,
Confidentiality,Simultaneous memory loading,0,4,14,199,217,14,4,0.3927942914850693,,-0.03598787412928348,1.0,-0.0,,-0.03598787412928348,,
Confidentiality,Quantitative sensor selection,0,1,14,202,217,14,1,0.22076594753891132,,-0.01786854224729658,1.0,-0.0,,-0.01786854224729658,,
Confidentiality,Out-of-distribution detection,0,3,14,200,217,14,3,0.35082268041346987,,-0.031093509233728094,1.0,-0.0,,-0.031093509233728094,,
Confidentiality,Failure prevention or mitigation,0,3,14,200,217,14,3,0.35082268041346987,,-0.031093509233728094,1.0,-0.0,,-0.031093509233728094,,
Confidentiality,Independent model development,0,1,14,202,217,14,1,0.22076594753891132,,-0.01786854224729658,1.0,-0.0,,-0.01786854224729658,,
Confidentiality,Coupled semantic descriptions,0,1,14,202,217,14,1,0.22076594753891132,,-0.01786854224729658,1.0,-0.0,,-0.01786854224729658,,
Confidentiality,Test time adaption,0,2,14,201,217,14,2,0.29725897566229753,,-0.025328633900560938,1.0,-0.0,,-0.025328633900560938,,
Confidentiality,Merging of fault maps,0,1,14,202,217,14,1,0.22076594753891132,,-0.01786854224729658,1.0,-0.0,,-0.01786854224729658,,
Confidentiality,High-level synthesis,0,1,14,202,217,14,1,0.22076594753891132,,-0.01786854224729658,1.0,-0.0,,-0.01786854224729658,,
Confidentiality,Post-hoc uncertainty calibration ,0,1,14,202,217,14,1,0.22076594753891132,,-0.01786854224729658,1.0,-0.0,,-0.01786854224729658,,
Maintainability,Pruning,0,23,1,193,217,1,23,0.2736491391955218,,-0.023428051901170213,1.0,-0.0,,-0.023428051901170213,,
Maintainability,Quantization,0,40,1,176,217,1,40,0.3440278999511197,,-0.03234569498553233,1.0,-0.0,,-0.03234569498553233,,
Maintainability,Post-training quantization,0,1,1,215,217,1,1,0.06449301496838222,,-0.004629629629629629,1.0,-0.0,,-0.004629629629629629,,
Maintainability,Huffman coding,0,1,1,215,217,1,1,0.06449301496838222,,-0.004629629629629629,1.0,-0.0,,-0.004629629629629629,,
Maintainability,Ablation,0,1,1,215,217,1,1,0.06449301496838222,,-0.004629629629629629,1.0,-0.0,,-0.004629629629629629,,
Maintainability,Mixed-precision compression,0,5,1,211,217,1,5,0.13849222534596417,,-0.010449372136989982,1.0,-0.0,,-0.010449372136989982,,
Maintainability,Integer-only operations,0,11,1,205,217,1,11,0.19837015644199685,,-0.015723016016341327,1.0,-0.0,,-0.015723016016341327,,
Maintainability,Parameter amount reduction,0,2,1,214,217,1,2,0.08997290406174518,,-0.006562493591317981,1.0,-0.0,,-0.006562493591317981,,
Maintainability,Binary and ternary weights training,0,1,1,215,217,1,1,0.06449301496838222,,-0.004629629629629629,1.0,-0.0,,-0.004629629629629629,,
Maintainability,Quantization-aware training,0,3,1,213,217,1,3,0.10905274771158924,,-0.008056137408713865,1.0,-0.0,,-0.008056137408713865,,
Maintainability,Binary weights and activations,0,6,1,210,217,1,6,0.15066306992548228,,-0.011473806513691905,1.0,-0.0,,-0.011473806513691905,,
Maintainability,Ternary weights and activations 2-bit,0,5,1,211,217,1,5,0.13849222534596417,,-0.010449372136989982,1.0,-0.0,,-0.010449372136989982,,
Maintainability,Tenary weights,0,4,1,212,217,1,4,0.12482668095705252,,-0.009324237314407657,1.0,-0.0,,-0.009324237314407657,,
Maintainability,ADMM-based compression,0,4,1,212,217,1,4,0.12482668095705252,,-0.009324237314407657,1.0,-0.0,,-0.009324237314407657,,
Maintainability,Sparsification,0,10,1,206,217,1,10,0.19007895443513734,,-0.014955052834949042,1.0,-0.0,,-0.014955052834949042,,
Maintainability,Weight sharing,0,1,1,215,217,1,1,0.06449301496838222,,-0.004629629629629629,1.0,-0.0,,-0.004629629629629629,,
Maintainability,Weight grouping,0,1,1,215,217,1,1,0.06449301496838222,,-0.004629629629629629,1.0,-0.0,,-0.004629629629629629,,
Maintainability,Node masking,0,1,1,215,217,1,1,0.06449301496838222,,-0.004629629629629629,1.0,-0.0,,-0.004629629629629629,,
Maintainability,Diagonal scalar weight matrix,0,1,1,215,217,1,1,0.06449301496838222,,-0.004629629629629629,1.0,-0.0,,-0.004629629629629629,,
Maintainability,Matrix reusing,0,1,1,215,217,1,1,0.06449301496838222,,-0.004629629629629629,1.0,-0.0,,-0.004629629629629629,,
Maintainability,Smaller computation datatype,0,7,1,209,217,1,7,0.16170349855334454,,-0.012422599874998832,1.0,-0.0,,-0.012422599874998832,,
Maintainability,Tensor or matrix decomposition,0,6,1,210,217,1,6,0.15066306992548228,,-0.011473806513691905,1.0,-0.0,,-0.011473806513691905,,
Maintainability,Continous learning,0,1,1,215,217,1,1,0.06449301496838222,,-0.004629629629629629,1.0,-0.0,,-0.004629629629629629,,
Maintainability,Imitation learning,0,1,1,215,217,1,1,0.06449301496838222,,-0.004629629629629629,1.0,-0.0,,-0.004629629629629629,,
Maintainability,Closed-loop learning,0,6,1,210,217,1,6,0.15066306992548228,,-0.011473806513691905,1.0,-0.0,,-0.011473806513691905,,
Maintainability,Meta-learning,0,10,1,206,217,1,10,0.19007895443513734,,-0.014955052834949042,1.0,-0.0,,-0.014955052834949042,,
Maintainability,Self-supervision learning,0,3,1,213,217,1,3,0.10905274771158924,,-0.008056137408713865,1.0,-0.0,,-0.008056137408713865,,
Maintainability,Self-adjusted learning,0,1,1,215,217,1,1,0.06449301496838222,,-0.004629629629629629,1.0,-0.0,,-0.004629629629629629,,
Maintainability,Destillation learning,0,11,1,205,217,1,11,0.19837015644199685,,-0.015723016016341327,1.0,-0.0,,-0.015723016016341327,,
Maintainability,Transfer learning,0,5,1,211,217,1,5,0.13849222534596417,,-0.010449372136989982,1.0,-0.0,,-0.010449372136989982,,
Maintainability,Federated learning,0,2,1,214,217,1,2,0.08997290406174518,,-0.006562493591317981,1.0,-0.0,,-0.006562493591317981,,
Maintainability,End-to-end learning,0,4,1,212,217,1,4,0.12482668095705252,,-0.009324237314407657,1.0,-0.0,,-0.009324237314407657,,
Maintainability,Few-shot learning,0,4,1,212,217,1,4,0.12482668095705252,,-0.009324237314407657,1.0,-0.0,,-0.009324237314407657,,
Maintainability,Online training,0,1,1,215,217,1,1,0.06449301496838222,,-0.004629629629629629,1.0,-0.0,,-0.004629629629629629,,
Maintainability,Test-time training,0,1,1,215,217,1,1,0.06449301496838222,,-0.004629629629629629,1.0,-0.0,,-0.004629629629629629,,
Maintainability,Fault tolerant training,0,4,1,212,217,1,4,0.12482668095705252,,-0.009324237314407657,1.0,-0.0,,-0.009324237314407657,,
Maintainability,Adversarial training,0,28,1,188,217,1,28,0.29725897566229753,,-0.026189140043946204,1.0,-0.0,,-0.026189140043946204,,
Maintainability,Adversarial generation decoupling,0,1,1,215,217,1,1,0.06449301496838222,,-0.004629629629629629,1.0,-0.0,,-0.004629629629629629,,
Maintainability,Incremental training with sensor data,0,2,1,214,217,1,2,0.08997290406174518,,-0.006562493591317981,1.0,-0.0,,-0.006562493591317981,,
Maintainability,Inclusion of wrong labeled data in training,0,1,1,215,217,1,1,0.06449301496838222,,-0.004629629629629629,1.0,-0.0,,-0.004629629629629629,,
Maintainability,Training with unlabed data,0,2,1,214,217,1,2,0.08997290406174518,,-0.006562493591317981,1.0,-0.0,,-0.006562493591317981,,
Maintainability,Standard training on fully labeled datasets,0,3,1,213,217,1,3,0.10905274771158924,,-0.008056137408713865,1.0,-0.0,,-0.008056137408713865,,
Maintainability,On-device local training,0,3,1,213,217,1,3,0.10905274771158924,,-0.008056137408713865,1.0,-0.0,,-0.008056137408713865,,
Maintainability,Training with gradient noise,0,2,1,214,217,1,2,0.08997290406174518,,-0.006562493591317981,1.0,-0.0,,-0.006562493591317981,,
Maintainability,Contrastive representation learning,0,1,1,215,217,1,1,0.06449301496838222,,-0.004629629629629629,1.0,-0.0,,-0.004629629629629629,,
Maintainability,Training optimization algorithm selection or adaptation,0,11,1,205,217,1,11,0.19837015644199685,,-0.015723016016341327,1.0,-0.0,,-0.015723016016341327,,
Maintainability,Training loss function selection or adaptation,0,5,1,211,217,1,5,0.13849222534596417,,-0.010449372136989982,1.0,-0.0,,-0.010449372136989982,,
Maintainability,Label smooting,0,2,1,214,217,1,2,0.08997290406174518,,-0.006562493591317981,1.0,-0.0,,-0.006562493591317981,,
Maintainability,Training loss early stopping,0,1,1,215,217,1,1,0.06449301496838222,,-0.004629629629629629,1.0,-0.0,,-0.004629629629629629,,
Maintainability,Weight initialization random,0,1,1,215,217,1,1,0.06449301496838222,,-0.004629629629629629,1.0,-0.0,,-0.004629629629629629,,
Maintainability,Pretraining,0,3,1,213,217,1,3,0.10905274771158924,,-0.008056137408713865,1.0,-0.0,,-0.008056137408713865,,
Maintainability,Suppress redundant channel activations,0,1,1,215,217,1,1,0.06449301496838222,,-0.004629629629629629,1.0,-0.0,,-0.004629629629629629,,
Maintainability,Regularization training,0,8,1,208,217,1,8,0.17185068465818631,,-0.013312051063847861,1.0,-0.0,,-0.013312051063847861,,
Maintainability,Training with uncertainty measures,0,1,1,215,217,1,1,0.06449301496838222,,-0.004629629629629629,1.0,-0.0,,-0.004629629629629629,,
Maintainability,Finetuning ,0,10,1,206,217,1,10,0.19007895443513734,,-0.014955052834949042,1.0,-0.0,,-0.014955052834949042,,
Maintainability,Fault-aware retraining,0,1,1,215,217,1,1,0.06449301496838222,,-0.004629629629629629,1.0,-0.0,,-0.004629629629629629,,
Maintainability,Retraining for fine tuning,0,4,1,212,217,1,4,0.12482668095705252,,-0.009324237314407657,1.0,-0.0,,-0.009324237314407657,,
Maintainability,Quantization-aware retraining,0,3,1,213,217,1,3,0.10905274771158924,,-0.008056137408713865,1.0,-0.0,,-0.008056137408713865,,
Maintainability,Automatic retraining and deployment triggering,0,1,1,215,217,1,1,0.06449301496838222,,-0.004629629629629629,1.0,-0.0,,-0.004629629629629629,,
Maintainability,Training with adversarial noise,0,4,1,212,217,1,4,0.12482668095705252,,-0.009324237314407657,1.0,-0.0,,-0.009324237314407657,,
Maintainability,Heuristics-driven augmentation,0,5,1,211,217,1,5,0.13849222534596417,,-0.010449372136989982,1.0,-0.0,,-0.010449372136989982,,
Maintainability,Data-driven augmentations,0,1,1,215,217,1,1,0.06449301496838222,,-0.004629629629629629,1.0,-0.0,,-0.004629629629629629,,
Maintainability,Modular system design,0,2,1,214,217,1,2,0.08997290406174518,,-0.006562493591317981,1.0,-0.0,,-0.006562493591317981,,
Maintainability,Sensor ring architecture,0,1,1,215,217,1,1,0.06449301496838222,,-0.004629629629629629,1.0,-0.0,,-0.004629629629629629,,
Maintainability,Containerization,1,2,0,214,217,1,3,0.10905274771158924,,0.5746711351549223,0.013824884792626727,0.6197794930429558,,0.5746711351549223,,
Maintainability,Specific model type selection,0,4,1,212,217,1,4,0.12482668095705252,,-0.009324237314407657,1.0,-0.0,,-0.009324237314407657,,
Maintainability,TPU SoC or Accelerator Hardware ,0,5,1,211,217,1,5,0.13849222534596417,,-0.010449372136989982,1.0,-0.0,,-0.010449372136989982,,
Maintainability,Edge compute hardware,0,4,1,212,217,1,4,0.12482668095705252,,-0.009324237314407657,1.0,-0.0,,-0.009324237314407657,,
Maintainability,Library Encapsulation,0,1,1,215,217,1,1,0.06449301496838222,,-0.004629629629629629,1.0,-0.0,,-0.004629629629629629,,
Maintainability,Deployment pipeline creation,0,3,1,213,217,1,3,0.10905274771158924,,-0.008056137408713865,1.0,-0.0,,-0.008056137408713865,,
Maintainability,Model pool for deployment,0,1,1,215,217,1,1,0.06449301496838222,,-0.004629629629629629,1.0,-0.0,,-0.004629629629629629,,
Maintainability,Network combination,0,3,1,213,217,1,3,0.10905274771158924,,-0.008056137408713865,1.0,-0.0,,-0.008056137408713865,,
Maintainability,Network partitioning,1,8,0,208,217,1,9,0.18126924692201818,,0.32710225430843876,0.04147465437788018,0.46073907480306825,,0.32710225430843876,,
Maintainability,Weight averaging,0,1,1,215,217,1,1,0.06449301496838222,,-0.004629629629629629,1.0,-0.0,,-0.004629629629629629,,
Maintainability,Input resolution adjustment,0,3,1,213,217,1,3,0.10905274771158924,,-0.008056137408713865,1.0,-0.0,,-0.008056137408713865,,
Maintainability,Sensor or input data fusion,0,5,1,211,217,1,5,0.13849222534596417,,-0.010449372136989982,1.0,-0.0,,-0.010449372136989982,,
Maintainability,Sliding Window,0,1,1,215,217,1,1,0.06449301496838222,,-0.004629629629629629,1.0,-0.0,,-0.004629629629629629,,
Maintainability,Frame rate reduction,0,2,1,214,217,1,2,0.08997290406174518,,-0.006562493591317981,1.0,-0.0,,-0.006562493591317981,,
Maintainability,Input spatial partitioning,1,0,0,216,217,1,1,0.06449301496838222,,1.0,0.004608294930875576,0.7788199112828432,,1.0,,
Maintainability,Input contrast improvement,0,1,1,215,217,1,1,0.06449301496838222,,-0.004629629629629629,1.0,-0.0,,-0.004629629629629629,,
Maintainability,Input modification,0,2,1,214,217,1,2,0.08997290406174518,,-0.006562493591317981,1.0,-0.0,,-0.006562493591317981,,
Maintainability,Sequential input fusion,0,1,1,215,217,1,1,0.06449301496838222,,-0.004629629629629629,1.0,-0.0,,-0.004629629629629629,,
Maintainability,Signal overwriting,0,1,1,215,217,1,1,0.06449301496838222,,-0.004629629629629629,1.0,-0.0,,-0.004629629629629629,,
Maintainability,Denoising,0,2,1,214,217,1,2,0.08997290406174518,,-0.006562493591317981,1.0,-0.0,,-0.006562493591317981,,
Maintainability,Robust feature extraction,0,2,1,214,217,1,2,0.08997290406174518,,-0.006562493591317981,1.0,-0.0,,-0.006562493591317981,,
Maintainability,Post-processing,0,1,1,215,217,1,1,0.06449301496838222,,-0.004629629629629629,1.0,-0.0,,-0.004629629629629629,,
Maintainability,Decision smoothing,0,1,1,215,217,1,1,0.06449301496838222,,-0.004629629629629629,1.0,-0.0,,-0.004629629629629629,,
Maintainability,Width adjustment,0,15,1,201,217,1,15,0.22755841388363107,,-0.0185414233120827,1.0,-0.0,,-0.0185414233120827,,
Maintainability,Depth adjustment,0,12,1,204,217,1,12,0.206212993639731,,-0.016462159944159827,1.0,-0.0,,-0.016462159944159827,,
Maintainability,Last stage reduction,0,1,1,215,217,1,1,0.06449301496838222,,-0.004629629629629629,1.0,-0.0,,-0.004629629629629629,,
Maintainability,New or specific layer module,0,5,1,211,217,1,5,0.13849222534596417,,-0.010449372136989982,1.0,-0.0,,-0.010449372136989982,,
Maintainability,Model fusion,0,1,1,215,217,1,1,0.06449301496838222,,-0.004629629629629629,1.0,-0.0,,-0.004629629629629629,,
Maintainability,Kernel regularization,0,1,1,215,217,1,1,0.06449301496838222,,-0.004629629629629629,1.0,-0.0,,-0.004629629629629629,,
Maintainability,Regularization,0,7,1,209,217,1,7,0.16170349855334454,,-0.012422599874998832,1.0,-0.0,,-0.012422599874998832,,
Maintainability,Early-exit inference,0,4,1,212,217,1,4,0.12482668095705252,,-0.009324237314407657,1.0,-0.0,,-0.009324237314407657,,
Maintainability,Additional side branches with uncertainty measures,0,2,1,214,217,1,2,0.08997290406174518,,-0.006562493591317981,1.0,-0.0,,-0.006562493591317981,,
Maintainability,Tuner and meta-tuner blocks,0,2,1,214,217,1,2,0.08997290406174518,,-0.006562493591317981,1.0,-0.0,,-0.006562493591317981,,
Maintainability,Adapter module,0,2,1,214,217,1,2,0.08997290406174518,,-0.006562493591317981,1.0,-0.0,,-0.006562493591317981,,
Maintainability,Bottleneck module,0,2,1,214,217,1,2,0.08997290406174518,,-0.006562493591317981,1.0,-0.0,,-0.006562493591317981,,
Maintainability,Separation of convolutional kernels,0,2,1,214,217,1,2,0.08997290406174518,,-0.006562493591317981,1.0,-0.0,,-0.006562493591317981,,
Maintainability,Depthwise-separable convolution layers,0,2,1,214,217,1,2,0.08997290406174518,,-0.006562493591317981,1.0,-0.0,,-0.006562493591317981,,
Maintainability,Convolution unfolding,0,1,1,215,217,1,1,0.06449301496838222,,-0.004629629629629629,1.0,-0.0,,-0.004629629629629629,,
Maintainability,Activation function selection,0,4,1,212,217,1,4,0.12482668095705252,,-0.009324237314407657,1.0,-0.0,,-0.009324237314407657,,
Maintainability,Layer fusion,1,0,0,216,217,1,1,0.06449301496838222,,1.0,0.004608294930875576,0.7788199112828432,,1.0,,
Maintainability,Fault-map-based neuron re-mapping,0,1,1,215,217,1,1,0.06449301496838222,,-0.004629629629629629,1.0,-0.0,,-0.004629629629629629,,
Maintainability,Multiscale feature processing architectures,0,1,1,215,217,1,1,0.06449301496838222,,-0.004629629629629629,1.0,-0.0,,-0.004629629629629629,,
Maintainability,Architecture design through math. optimization,0,5,1,211,217,1,5,0.13849222534596417,,-0.010449372136989982,1.0,-0.0,,-0.010449372136989982,,
Maintainability,Neural architecture search,0,10,1,206,217,1,10,0.19007895443513734,,-0.014955052834949042,1.0,-0.0,,-0.014955052834949042,,
Maintainability,Hardware and Software codesign,0,8,1,208,217,1,8,0.17185068465818631,,-0.013312051063847861,1.0,-0.0,,-0.013312051063847861,,
Maintainability,Architecture design optimization with reinforcement learning,0,2,1,214,217,1,2,0.08997290406174518,,-0.006562493591317981,1.0,-0.0,,-0.006562493591317981,,
Maintainability,Model format conversion,0,2,1,214,217,1,2,0.08997290406174518,,-0.006562493591317981,1.0,-0.0,,-0.006562493591317981,,
Maintainability,Normalization,0,3,1,213,217,1,3,0.10905274771158924,,-0.008056137408713865,1.0,-0.0,,-0.008056137408713865,,
Maintainability,Policy conversion,0,1,1,215,217,1,1,0.06449301496838222,,-0.004629629629629629,1.0,-0.0,,-0.004629629629629629,,
Maintainability,Feature encoding,0,3,1,213,217,1,3,0.10905274771158924,,-0.008056137408713865,1.0,-0.0,,-0.008056137408713865,,
Maintainability,On-chip weight caching,0,2,1,214,217,1,2,0.08997290406174518,,-0.006562493591317981,1.0,-0.0,,-0.006562493591317981,,
Maintainability,Cache preloading,0,1,1,215,217,1,1,0.06449301496838222,,-0.004629629629629629,1.0,-0.0,,-0.004629629629629629,,
Maintainability,Prediction/intermediate result caching,0,2,1,214,217,1,2,0.08997290406174518,,-0.006562493591317981,1.0,-0.0,,-0.006562493591317981,,
Maintainability,Relevant content caching,0,1,1,215,217,1,1,0.06449301496838222,,-0.004629629629629629,1.0,-0.0,,-0.004629629629629629,,
Maintainability,Light communication protocol usage,0,1,1,215,217,1,1,0.06449301496838222,,-0.004629629629629629,1.0,-0.0,,-0.004629629629629629,,
Maintainability,Cloud compression and edge reconstruction,0,1,1,215,217,1,1,0.06449301496838222,,-0.004629629629629629,1.0,-0.0,,-0.004629629629629629,,
Maintainability,Deadline-aware scheduling,0,2,1,214,217,1,2,0.08997290406174518,,-0.006562493591317981,1.0,-0.0,,-0.006562493591317981,,
Maintainability,Memory scheduling,0,2,1,214,217,1,2,0.08997290406174518,,-0.006562493591317981,1.0,-0.0,,-0.006562493591317981,,
Maintainability,Multitask Scheduling,0,3,1,213,217,1,3,0.10905274771158924,,-0.008056137408713865,1.0,-0.0,,-0.008056137408713865,,
Maintainability,Single task assignment,0,1,1,215,217,1,1,0.06449301496838222,,-0.004629629629629629,1.0,-0.0,,-0.004629629629629629,,
Maintainability,Adaptive model scheduling,0,1,1,215,217,1,1,0.06449301496838222,,-0.004629629629629629,1.0,-0.0,,-0.004629629629629629,,
Maintainability,Adaptive batching,0,1,1,215,217,1,1,0.06449301496838222,,-0.004629629629629629,1.0,-0.0,,-0.004629629629629629,,
Maintainability,Sensor duty cycle,0,2,1,214,217,1,2,0.08997290406174518,,-0.006562493591317981,1.0,-0.0,,-0.006562493591317981,,
Maintainability,Later local processing of encoded features,0,1,1,215,217,1,1,0.06449301496838222,,-0.004629629629629629,1.0,-0.0,,-0.004629629629629629,,
Maintainability,Concurrent processing hardware,1,6,0,210,217,1,7,0.16170349855334454,,0.37267799624996495,0.03225806451612903,0.49712056461142423,,0.37267799624996495,,
Maintainability,Straggler mitigation,0,1,1,215,217,1,1,0.06449301496838222,,-0.004629629629629629,1.0,-0.0,,-0.004629629629629629,,
Maintainability,Prediction combination of multi-models,0,1,1,215,217,1,1,0.06449301496838222,,-0.004629629629629629,1.0,-0.0,,-0.004629629629629629,,
Maintainability,Competing models ,0,1,1,215,217,1,1,0.06449301496838222,,-0.004629629629629629,1.0,-0.0,,-0.004629629629629629,,
Maintainability,Multi-model of different models,0,6,1,210,217,1,6,0.15066306992548228,,-0.011473806513691905,1.0,-0.0,,-0.011473806513691905,,
Maintainability,Task-level parallelism on CNN layer-level,1,8,0,208,217,1,9,0.18126924692201818,,0.32710225430843876,0.04147465437788018,0.46073907480306825,,0.32710225430843876,,
Maintainability,Data-level parallelsim in CNN layer,0,1,1,215,217,1,1,0.06449301496838222,,-0.004629629629629629,1.0,-0.0,,-0.004629629629629629,,
Maintainability,Event-based processing,0,1,1,215,217,1,1,0.06449301496838222,,-0.004629629629629629,1.0,-0.0,,-0.004629629629629629,,
Maintainability,Partial layer execution,0,2,1,214,217,1,2,0.08997290406174518,,-0.006562493591317981,1.0,-0.0,,-0.006562493591317981,,
Maintainability,Matrix-multiplication optimization,0,1,1,215,217,1,1,0.06449301496838222,,-0.004629629629629629,1.0,-0.0,,-0.004629629629629629,,
Maintainability,Simultaneous memory loading,0,4,1,212,217,1,4,0.12482668095705252,,-0.009324237314407657,1.0,-0.0,,-0.009324237314407657,,
Maintainability,External computational offloading,0,11,1,205,217,1,11,0.19837015644199685,,-0.015723016016341327,1.0,-0.0,,-0.015723016016341327,,
Maintainability,Internal computation balancing,0,3,1,213,217,1,3,0.10905274771158924,,-0.008056137408713865,1.0,-0.0,,-0.008056137408713865,,
Maintainability,Quantitative sensor selection,0,1,1,215,217,1,1,0.06449301496838222,,-0.004629629629629629,1.0,-0.0,,-0.004629629629629629,,
Maintainability,Out-of-distribution detection,0,3,1,213,217,1,3,0.10905274771158924,,-0.008056137408713865,1.0,-0.0,,-0.008056137408713865,,
Maintainability,Failure prevention or mitigation,0,3,1,213,217,1,3,0.10905274771158924,,-0.008056137408713865,1.0,-0.0,,-0.008056137408713865,,
Maintainability,Independent model development,0,1,1,215,217,1,1,0.06449301496838222,,-0.004629629629629629,1.0,-0.0,,-0.004629629629629629,,
Maintainability,Coupled semantic descriptions,0,1,1,215,217,1,1,0.06449301496838222,,-0.004629629629629629,1.0,-0.0,,-0.004629629629629629,,
Maintainability,Test time adaption,0,2,1,214,217,1,2,0.08997290406174518,,-0.006562493591317981,1.0,-0.0,,-0.006562493591317981,,
Maintainability,Merging of fault maps,0,1,1,215,217,1,1,0.06449301496838222,,-0.004629629629629629,1.0,-0.0,,-0.004629629629629629,,
Maintainability,High-level synthesis,0,1,1,215,217,1,1,0.06449301496838222,,-0.004629629629629629,1.0,-0.0,,-0.004629629629629629,,
Maintainability,Post-hoc uncertainty calibration ,0,1,1,215,217,1,1,0.06449301496838222,,-0.004629629629629629,1.0,-0.0,,-0.004629629629629629,,
Modularity,Pruning,0,23,2,192,217,2,23,0.36374466889678037,,-0.03320923113903483,1.0,-0.0,,-0.03320923113903483,,
Modularity,Quantization,0,40,2,175,217,2,40,0.44914562337133124,,-0.04584997786664493,1.0,-0.0,,-0.04584997786664493,,
Modularity,Post-training quantization,0,1,2,214,217,2,1,0.08997290406174518,,-0.006562493591317981,1.0,-0.0,,-0.006562493591317981,,
Modularity,Huffman coding,0,1,2,214,217,2,1,0.08997290406174518,,-0.006562493591317981,1.0,-0.0,,-0.006562493591317981,,
Modularity,Ablation,0,1,2,214,217,2,1,0.08997290406174518,,-0.006562493591317981,1.0,-0.0,,-0.006562493591317981,,
Modularity,Mixed-precision compression,0,5,2,210,217,2,5,0.19007895443513734,,-0.014811970539375384,1.0,-0.0,,-0.014811970539375384,,
Modularity,Integer-only operations,0,11,2,204,217,2,11,0.26852657159596116,,-0.022287353438180866,1.0,-0.0,,-0.022287353438180866,,
Modularity,Parameter amount reduction,0,2,2,213,217,2,2,0.12482668095705252,,-0.009302325581395349,1.0,-0.0,,-0.009302325581395349,,
Modularity,Binary and ternary weights training,0,1,2,214,217,2,1,0.08997290406174518,,-0.006562493591317981,1.0,-0.0,,-0.006562493591317981,,
Modularity,Quantization-aware training,0,3,2,212,217,2,3,0.15066306992548228,,-0.011419563624939743,1.0,-0.0,,-0.011419563624939743,,
Modularity,Binary weights and activations,0,6,2,209,217,2,6,0.206212993639731,,-0.016264104850251135,1.0,-0.0,,-0.016264104850251135,,
Modularity,Ternary weights and activations 2-bit,0,5,2,210,217,2,5,0.19007895443513734,,-0.014811970539375384,1.0,-0.0,,-0.014811970539375384,,
Modularity,Tenary weights,0,4,2,211,217,2,4,0.17185068465818631,,-0.013217093485861298,1.0,-0.0,,-0.013217093485861298,,
Modularity,ADMM-based compression,0,4,2,211,217,2,4,0.17185068465818631,,-0.013217093485861298,1.0,-0.0,,-0.013217093485861298,,
Modularity,Sparsification,0,10,2,205,217,2,10,0.25780435421065095,,-0.02119876669162978,1.0,-0.0,,-0.02119876669162978,,
Modularity,Weight sharing,0,1,2,214,217,2,1,0.08997290406174518,,-0.006562493591317981,1.0,-0.0,,-0.006562493591317981,,
Modularity,Weight grouping,0,1,2,214,217,2,1,0.08997290406174518,,-0.006562493591317981,1.0,-0.0,,-0.006562493591317981,,
Modularity,Node masking,0,1,2,214,217,2,1,0.08997290406174518,,-0.006562493591317981,1.0,-0.0,,-0.006562493591317981,,
Modularity,Diagonal scalar weight matrix,0,1,2,214,217,2,1,0.08997290406174518,,-0.006562493591317981,1.0,-0.0,,-0.006562493591317981,,
Modularity,Matrix reusing,0,1,2,214,217,2,1,0.08997290406174518,,-0.006562493591317981,1.0,-0.0,,-0.006562493591317981,,
Modularity,Smaller computation datatype,0,7,2,208,217,2,7,0.22076594753891132,,-0.017609018126512475,1.0,-0.0,,-0.017609018126512475,,
Modularity,Tensor or matrix decomposition,0,6,2,209,217,2,6,0.206212993639731,,-0.016264104850251135,1.0,-0.0,,-0.016264104850251135,,
Modularity,Continous learning,0,1,2,214,217,2,1,0.08997290406174518,,-0.006562493591317981,1.0,-0.0,,-0.006562493591317981,,
Modularity,Imitation learning,0,1,2,214,217,2,1,0.08997290406174518,,-0.006562493591317981,1.0,-0.0,,-0.006562493591317981,,
Modularity,Closed-loop learning,0,6,2,209,217,2,6,0.206212993639731,,-0.016264104850251135,1.0,-0.0,,-0.016264104850251135,,
Modularity,Meta-learning,0,10,2,205,217,2,10,0.25780435421065095,,-0.02119876669162978,1.0,-0.0,,-0.02119876669162978,,
Modularity,Self-supervision learning,0,3,2,212,217,2,3,0.15066306992548228,,-0.011419563624939743,1.0,-0.0,,-0.011419563624939743,,
Modularity,Self-adjusted learning,0,1,2,214,217,2,1,0.08997290406174518,,-0.006562493591317981,1.0,-0.0,,-0.006562493591317981,,
Modularity,Destillation learning,0,11,2,204,217,2,11,0.26852657159596116,,-0.022287353438180866,1.0,-0.0,,-0.022287353438180866,,
Modularity,Transfer learning,0,5,2,210,217,2,5,0.19007895443513734,,-0.014811970539375384,1.0,-0.0,,-0.014811970539375384,,
Modularity,Federated learning,0,2,2,213,217,2,2,0.12482668095705252,,-0.009302325581395349,1.0,-0.0,,-0.009302325581395349,,
Modularity,End-to-end learning,0,4,2,211,217,2,4,0.17185068465818631,,-0.013217093485861298,1.0,-0.0,,-0.013217093485861298,,
Modularity,Few-shot learning,0,4,2,211,217,2,4,0.17185068465818631,,-0.013217093485861298,1.0,-0.0,,-0.013217093485861298,,
Modularity,Online training,0,1,2,214,217,2,1,0.08997290406174518,,-0.006562493591317981,1.0,-0.0,,-0.006562493591317981,,
Modularity,Test-time training,0,1,2,214,217,2,1,0.08997290406174518,,-0.006562493591317981,1.0,-0.0,,-0.006562493591317981,,
Modularity,Fault tolerant training,0,4,2,211,217,2,4,0.17185068465818631,,-0.013217093485861298,1.0,-0.0,,-0.013217093485861298,,
Modularity,Adversarial training,0,28,2,187,217,2,28,0.3927942914850693,,-0.037123069759313634,1.0,-0.0,,-0.037123069759313634,,
Modularity,Adversarial generation decoupling,0,1,2,214,217,2,1,0.08997290406174518,,-0.006562493591317981,1.0,-0.0,,-0.006562493591317981,,
Modularity,Incremental training with sensor data,0,2,2,213,217,2,2,0.12482668095705252,,-0.009302325581395349,1.0,-0.0,,-0.009302325581395349,,
Modularity,Inclusion of wrong labeled data in training,0,1,2,214,217,2,1,0.08997290406174518,,-0.006562493591317981,1.0,-0.0,,-0.006562493591317981,,
Modularity,Training with unlabed data,0,2,2,213,217,2,2,0.12482668095705252,,-0.009302325581395349,1.0,-0.0,,-0.009302325581395349,,
Modularity,Standard training on fully labeled datasets,0,3,2,212,217,2,3,0.15066306992548228,,-0.011419563624939743,1.0,-0.0,,-0.011419563624939743,,
Modularity,On-device local training,0,3,2,212,217,2,3,0.15066306992548228,,-0.011419563624939743,1.0,-0.0,,-0.011419563624939743,,
Modularity,Training with gradient noise,0,2,2,213,217,2,2,0.12482668095705252,,-0.009302325581395349,1.0,-0.0,,-0.009302325581395349,,
Modularity,Contrastive representation learning,0,1,2,214,217,2,1,0.08997290406174518,,-0.006562493591317981,1.0,-0.0,,-0.006562493591317981,,
Modularity,Training optimization algorithm selection or adaptation,0,11,2,204,217,2,11,0.26852657159596116,,-0.022287353438180866,1.0,-0.0,,-0.022287353438180866,,
Modularity,Training loss function selection or adaptation,0,5,2,210,217,2,5,0.19007895443513734,,-0.014811970539375384,1.0,-0.0,,-0.014811970539375384,,
Modularity,Label smooting,0,2,2,213,217,2,2,0.12482668095705252,,-0.009302325581395349,1.0,-0.0,,-0.009302325581395349,,
Modularity,Training loss early stopping,0,1,2,214,217,2,1,0.08997290406174518,,-0.006562493591317981,1.0,-0.0,,-0.006562493591317981,,
Modularity,Weight initialization random,0,1,2,214,217,2,1,0.08997290406174518,,-0.006562493591317981,1.0,-0.0,,-0.006562493591317981,,
Modularity,Pretraining,0,3,2,212,217,2,3,0.15066306992548228,,-0.011419563624939743,1.0,-0.0,,-0.011419563624939743,,
Modularity,Suppress redundant channel activations,0,1,2,214,217,2,1,0.08997290406174518,,-0.006562493591317981,1.0,-0.0,,-0.006562493591317981,,
Modularity,Regularization training,0,8,2,207,217,2,8,0.2340716616353513,,-0.01886981395546065,1.0,-0.0,,-0.01886981395546065,,
Modularity,Training with uncertainty measures,0,1,2,214,217,2,1,0.08997290406174518,,-0.006562493591317981,1.0,-0.0,,-0.006562493591317981,,
Modularity,Finetuning ,0,10,2,205,217,2,10,0.25780435421065095,,-0.02119876669162978,1.0,-0.0,,-0.02119876669162978,,
Modularity,Fault-aware retraining,0,1,2,214,217,2,1,0.08997290406174518,,-0.006562493591317981,1.0,-0.0,,-0.006562493591317981,,
Modularity,Retraining for fine tuning,0,4,2,211,217,2,4,0.17185068465818631,,-0.013217093485861298,1.0,-0.0,,-0.013217093485861298,,
Modularity,Quantization-aware retraining,0,3,2,212,217,2,3,0.15066306992548228,,-0.011419563624939743,1.0,-0.0,,-0.011419563624939743,,
Modularity,Training with adversarial noise,0,4,2,211,217,2,4,0.17185068465818631,,-0.013217093485861298,1.0,-0.0,,-0.013217093485861298,,
Modularity,Heuristics-driven augmentation,0,5,2,210,217,2,5,0.19007895443513734,,-0.014811970539375384,1.0,-0.0,,-0.014811970539375384,,
Modularity,Data-driven augmentations,0,1,2,214,217,2,1,0.08997290406174518,,-0.006562493591317981,1.0,-0.0,,-0.006562493591317981,,
Modularity,Sensor ring architecture,0,1,2,214,217,2,1,0.08997290406174518,,-0.006562493591317981,1.0,-0.0,,-0.006562493591317981,,
Modularity,Specific model type selection,0,4,2,211,217,2,4,0.17185068465818631,,-0.013217093485861298,1.0,-0.0,,-0.013217093485861298,,
Modularity,TPU SoC or Accelerator Hardware ,0,5,2,210,217,2,5,0.19007895443513734,,-0.014811970539375384,1.0,-0.0,,-0.014811970539375384,,
Modularity,Edge compute hardware,0,4,2,211,217,2,4,0.17185068465818631,,-0.013217093485861298,1.0,-0.0,,-0.013217093485861298,,
Modularity,Library Encapsulation,0,1,2,214,217,2,1,0.08997290406174518,,-0.006562493591317981,1.0,-0.0,,-0.006562493591317981,,
Modularity,Deployment pipeline creation,2,1,0,214,217,2,3,0.15066306992548228,,0.814595538579035,0.00012800819252432156,1.0,,0.814595538579035,,
Modularity,Model pool for deployment,0,1,2,214,217,2,1,0.08997290406174518,,-0.006562493591317981,1.0,-0.0,,-0.006562493591317981,,
Modularity,Network combination,0,3,2,212,217,2,3,0.15066306992548228,,-0.011419563624939743,1.0,-0.0,,-0.011419563624939743,,
Modularity,Network partitioning,0,9,2,206,217,2,9,0.24636168355623522,,-0.020062514106460188,1.0,-0.0,,-0.020062514106460188,,
Modularity,Weight averaging,0,1,2,214,217,2,1,0.08997290406174518,,-0.006562493591317981,1.0,-0.0,,-0.006562493591317981,,
Modularity,Input resolution adjustment,0,3,2,212,217,2,3,0.15066306992548228,,-0.011419563624939743,1.0,-0.0,,-0.011419563624939743,,
Modularity,Sensor or input data fusion,0,5,2,210,217,2,5,0.19007895443513734,,-0.014811970539375384,1.0,-0.0,,-0.014811970539375384,,
Modularity,Sliding Window,0,1,2,214,217,2,1,0.08997290406174518,,-0.006562493591317981,1.0,-0.0,,-0.006562493591317981,,
Modularity,Frame rate reduction,0,2,2,213,217,2,2,0.12482668095705252,,-0.009302325581395349,1.0,-0.0,,-0.009302325581395349,,
Modularity,Input spatial partitioning,0,1,2,214,217,2,1,0.08997290406174518,,-0.006562493591317981,1.0,-0.0,,-0.006562493591317981,,
Modularity,Input contrast improvement,0,1,2,214,217,2,1,0.08997290406174518,,-0.006562493591317981,1.0,-0.0,,-0.006562493591317981,,
Modularity,Input modification,0,2,2,213,217,2,2,0.12482668095705252,,-0.009302325581395349,1.0,-0.0,,-0.009302325581395349,,
Modularity,Sequential input fusion,0,1,2,214,217,2,1,0.08997290406174518,,-0.006562493591317981,1.0,-0.0,,-0.006562493591317981,,
Modularity,Signal overwriting,0,1,2,214,217,2,1,0.08997290406174518,,-0.006562493591317981,1.0,-0.0,,-0.006562493591317981,,
Modularity,Denoising,0,2,2,213,217,2,2,0.12482668095705252,,-0.009302325581395349,1.0,-0.0,,-0.009302325581395349,,
Modularity,Robust feature extraction,0,2,2,213,217,2,2,0.12482668095705252,,-0.009302325581395349,1.0,-0.0,,-0.009302325581395349,,
Modularity,Post-processing,0,1,2,214,217,2,1,0.08997290406174518,,-0.006562493591317981,1.0,-0.0,,-0.006562493591317981,,
Modularity,Decision smoothing,0,1,2,214,217,2,1,0.08997290406174518,,-0.006562493591317981,1.0,-0.0,,-0.006562493591317981,,
Modularity,Width adjustment,0,15,2,200,217,2,15,0.30590634059779964,,-0.02628244187844261,1.0,-0.0,,-0.02628244187844261,,
Modularity,Depth adjustment,0,12,2,203,217,2,12,0.27862677921159384,,-0.0233350889326849,1.0,-0.0,,-0.0233350889326849,,
Modularity,Last stage reduction,0,1,2,214,217,2,1,0.08997290406174518,,-0.006562493591317981,1.0,-0.0,,-0.006562493591317981,,
Modularity,New or specific layer module,0,5,2,210,217,2,5,0.19007895443513734,,-0.014811970539375384,1.0,-0.0,,-0.014811970539375384,,
Modularity,Model fusion,0,1,2,214,217,2,1,0.08997290406174518,,-0.006562493591317981,1.0,-0.0,,-0.006562493591317981,,
Modularity,Kernel regularization,0,1,2,214,217,2,1,0.08997290406174518,,-0.006562493591317981,1.0,-0.0,,-0.006562493591317981,,
Modularity,Regularization,0,7,2,208,217,2,7,0.22076594753891132,,-0.017609018126512475,1.0,-0.0,,-0.017609018126512475,,
Modularity,Early-exit inference,0,4,2,211,217,2,4,0.17185068465818631,,-0.013217093485861298,1.0,-0.0,,-0.013217093485861298,,
Modularity,Additional side branches with uncertainty measures,0,2,2,213,217,2,2,0.12482668095705252,,-0.009302325581395349,1.0,-0.0,,-0.009302325581395349,,
Modularity,Tuner and meta-tuner blocks,0,2,2,213,217,2,2,0.12482668095705252,,-0.009302325581395349,1.0,-0.0,,-0.009302325581395349,,
Modularity,Adapter module,0,2,2,213,217,2,2,0.12482668095705252,,-0.009302325581395349,1.0,-0.0,,-0.009302325581395349,,
Modularity,Bottleneck module,0,2,2,213,217,2,2,0.12482668095705252,,-0.009302325581395349,1.0,-0.0,,-0.009302325581395349,,
Modularity,Separation of convolutional kernels,0,2,2,213,217,2,2,0.12482668095705252,,-0.009302325581395349,1.0,-0.0,,-0.009302325581395349,,
Modularity,Depthwise-separable convolution layers,0,2,2,213,217,2,2,0.12482668095705252,,-0.009302325581395349,1.0,-0.0,,-0.009302325581395349,,
Modularity,Convolution unfolding,0,1,2,214,217,2,1,0.08997290406174518,,-0.006562493591317981,1.0,-0.0,,-0.006562493591317981,,
Modularity,Activation function selection,0,4,2,211,217,2,4,0.17185068465818631,,-0.013217093485861298,1.0,-0.0,,-0.013217093485861298,,
Modularity,Layer fusion,0,1,2,214,217,2,1,0.08997290406174518,,-0.006562493591317981,1.0,-0.0,,-0.006562493591317981,,
Modularity,Fault-map-based neuron re-mapping,0,1,2,214,217,2,1,0.08997290406174518,,-0.006562493591317981,1.0,-0.0,,-0.006562493591317981,,
Modularity,Multiscale feature processing architectures,0,1,2,214,217,2,1,0.08997290406174518,,-0.006562493591317981,1.0,-0.0,,-0.006562493591317981,,
Modularity,Architecture design through math. optimization,0,5,2,210,217,2,5,0.19007895443513734,,-0.014811970539375384,1.0,-0.0,,-0.014811970539375384,,
Modularity,Neural architecture search,0,10,2,205,217,2,10,0.25780435421065095,,-0.02119876669162978,1.0,-0.0,,-0.02119876669162978,,
Modularity,Hardware and Software codesign,0,8,2,207,217,2,8,0.2340716616353513,,-0.01886981395546065,1.0,-0.0,,-0.01886981395546065,,
Modularity,Architecture design optimization with reinforcement learning,0,2,2,213,217,2,2,0.12482668095705252,,-0.009302325581395349,1.0,-0.0,,-0.009302325581395349,,
Modularity,Model format conversion,0,2,2,213,217,2,2,0.12482668095705252,,-0.009302325581395349,1.0,-0.0,,-0.009302325581395349,,
Modularity,Normalization,0,3,2,212,217,2,3,0.15066306992548228,,-0.011419563624939743,1.0,-0.0,,-0.011419563624939743,,
Modularity,Policy conversion,0,1,2,214,217,2,1,0.08997290406174518,,-0.006562493591317981,1.0,-0.0,,-0.006562493591317981,,
Modularity,Feature encoding,0,3,2,212,217,2,3,0.15066306992548228,,-0.011419563624939743,1.0,-0.0,,-0.011419563624939743,,
Modularity,On-chip weight caching,0,2,2,213,217,2,2,0.12482668095705252,,-0.009302325581395349,1.0,-0.0,,-0.009302325581395349,,
Modularity,Cache preloading,0,1,2,214,217,2,1,0.08997290406174518,,-0.006562493591317981,1.0,-0.0,,-0.006562493591317981,,
Modularity,Prediction/intermediate result caching,0,2,2,213,217,2,2,0.12482668095705252,,-0.009302325581395349,1.0,-0.0,,-0.009302325581395349,,
Modularity,Relevant content caching,0,1,2,214,217,2,1,0.08997290406174518,,-0.006562493591317981,1.0,-0.0,,-0.006562493591317981,,
Modularity,Light communication protocol usage,0,1,2,214,217,2,1,0.08997290406174518,,-0.006562493591317981,1.0,-0.0,,-0.006562493591317981,,
Modularity,Cloud compression and edge reconstruction,0,1,2,214,217,2,1,0.08997290406174518,,-0.006562493591317981,1.0,-0.0,,-0.006562493591317981,,
Modularity,Deadline-aware scheduling,0,2,2,213,217,2,2,0.12482668095705252,,-0.009302325581395349,1.0,-0.0,,-0.009302325581395349,,
Modularity,Memory scheduling,0,2,2,213,217,2,2,0.12482668095705252,,-0.009302325581395349,1.0,-0.0,,-0.009302325581395349,,
Modularity,Multitask Scheduling,0,3,2,212,217,2,3,0.15066306992548228,,-0.011419563624939743,1.0,-0.0,,-0.011419563624939743,,
Modularity,Single task assignment,0,1,2,214,217,2,1,0.08997290406174518,,-0.006562493591317981,1.0,-0.0,,-0.006562493591317981,,
Modularity,Adaptive batching,0,1,2,214,217,2,1,0.08997290406174518,,-0.006562493591317981,1.0,-0.0,,-0.006562493591317981,,
Modularity,Sensor duty cycle,0,2,2,213,217,2,2,0.12482668095705252,,-0.009302325581395349,1.0,-0.0,,-0.009302325581395349,,
Modularity,Later local processing of encoded features,0,1,2,214,217,2,1,0.08997290406174518,,-0.006562493591317981,1.0,-0.0,,-0.006562493591317981,,
Modularity,Concurrent processing hardware,0,7,2,208,217,2,7,0.22076594753891132,,-0.017609018126512475,1.0,-0.0,,-0.017609018126512475,,
Modularity,Straggler mitigation,0,1,2,214,217,2,1,0.08997290406174518,,-0.006562493591317981,1.0,-0.0,,-0.006562493591317981,,
Modularity,Prediction combination of multi-models,0,1,2,214,217,2,1,0.08997290406174518,,-0.006562493591317981,1.0,-0.0,,-0.006562493591317981,,
Modularity,Competing models ,0,1,2,214,217,2,1,0.08997290406174518,,-0.006562493591317981,1.0,-0.0,,-0.006562493591317981,,
Modularity,Multi-model of different models,0,6,2,209,217,2,6,0.206212993639731,,-0.016264104850251135,1.0,-0.0,,-0.016264104850251135,,
Modularity,Task-level parallelism on CNN layer-level,0,9,2,206,217,2,9,0.24636168355623522,,-0.020062514106460188,1.0,-0.0,,-0.020062514106460188,,
Modularity,Data-level parallelsim in CNN layer,0,1,2,214,217,2,1,0.08997290406174518,,-0.006562493591317981,1.0,-0.0,,-0.006562493591317981,,
Modularity,Event-based processing,0,1,2,214,217,2,1,0.08997290406174518,,-0.006562493591317981,1.0,-0.0,,-0.006562493591317981,,
Modularity,Partial layer execution,0,2,2,213,217,2,2,0.12482668095705252,,-0.009302325581395349,1.0,-0.0,,-0.009302325581395349,,
Modularity,Matrix-multiplication optimization,0,1,2,214,217,2,1,0.08997290406174518,,-0.006562493591317981,1.0,-0.0,,-0.006562493591317981,,
Modularity,Simultaneous memory loading,0,4,2,211,217,2,4,0.17185068465818631,,-0.013217093485861298,1.0,-0.0,,-0.013217093485861298,,
Modularity,External computational offloading,0,11,2,204,217,2,11,0.26852657159596116,,-0.022287353438180866,1.0,-0.0,,-0.022287353438180866,,
Modularity,Internal computation balancing,0,3,2,212,217,2,3,0.15066306992548228,,-0.011419563624939743,1.0,-0.0,,-0.011419563624939743,,
Modularity,Quantitative sensor selection,0,1,2,214,217,2,1,0.08997290406174518,,-0.006562493591317981,1.0,-0.0,,-0.006562493591317981,,
Modularity,Out-of-distribution detection,0,3,2,212,217,2,3,0.15066306992548228,,-0.011419563624939743,1.0,-0.0,,-0.011419563624939743,,
Modularity,Failure prevention or mitigation,0,3,2,212,217,2,3,0.15066306992548228,,-0.011419563624939743,1.0,-0.0,,-0.011419563624939743,,
Modularity,Independent model development,0,1,2,214,217,2,1,0.08997290406174518,,-0.006562493591317981,1.0,-0.0,,-0.006562493591317981,,
Modularity,Coupled semantic descriptions,0,1,2,214,217,2,1,0.08997290406174518,,-0.006562493591317981,1.0,-0.0,,-0.006562493591317981,,
Modularity,Test time adaption,0,2,2,213,217,2,2,0.12482668095705252,,-0.009302325581395349,1.0,-0.0,,-0.009302325581395349,,
Modularity,Merging of fault maps,0,1,2,214,217,2,1,0.08997290406174518,,-0.006562493591317981,1.0,-0.0,,-0.006562493591317981,,
Modularity,High-level synthesis,0,1,2,214,217,2,1,0.08997290406174518,,-0.006562493591317981,1.0,-0.0,,-0.006562493591317981,,
Modularity,Post-hoc uncertainty calibration ,0,1,2,214,217,2,1,0.08997290406174518,,-0.006562493591317981,1.0,-0.0,,-0.006562493591317981,,
Reusability,Pruning,0,23,1,193,217,1,23,0.2736491391955218,,-0.023428051901170213,1.0,-0.0,,-0.023428051901170213,,
Reusability,Quantization,0,40,1,176,217,1,40,0.3440278999511197,,-0.03234569498553233,1.0,-0.0,,-0.03234569498553233,,
Reusability,Post-training quantization,0,1,1,215,217,1,1,0.06449301496838222,,-0.004629629629629629,1.0,-0.0,,-0.004629629629629629,,
Reusability,Huffman coding,0,1,1,215,217,1,1,0.06449301496838222,,-0.004629629629629629,1.0,-0.0,,-0.004629629629629629,,
Reusability,Ablation,0,1,1,215,217,1,1,0.06449301496838222,,-0.004629629629629629,1.0,-0.0,,-0.004629629629629629,,
Reusability,Mixed-precision compression,0,5,1,211,217,1,5,0.13849222534596417,,-0.010449372136989982,1.0,-0.0,,-0.010449372136989982,,
Reusability,Integer-only operations,0,11,1,205,217,1,11,0.19837015644199685,,-0.015723016016341327,1.0,-0.0,,-0.015723016016341327,,
Reusability,Parameter amount reduction,0,2,1,214,217,1,2,0.08997290406174518,,-0.006562493591317981,1.0,-0.0,,-0.006562493591317981,,
Reusability,Binary and ternary weights training,0,1,1,215,217,1,1,0.06449301496838222,,-0.004629629629629629,1.0,-0.0,,-0.004629629629629629,,
Reusability,Quantization-aware training,0,3,1,213,217,1,3,0.10905274771158924,,-0.008056137408713865,1.0,-0.0,,-0.008056137408713865,,
Reusability,Binary weights and activations,0,6,1,210,217,1,6,0.15066306992548228,,-0.011473806513691905,1.0,-0.0,,-0.011473806513691905,,
Reusability,Ternary weights and activations 2-bit,0,5,1,211,217,1,5,0.13849222534596417,,-0.010449372136989982,1.0,-0.0,,-0.010449372136989982,,
Reusability,Tenary weights,0,4,1,212,217,1,4,0.12482668095705252,,-0.009324237314407657,1.0,-0.0,,-0.009324237314407657,,
Reusability,ADMM-based compression,0,4,1,212,217,1,4,0.12482668095705252,,-0.009324237314407657,1.0,-0.0,,-0.009324237314407657,,
Reusability,Sparsification,0,10,1,206,217,1,10,0.19007895443513734,,-0.014955052834949042,1.0,-0.0,,-0.014955052834949042,,
Reusability,Weight sharing,0,1,1,215,217,1,1,0.06449301496838222,,-0.004629629629629629,1.0,-0.0,,-0.004629629629629629,,
Reusability,Weight grouping,0,1,1,215,217,1,1,0.06449301496838222,,-0.004629629629629629,1.0,-0.0,,-0.004629629629629629,,
Reusability,Node masking,0,1,1,215,217,1,1,0.06449301496838222,,-0.004629629629629629,1.0,-0.0,,-0.004629629629629629,,
Reusability,Diagonal scalar weight matrix,0,1,1,215,217,1,1,0.06449301496838222,,-0.004629629629629629,1.0,-0.0,,-0.004629629629629629,,
Reusability,Matrix reusing,0,1,1,215,217,1,1,0.06449301496838222,,-0.004629629629629629,1.0,-0.0,,-0.004629629629629629,,
Reusability,Smaller computation datatype,0,7,1,209,217,1,7,0.16170349855334454,,-0.012422599874998832,1.0,-0.0,,-0.012422599874998832,,
Reusability,Tensor or matrix decomposition,0,6,1,210,217,1,6,0.15066306992548228,,-0.011473806513691905,1.0,-0.0,,-0.011473806513691905,,
Reusability,Continous learning,0,1,1,215,217,1,1,0.06449301496838222,,-0.004629629629629629,1.0,-0.0,,-0.004629629629629629,,
Reusability,Imitation learning,0,1,1,215,217,1,1,0.06449301496838222,,-0.004629629629629629,1.0,-0.0,,-0.004629629629629629,,
Reusability,Closed-loop learning,0,6,1,210,217,1,6,0.15066306992548228,,-0.011473806513691905,1.0,-0.0,,-0.011473806513691905,,
Reusability,Meta-learning,0,10,1,206,217,1,10,0.19007895443513734,,-0.014955052834949042,1.0,-0.0,,-0.014955052834949042,,
Reusability,Self-supervision learning,0,3,1,213,217,1,3,0.10905274771158924,,-0.008056137408713865,1.0,-0.0,,-0.008056137408713865,,
Reusability,Self-adjusted learning,0,1,1,215,217,1,1,0.06449301496838222,,-0.004629629629629629,1.0,-0.0,,-0.004629629629629629,,
Reusability,Destillation learning,0,11,1,205,217,1,11,0.19837015644199685,,-0.015723016016341327,1.0,-0.0,,-0.015723016016341327,,
Reusability,Transfer learning,0,5,1,211,217,1,5,0.13849222534596417,,-0.010449372136989982,1.0,-0.0,,-0.010449372136989982,,
Reusability,Federated learning,0,2,1,214,217,1,2,0.08997290406174518,,-0.006562493591317981,1.0,-0.0,,-0.006562493591317981,,
Reusability,End-to-end learning,0,4,1,212,217,1,4,0.12482668095705252,,-0.009324237314407657,1.0,-0.0,,-0.009324237314407657,,
Reusability,Few-shot learning,0,4,1,212,217,1,4,0.12482668095705252,,-0.009324237314407657,1.0,-0.0,,-0.009324237314407657,,
Reusability,Online training,0,1,1,215,217,1,1,0.06449301496838222,,-0.004629629629629629,1.0,-0.0,,-0.004629629629629629,,
Reusability,Test-time training,0,1,1,215,217,1,1,0.06449301496838222,,-0.004629629629629629,1.0,-0.0,,-0.004629629629629629,,
Reusability,Fault tolerant training,0,4,1,212,217,1,4,0.12482668095705252,,-0.009324237314407657,1.0,-0.0,,-0.009324237314407657,,
Reusability,Adversarial training,0,28,1,188,217,1,28,0.29725897566229753,,-0.026189140043946204,1.0,-0.0,,-0.026189140043946204,,
Reusability,Adversarial generation decoupling,0,1,1,215,217,1,1,0.06449301496838222,,-0.004629629629629629,1.0,-0.0,,-0.004629629629629629,,
Reusability,Incremental training with sensor data,0,2,1,214,217,1,2,0.08997290406174518,,-0.006562493591317981,1.0,-0.0,,-0.006562493591317981,,
Reusability,Inclusion of wrong labeled data in training,0,1,1,215,217,1,1,0.06449301496838222,,-0.004629629629629629,1.0,-0.0,,-0.004629629629629629,,
Reusability,Training with unlabed data,0,2,1,214,217,1,2,0.08997290406174518,,-0.006562493591317981,1.0,-0.0,,-0.006562493591317981,,
Reusability,Standard training on fully labeled datasets,0,3,1,213,217,1,3,0.10905274771158924,,-0.008056137408713865,1.0,-0.0,,-0.008056137408713865,,
Reusability,On-device local training,0,3,1,213,217,1,3,0.10905274771158924,,-0.008056137408713865,1.0,-0.0,,-0.008056137408713865,,
Reusability,Training with gradient noise,0,2,1,214,217,1,2,0.08997290406174518,,-0.006562493591317981,1.0,-0.0,,-0.006562493591317981,,
Reusability,Contrastive representation learning,0,1,1,215,217,1,1,0.06449301496838222,,-0.004629629629629629,1.0,-0.0,,-0.004629629629629629,,
Reusability,Training optimization algorithm selection or adaptation,0,11,1,205,217,1,11,0.19837015644199685,,-0.015723016016341327,1.0,-0.0,,-0.015723016016341327,,
Reusability,Training loss function selection or adaptation,0,5,1,211,217,1,5,0.13849222534596417,,-0.010449372136989982,1.0,-0.0,,-0.010449372136989982,,
Reusability,Label smooting,0,2,1,214,217,1,2,0.08997290406174518,,-0.006562493591317981,1.0,-0.0,,-0.006562493591317981,,
Reusability,Training loss early stopping,0,1,1,215,217,1,1,0.06449301496838222,,-0.004629629629629629,1.0,-0.0,,-0.004629629629629629,,
Reusability,Weight initialization random,0,1,1,215,217,1,1,0.06449301496838222,,-0.004629629629629629,1.0,-0.0,,-0.004629629629629629,,
Reusability,Pretraining,0,3,1,213,217,1,3,0.10905274771158924,,-0.008056137408713865,1.0,-0.0,,-0.008056137408713865,,
Reusability,Suppress redundant channel activations,0,1,1,215,217,1,1,0.06449301496838222,,-0.004629629629629629,1.0,-0.0,,-0.004629629629629629,,
Reusability,Regularization training,0,8,1,208,217,1,8,0.17185068465818631,,-0.013312051063847861,1.0,-0.0,,-0.013312051063847861,,
Reusability,Training with uncertainty measures,0,1,1,215,217,1,1,0.06449301496838222,,-0.004629629629629629,1.0,-0.0,,-0.004629629629629629,,
Reusability,Finetuning ,0,10,1,206,217,1,10,0.19007895443513734,,-0.014955052834949042,1.0,-0.0,,-0.014955052834949042,,
Reusability,Fault-aware retraining,0,1,1,215,217,1,1,0.06449301496838222,,-0.004629629629629629,1.0,-0.0,,-0.004629629629629629,,
Reusability,Retraining for fine tuning,0,4,1,212,217,1,4,0.12482668095705252,,-0.009324237314407657,1.0,-0.0,,-0.009324237314407657,,
Reusability,Quantization-aware retraining,0,3,1,213,217,1,3,0.10905274771158924,,-0.008056137408713865,1.0,-0.0,,-0.008056137408713865,,
Reusability,Automatic retraining and deployment triggering,0,1,1,215,217,1,1,0.06449301496838222,,-0.004629629629629629,1.0,-0.0,,-0.004629629629629629,,
Reusability,Training with adversarial noise,0,4,1,212,217,1,4,0.12482668095705252,,-0.009324237314407657,1.0,-0.0,,-0.009324237314407657,,
Reusability,Heuristics-driven augmentation,0,5,1,211,217,1,5,0.13849222534596417,,-0.010449372136989982,1.0,-0.0,,-0.010449372136989982,,
Reusability,Data-driven augmentations,0,1,1,215,217,1,1,0.06449301496838222,,-0.004629629629629629,1.0,-0.0,,-0.004629629629629629,,
Reusability,Modular system design,1,1,0,215,217,1,2,0.08997290406174518,,0.7054680610666829,0.009216589861751152,0.6784765793948494,,0.7054680610666829,,
Reusability,Sensor ring architecture,0,1,1,215,217,1,1,0.06449301496838222,,-0.004629629629629629,1.0,-0.0,,-0.004629629629629629,,
Reusability,Containerization,1,2,0,214,217,1,3,0.10905274771158924,,0.5746711351549223,0.013824884792626727,0.6197794930429558,,0.5746711351549223,,
Reusability,Specific model type selection,0,4,1,212,217,1,4,0.12482668095705252,,-0.009324237314407657,1.0,-0.0,,-0.009324237314407657,,
Reusability,TPU SoC or Accelerator Hardware ,0,5,1,211,217,1,5,0.13849222534596417,,-0.010449372136989982,1.0,-0.0,,-0.010449372136989982,,
Reusability,Edge compute hardware,0,4,1,212,217,1,4,0.12482668095705252,,-0.009324237314407657,1.0,-0.0,,-0.009324237314407657,,
Reusability,Library Encapsulation,0,1,1,215,217,1,1,0.06449301496838222,,-0.004629629629629629,1.0,-0.0,,-0.004629629629629629,,
Reusability,Deployment pipeline creation,1,2,0,214,217,1,3,0.10905274771158924,,0.5746711351549223,0.013824884792626727,0.6197794930429558,,0.5746711351549223,,
Reusability,Model pool for deployment,0,1,1,215,217,1,1,0.06449301496838222,,-0.004629629629629629,1.0,-0.0,,-0.004629629629629629,,
Reusability,Network combination,0,3,1,213,217,1,3,0.10905274771158924,,-0.008056137408713865,1.0,-0.0,,-0.008056137408713865,,
Reusability,Network partitioning,0,9,1,207,217,1,9,0.18126924692201818,,-0.014153462926807447,1.0,-0.0,,-0.014153462926807447,,
Reusability,Weight averaging,0,1,1,215,217,1,1,0.06449301496838222,,-0.004629629629629629,1.0,-0.0,,-0.004629629629629629,,
Reusability,Input resolution adjustment,0,3,1,213,217,1,3,0.10905274771158924,,-0.008056137408713865,1.0,-0.0,,-0.008056137408713865,,
Reusability,Sensor or input data fusion,0,5,1,211,217,1,5,0.13849222534596417,,-0.010449372136989982,1.0,-0.0,,-0.010449372136989982,,
Reusability,Sliding Window,0,1,1,215,217,1,1,0.06449301496838222,,-0.004629629629629629,1.0,-0.0,,-0.004629629629629629,,
Reusability,Frame rate reduction,0,2,1,214,217,1,2,0.08997290406174518,,-0.006562493591317981,1.0,-0.0,,-0.006562493591317981,,
Reusability,Input spatial partitioning,0,1,1,215,217,1,1,0.06449301496838222,,-0.004629629629629629,1.0,-0.0,,-0.004629629629629629,,
Reusability,Input contrast improvement,0,1,1,215,217,1,1,0.06449301496838222,,-0.004629629629629629,1.0,-0.0,,-0.004629629629629629,,
Reusability,Input modification,0,2,1,214,217,1,2,0.08997290406174518,,-0.006562493591317981,1.0,-0.0,,-0.006562493591317981,,
Reusability,Sequential input fusion,0,1,1,215,217,1,1,0.06449301496838222,,-0.004629629629629629,1.0,-0.0,,-0.004629629629629629,,
Reusability,Signal overwriting,0,1,1,215,217,1,1,0.06449301496838222,,-0.004629629629629629,1.0,-0.0,,-0.004629629629629629,,
Reusability,Denoising,0,2,1,214,217,1,2,0.08997290406174518,,-0.006562493591317981,1.0,-0.0,,-0.006562493591317981,,
Reusability,Robust feature extraction,0,2,1,214,217,1,2,0.08997290406174518,,-0.006562493591317981,1.0,-0.0,,-0.006562493591317981,,
Reusability,Post-processing,0,1,1,215,217,1,1,0.06449301496838222,,-0.004629629629629629,1.0,-0.0,,-0.004629629629629629,,
Reusability,Decision smoothing,0,1,1,215,217,1,1,0.06449301496838222,,-0.004629629629629629,1.0,-0.0,,-0.004629629629629629,,
Reusability,Width adjustment,0,15,1,201,217,1,15,0.22755841388363107,,-0.0185414233120827,1.0,-0.0,,-0.0185414233120827,,
Reusability,Depth adjustment,0,12,1,204,217,1,12,0.206212993639731,,-0.016462159944159827,1.0,-0.0,,-0.016462159944159827,,
Reusability,Last stage reduction,0,1,1,215,217,1,1,0.06449301496838222,,-0.004629629629629629,1.0,-0.0,,-0.004629629629629629,,
Reusability,New or specific layer module,0,5,1,211,217,1,5,0.13849222534596417,,-0.010449372136989982,1.0,-0.0,,-0.010449372136989982,,
Reusability,Model fusion,0,1,1,215,217,1,1,0.06449301496838222,,-0.004629629629629629,1.0,-0.0,,-0.004629629629629629,,
Reusability,Kernel regularization,0,1,1,215,217,1,1,0.06449301496838222,,-0.004629629629629629,1.0,-0.0,,-0.004629629629629629,,
Reusability,Regularization,0,7,1,209,217,1,7,0.16170349855334454,,-0.012422599874998832,1.0,-0.0,,-0.012422599874998832,,
Reusability,Early-exit inference,0,4,1,212,217,1,4,0.12482668095705252,,-0.009324237314407657,1.0,-0.0,,-0.009324237314407657,,
Reusability,Additional side branches with uncertainty measures,0,2,1,214,217,1,2,0.08997290406174518,,-0.006562493591317981,1.0,-0.0,,-0.006562493591317981,,
Reusability,Tuner and meta-tuner blocks,0,2,1,214,217,1,2,0.08997290406174518,,-0.006562493591317981,1.0,-0.0,,-0.006562493591317981,,
Reusability,Adapter module,0,2,1,214,217,1,2,0.08997290406174518,,-0.006562493591317981,1.0,-0.0,,-0.006562493591317981,,
Reusability,Bottleneck module,0,2,1,214,217,1,2,0.08997290406174518,,-0.006562493591317981,1.0,-0.0,,-0.006562493591317981,,
Reusability,Separation of convolutional kernels,0,2,1,214,217,1,2,0.08997290406174518,,-0.006562493591317981,1.0,-0.0,,-0.006562493591317981,,
Reusability,Depthwise-separable convolution layers,0,2,1,214,217,1,2,0.08997290406174518,,-0.006562493591317981,1.0,-0.0,,-0.006562493591317981,,
Reusability,Convolution unfolding,0,1,1,215,217,1,1,0.06449301496838222,,-0.004629629629629629,1.0,-0.0,,-0.004629629629629629,,
Reusability,Activation function selection,0,4,1,212,217,1,4,0.12482668095705252,,-0.009324237314407657,1.0,-0.0,,-0.009324237314407657,,
Reusability,Layer fusion,0,1,1,215,217,1,1,0.06449301496838222,,-0.004629629629629629,1.0,-0.0,,-0.004629629629629629,,
Reusability,Fault-map-based neuron re-mapping,0,1,1,215,217,1,1,0.06449301496838222,,-0.004629629629629629,1.0,-0.0,,-0.004629629629629629,,
Reusability,Multiscale feature processing architectures,0,1,1,215,217,1,1,0.06449301496838222,,-0.004629629629629629,1.0,-0.0,,-0.004629629629629629,,
Reusability,Architecture design through math. optimization,0,5,1,211,217,1,5,0.13849222534596417,,-0.010449372136989982,1.0,-0.0,,-0.010449372136989982,,
Reusability,Neural architecture search,0,10,1,206,217,1,10,0.19007895443513734,,-0.014955052834949042,1.0,-0.0,,-0.014955052834949042,,
Reusability,Hardware and Software codesign,0,8,1,208,217,1,8,0.17185068465818631,,-0.013312051063847861,1.0,-0.0,,-0.013312051063847861,,
Reusability,Architecture design optimization with reinforcement learning,0,2,1,214,217,1,2,0.08997290406174518,,-0.006562493591317981,1.0,-0.0,,-0.006562493591317981,,
Reusability,Model format conversion,0,2,1,214,217,1,2,0.08997290406174518,,-0.006562493591317981,1.0,-0.0,,-0.006562493591317981,,
Reusability,Normalization,0,3,1,213,217,1,3,0.10905274771158924,,-0.008056137408713865,1.0,-0.0,,-0.008056137408713865,,
Reusability,Policy conversion,0,1,1,215,217,1,1,0.06449301496838222,,-0.004629629629629629,1.0,-0.0,,-0.004629629629629629,,
Reusability,Feature encoding,0,3,1,213,217,1,3,0.10905274771158924,,-0.008056137408713865,1.0,-0.0,,-0.008056137408713865,,
Reusability,On-chip weight caching,0,2,1,214,217,1,2,0.08997290406174518,,-0.006562493591317981,1.0,-0.0,,-0.006562493591317981,,
Reusability,Cache preloading,0,1,1,215,217,1,1,0.06449301496838222,,-0.004629629629629629,1.0,-0.0,,-0.004629629629629629,,
Reusability,Prediction/intermediate result caching,0,2,1,214,217,1,2,0.08997290406174518,,-0.006562493591317981,1.0,-0.0,,-0.006562493591317981,,
Reusability,Relevant content caching,0,1,1,215,217,1,1,0.06449301496838222,,-0.004629629629629629,1.0,-0.0,,-0.004629629629629629,,
Reusability,Light communication protocol usage,0,1,1,215,217,1,1,0.06449301496838222,,-0.004629629629629629,1.0,-0.0,,-0.004629629629629629,,
Reusability,Cloud compression and edge reconstruction,0,1,1,215,217,1,1,0.06449301496838222,,-0.004629629629629629,1.0,-0.0,,-0.004629629629629629,,
Reusability,Deadline-aware scheduling,0,2,1,214,217,1,2,0.08997290406174518,,-0.006562493591317981,1.0,-0.0,,-0.006562493591317981,,
Reusability,Memory scheduling,0,2,1,214,217,1,2,0.08997290406174518,,-0.006562493591317981,1.0,-0.0,,-0.006562493591317981,,
Reusability,Multitask Scheduling,0,3,1,213,217,1,3,0.10905274771158924,,-0.008056137408713865,1.0,-0.0,,-0.008056137408713865,,
Reusability,Single task assignment,0,1,1,215,217,1,1,0.06449301496838222,,-0.004629629629629629,1.0,-0.0,,-0.004629629629629629,,
Reusability,Adaptive model scheduling,1,0,0,216,217,1,1,0.06449301496838222,,1.0,0.004608294930875576,0.7788199112828432,,1.0,,
Reusability,Adaptive batching,0,1,1,215,217,1,1,0.06449301496838222,,-0.004629629629629629,1.0,-0.0,,-0.004629629629629629,,
Reusability,Sensor duty cycle,0,2,1,214,217,1,2,0.08997290406174518,,-0.006562493591317981,1.0,-0.0,,-0.006562493591317981,,
Reusability,Later local processing of encoded features,0,1,1,215,217,1,1,0.06449301496838222,,-0.004629629629629629,1.0,-0.0,,-0.004629629629629629,,
Reusability,Concurrent processing hardware,0,7,1,209,217,1,7,0.16170349855334454,,-0.012422599874998832,1.0,-0.0,,-0.012422599874998832,,
Reusability,Straggler mitigation,0,1,1,215,217,1,1,0.06449301496838222,,-0.004629629629629629,1.0,-0.0,,-0.004629629629629629,,
Reusability,Prediction combination of multi-models,0,1,1,215,217,1,1,0.06449301496838222,,-0.004629629629629629,1.0,-0.0,,-0.004629629629629629,,
Reusability,Competing models ,0,1,1,215,217,1,1,0.06449301496838222,,-0.004629629629629629,1.0,-0.0,,-0.004629629629629629,,
Reusability,Multi-model of different models,0,6,1,210,217,1,6,0.15066306992548228,,-0.011473806513691905,1.0,-0.0,,-0.011473806513691905,,
Reusability,Task-level parallelism on CNN layer-level,0,9,1,207,217,1,9,0.18126924692201818,,-0.014153462926807447,1.0,-0.0,,-0.014153462926807447,,
Reusability,Data-level parallelsim in CNN layer,0,1,1,215,217,1,1,0.06449301496838222,,-0.004629629629629629,1.0,-0.0,,-0.004629629629629629,,
Reusability,Event-based processing,0,1,1,215,217,1,1,0.06449301496838222,,-0.004629629629629629,1.0,-0.0,,-0.004629629629629629,,
Reusability,Partial layer execution,0,2,1,214,217,1,2,0.08997290406174518,,-0.006562493591317981,1.0,-0.0,,-0.006562493591317981,,
Reusability,Matrix-multiplication optimization,0,1,1,215,217,1,1,0.06449301496838222,,-0.004629629629629629,1.0,-0.0,,-0.004629629629629629,,
Reusability,Simultaneous memory loading,0,4,1,212,217,1,4,0.12482668095705252,,-0.009324237314407657,1.0,-0.0,,-0.009324237314407657,,
Reusability,External computational offloading,0,11,1,205,217,1,11,0.19837015644199685,,-0.015723016016341327,1.0,-0.0,,-0.015723016016341327,,
Reusability,Internal computation balancing,0,3,1,213,217,1,3,0.10905274771158924,,-0.008056137408713865,1.0,-0.0,,-0.008056137408713865,,
Reusability,Quantitative sensor selection,0,1,1,215,217,1,1,0.06449301496838222,,-0.004629629629629629,1.0,-0.0,,-0.004629629629629629,,
Reusability,Out-of-distribution detection,0,3,1,213,217,1,3,0.10905274771158924,,-0.008056137408713865,1.0,-0.0,,-0.008056137408713865,,
Reusability,Failure prevention or mitigation,0,3,1,213,217,1,3,0.10905274771158924,,-0.008056137408713865,1.0,-0.0,,-0.008056137408713865,,
Reusability,Independent model development,0,1,1,215,217,1,1,0.06449301496838222,,-0.004629629629629629,1.0,-0.0,,-0.004629629629629629,,
Reusability,Coupled semantic descriptions,0,1,1,215,217,1,1,0.06449301496838222,,-0.004629629629629629,1.0,-0.0,,-0.004629629629629629,,
Reusability,Test time adaption,0,2,1,214,217,1,2,0.08997290406174518,,-0.006562493591317981,1.0,-0.0,,-0.006562493591317981,,
Reusability,Merging of fault maps,0,1,1,215,217,1,1,0.06449301496838222,,-0.004629629629629629,1.0,-0.0,,-0.004629629629629629,,
Reusability,High-level synthesis,0,1,1,215,217,1,1,0.06449301496838222,,-0.004629629629629629,1.0,-0.0,,-0.004629629629629629,,
Reusability,Post-hoc uncertainty calibration ,0,1,1,215,217,1,1,0.06449301496838222,,-0.004629629629629629,1.0,-0.0,,-0.004629629629629629,,
Modifiability ,Pruning,0,23,3,191,217,3,23,0.42522402580291163,,-0.040767754752210374,1.0,-0.0,,-0.040767754752210374,,
Modifiability ,Quantization,0,40,3,174,217,3,40,0.5182339919776623,,-0.05628557449089982,1.0,-0.0,,-0.05628557449089982,,
Modifiability ,Post-training quantization,0,1,3,213,217,3,1,0.10905274771158924,,-0.008056137408713865,1.0,-0.0,,-0.008056137408713865,,
Modifiability ,Huffman coding,0,1,3,213,217,3,1,0.10905274771158924,,-0.008056137408713865,1.0,-0.0,,-0.008056137408713865,,
Modifiability ,Ablation,0,1,3,213,217,3,1,0.10905274771158924,,-0.008056137408713865,1.0,-0.0,,-0.008056137408713865,,
Modifiability ,Mixed-precision compression,0,5,3,209,217,3,5,0.22755841388363107,,-0.0181832207984015,1.0,-0.0,,-0.0181832207984015,,
Modifiability ,Integer-only operations,0,11,3,203,217,3,11,0.31816722087539906,,-0.02736002394152379,1.0,-0.0,,-0.02736002394152379,,
Modifiability ,Parameter amount reduction,0,2,3,212,217,3,2,0.15066306992548228,,-0.011419563624939743,1.0,-0.0,,-0.011419563624939743,,
Modifiability ,Binary and ternary weights training,0,1,3,213,217,3,1,0.10905274771158924,,-0.008056137408713865,1.0,-0.0,,-0.008056137408713865,,
Modifiability ,Quantization-aware training,0,3,3,211,217,3,3,0.18126924692201818,,-0.014018691588785047,1.0,-0.0,,-0.014018691588785047,,
Modifiability ,Binary weights and activations,0,6,3,208,217,3,6,0.24636168355623522,,-0.019965865365064398,1.0,-0.0,,-0.019965865365064398,,
Modifiability ,Ternary weights and activations 2-bit,0,5,3,209,217,3,5,0.22755841388363107,,-0.0181832207984015,1.0,-0.0,,-0.0181832207984015,,
Modifiability ,Tenary weights,0,4,3,210,217,3,4,0.206212993639731,,-0.016225344799846247,1.0,-0.0,,-0.016225344799846247,,
Modifiability ,ADMM-based compression,0,4,3,210,217,3,4,0.206212993639731,,-0.016225344799846247,1.0,-0.0,,-0.016225344799846247,,
Modifiability ,Sparsification,0,10,3,204,217,3,10,0.30590634059779964,,-0.026023671488071862,1.0,-0.0,,-0.026023671488071862,,
Modifiability ,Weight sharing,0,1,3,213,217,3,1,0.10905274771158924,,-0.008056137408713865,1.0,-0.0,,-0.008056137408713865,,
Modifiability ,Weight grouping,0,1,3,213,217,3,1,0.10905274771158924,,-0.008056137408713865,1.0,-0.0,,-0.008056137408713865,,
Modifiability ,Node masking,0,1,3,213,217,3,1,0.10905274771158924,,-0.008056137408713865,1.0,-0.0,,-0.008056137408713865,,
Modifiability ,Diagonal scalar weight matrix,0,1,3,213,217,3,1,0.10905274771158924,,-0.008056137408713865,1.0,-0.0,,-0.008056137408713865,,
Modifiability ,Matrix reusing,0,1,3,213,217,3,1,0.10905274771158924,,-0.008056137408713865,1.0,-0.0,,-0.008056137408713865,,
Modifiability ,Smaller computation datatype,0,7,3,207,217,3,7,0.263248813069786,,-0.021616885058355847,1.0,-0.0,,-0.021616885058355847,,
Modifiability ,Tensor or matrix decomposition,0,6,3,208,217,3,6,0.24636168355623522,,-0.019965865365064398,1.0,-0.0,,-0.019965865365064398,,
Modifiability ,Continous learning,0,1,3,213,217,3,1,0.10905274771158924,,-0.008056137408713865,1.0,-0.0,,-0.008056137408713865,,
Modifiability ,Imitation learning,0,1,3,213,217,3,1,0.10905274771158924,,-0.008056137408713865,1.0,-0.0,,-0.008056137408713865,,
Modifiability ,Closed-loop learning,0,6,3,208,217,3,6,0.24636168355623522,,-0.019965865365064398,1.0,-0.0,,-0.019965865365064398,,
Modifiability ,Meta-learning,0,10,3,204,217,3,10,0.30590634059779964,,-0.026023671488071862,1.0,-0.0,,-0.026023671488071862,,
Modifiability ,Self-supervision learning,0,3,3,211,217,3,3,0.18126924692201818,,-0.014018691588785047,1.0,-0.0,,-0.014018691588785047,,
Modifiability ,Self-adjusted learning,0,1,3,213,217,3,1,0.10905274771158924,,-0.008056137408713865,1.0,-0.0,,-0.008056137408713865,,
Modifiability ,Destillation learning,0,11,3,203,217,3,11,0.31816722087539906,,-0.02736002394152379,1.0,-0.0,,-0.02736002394152379,,
Modifiability ,Transfer learning,0,5,3,209,217,3,5,0.22755841388363107,,-0.0181832207984015,1.0,-0.0,,-0.0181832207984015,,
Modifiability ,Federated learning,0,2,3,212,217,3,2,0.15066306992548228,,-0.011419563624939743,1.0,-0.0,,-0.011419563624939743,,
Modifiability ,End-to-end learning,0,4,3,210,217,3,4,0.206212993639731,,-0.016225344799846247,1.0,-0.0,,-0.016225344799846247,,
Modifiability ,Few-shot learning,0,4,3,210,217,3,4,0.206212993639731,,-0.016225344799846247,1.0,-0.0,,-0.016225344799846247,,
Modifiability ,Online training,0,1,3,213,217,3,1,0.10905274771158924,,-0.008056137408713865,1.0,-0.0,,-0.008056137408713865,,
Modifiability ,Test-time training,0,1,3,213,217,3,1,0.10905274771158924,,-0.008056137408713865,1.0,-0.0,,-0.008056137408713865,,
Modifiability ,Fault tolerant training,0,4,3,210,217,3,4,0.206212993639731,,-0.016225344799846247,1.0,-0.0,,-0.016225344799846247,,
Modifiability ,Adversarial training,0,28,3,186,217,3,28,0.4571976885569208,,-0.04557239513497755,1.0,-0.0,,-0.04557239513497755,,
Modifiability ,Adversarial generation decoupling,0,1,3,213,217,3,1,0.10905274771158924,,-0.008056137408713865,1.0,-0.0,,-0.008056137408713865,,
Modifiability ,Incremental training with sensor data,0,2,3,212,217,3,2,0.15066306992548228,,-0.011419563624939743,1.0,-0.0,,-0.011419563624939743,,
Modifiability ,Inclusion of wrong labeled data in training,0,1,3,213,217,3,1,0.10905274771158924,,-0.008056137408713865,1.0,-0.0,,-0.008056137408713865,,
Modifiability ,Training with unlabed data,0,2,3,212,217,3,2,0.15066306992548228,,-0.011419563624939743,1.0,-0.0,,-0.011419563624939743,,
Modifiability ,Standard training on fully labeled datasets,0,3,3,211,217,3,3,0.18126924692201818,,-0.014018691588785047,1.0,-0.0,,-0.014018691588785047,,
Modifiability ,On-device local training,0,3,3,211,217,3,3,0.18126924692201818,,-0.014018691588785047,1.0,-0.0,,-0.014018691588785047,,
Modifiability ,Training with gradient noise,0,2,3,212,217,3,2,0.15066306992548228,,-0.011419563624939743,1.0,-0.0,,-0.011419563624939743,,
Modifiability ,Contrastive representation learning,0,1,3,213,217,3,1,0.10905274771158924,,-0.008056137408713865,1.0,-0.0,,-0.008056137408713865,,
Modifiability ,Training optimization algorithm selection or adaptation,0,11,3,203,217,3,11,0.31816722087539906,,-0.02736002394152379,1.0,-0.0,,-0.02736002394152379,,
Modifiability ,Training loss function selection or adaptation,0,5,3,209,217,3,5,0.22755841388363107,,-0.0181832207984015,1.0,-0.0,,-0.0181832207984015,,
Modifiability ,Label smooting,0,2,3,212,217,3,2,0.15066306992548228,,-0.011419563624939743,1.0,-0.0,,-0.011419563624939743,,
Modifiability ,Training loss early stopping,0,1,3,213,217,3,1,0.10905274771158924,,-0.008056137408713865,1.0,-0.0,,-0.008056137408713865,,
Modifiability ,Weight initialization random,0,1,3,213,217,3,1,0.10905274771158924,,-0.008056137408713865,1.0,-0.0,,-0.008056137408713865,,
Modifiability ,Pretraining,0,3,3,211,217,3,3,0.18126924692201818,,-0.014018691588785047,1.0,-0.0,,-0.014018691588785047,,
Modifiability ,Suppress redundant channel activations,0,1,3,213,217,3,1,0.10905274771158924,,-0.008056137408713865,1.0,-0.0,,-0.008056137408713865,,
Modifiability ,Regularization training,0,8,3,206,217,3,8,0.27862677921159384,,-0.02316464191342957,1.0,-0.0,,-0.02316464191342957,,
Modifiability ,Training with uncertainty measures,0,1,3,213,217,3,1,0.10905274771158924,,-0.008056137408713865,1.0,-0.0,,-0.008056137408713865,,
Modifiability ,Finetuning ,0,10,3,204,217,3,10,0.30590634059779964,,-0.026023671488071862,1.0,-0.0,,-0.026023671488071862,,
Modifiability ,Fault-aware retraining,0,1,3,213,217,3,1,0.10905274771158924,,-0.008056137408713865,1.0,-0.0,,-0.008056137408713865,,
Modifiability ,Retraining for fine tuning,0,4,3,210,217,3,4,0.206212993639731,,-0.016225344799846247,1.0,-0.0,,-0.016225344799846247,,
Modifiability ,Quantization-aware retraining,0,3,3,211,217,3,3,0.18126924692201818,,-0.014018691588785047,1.0,-0.0,,-0.014018691588785047,,
Modifiability ,Automatic retraining and deployment triggering,0,1,3,213,217,3,1,0.10905274771158924,,-0.008056137408713865,1.0,-0.0,,-0.008056137408713865,,
Modifiability ,Training with adversarial noise,0,4,3,210,217,3,4,0.206212993639731,,-0.016225344799846247,1.0,-0.0,,-0.016225344799846247,,
Modifiability ,Heuristics-driven augmentation,0,5,3,209,217,3,5,0.22755841388363107,,-0.0181832207984015,1.0,-0.0,,-0.0181832207984015,,
Modifiability ,Data-driven augmentations,0,1,3,213,217,3,1,0.10905274771158924,,-0.008056137408713865,1.0,-0.0,,-0.008056137408713865,,
Modifiability ,Sensor ring architecture,0,1,3,213,217,3,1,0.10905274771158924,,-0.008056137408713865,1.0,-0.0,,-0.008056137408713865,,
Modifiability ,Specific model type selection,0,4,3,210,217,3,4,0.206212993639731,,-0.016225344799846247,1.0,-0.0,,-0.016225344799846247,,
Modifiability ,TPU SoC or Accelerator Hardware ,0,5,3,209,217,3,5,0.22755841388363107,,-0.0181832207984015,1.0,-0.0,,-0.0181832207984015,,
Modifiability ,Edge compute hardware,0,4,3,210,217,3,4,0.206212993639731,,-0.016225344799846247,1.0,-0.0,,-0.016225344799846247,,
Modifiability ,Model pool for deployment,0,1,3,213,217,3,1,0.10905274771158924,,-0.008056137408713865,1.0,-0.0,,-0.008056137408713865,,
Modifiability ,Network combination,0,3,3,211,217,3,3,0.18126924692201818,,-0.014018691588785047,1.0,-0.0,,-0.014018691588785047,,
Modifiability ,Weight averaging,0,1,3,213,217,3,1,0.10905274771158924,,-0.008056137408713865,1.0,-0.0,,-0.008056137408713865,,
Modifiability ,Input resolution adjustment,0,3,3,211,217,3,3,0.18126924692201818,,-0.014018691588785047,1.0,-0.0,,-0.014018691588785047,,
Modifiability ,Sensor or input data fusion,0,5,3,209,217,3,5,0.22755841388363107,,-0.0181832207984015,1.0,-0.0,,-0.0181832207984015,,
Modifiability ,Sliding Window,0,1,3,213,217,3,1,0.10905274771158924,,-0.008056137408713865,1.0,-0.0,,-0.008056137408713865,,
Modifiability ,Frame rate reduction,0,2,3,212,217,3,2,0.15066306992548228,,-0.011419563624939743,1.0,-0.0,,-0.011419563624939743,,
Modifiability ,Input contrast improvement,0,1,3,213,217,3,1,0.10905274771158924,,-0.008056137408713865,1.0,-0.0,,-0.008056137408713865,,
Modifiability ,Input modification,0,2,3,212,217,3,2,0.15066306992548228,,-0.011419563624939743,1.0,-0.0,,-0.011419563624939743,,
Modifiability ,Sequential input fusion,0,1,3,213,217,3,1,0.10905274771158924,,-0.008056137408713865,1.0,-0.0,,-0.008056137408713865,,
Modifiability ,Signal overwriting,0,1,3,213,217,3,1,0.10905274771158924,,-0.008056137408713865,1.0,-0.0,,-0.008056137408713865,,
Modifiability ,Denoising,0,2,3,212,217,3,2,0.15066306992548228,,-0.011419563624939743,1.0,-0.0,,-0.011419563624939743,,
Modifiability ,Robust feature extraction,0,2,3,212,217,3,2,0.15066306992548228,,-0.011419563624939743,1.0,-0.0,,-0.011419563624939743,,
Modifiability ,Post-processing,0,1,3,213,217,3,1,0.10905274771158924,,-0.008056137408713865,1.0,-0.0,,-0.008056137408713865,,
Modifiability ,Decision smoothing,0,1,3,213,217,3,1,0.10905274771158924,,-0.008056137408713865,1.0,-0.0,,-0.008056137408713865,,
Modifiability ,Width adjustment,0,15,3,199,217,3,15,0.3605926808381029,,-0.03226440685433805,1.0,-0.0,,-0.03226440685433805,,
Modifiability ,Depth adjustment,0,12,3,202,217,3,12,0.3296799539643607,,-0.02864622727174541,1.0,-0.0,,-0.02864622727174541,,
Modifiability ,Last stage reduction,0,1,3,213,217,3,1,0.10905274771158924,,-0.008056137408713865,1.0,-0.0,,-0.008056137408713865,,
Modifiability ,New or specific layer module,0,5,3,209,217,3,5,0.22755841388363107,,-0.0181832207984015,1.0,-0.0,,-0.0181832207984015,,
Modifiability ,Model fusion,0,1,3,213,217,3,1,0.10905274771158924,,-0.008056137408713865,1.0,-0.0,,-0.008056137408713865,,
Modifiability ,Kernel regularization,0,1,3,213,217,3,1,0.10905274771158924,,-0.008056137408713865,1.0,-0.0,,-0.008056137408713865,,
Modifiability ,Regularization,0,7,3,207,217,3,7,0.263248813069786,,-0.021616885058355847,1.0,-0.0,,-0.021616885058355847,,
Modifiability ,Early-exit inference,0,4,3,210,217,3,4,0.206212993639731,,-0.016225344799846247,1.0,-0.0,,-0.016225344799846247,,
Modifiability ,Additional side branches with uncertainty measures,0,2,3,212,217,3,2,0.15066306992548228,,-0.011419563624939743,1.0,-0.0,,-0.011419563624939743,,
Modifiability ,Tuner and meta-tuner blocks,0,2,3,212,217,3,2,0.15066306992548228,,-0.011419563624939743,1.0,-0.0,,-0.011419563624939743,,
Modifiability ,Adapter module,0,2,3,212,217,3,2,0.15066306992548228,,-0.011419563624939743,1.0,-0.0,,-0.011419563624939743,,
Modifiability ,Bottleneck module,0,2,3,212,217,3,2,0.15066306992548228,,-0.011419563624939743,1.0,-0.0,,-0.011419563624939743,,
Modifiability ,Separation of convolutional kernels,0,2,3,212,217,3,2,0.15066306992548228,,-0.011419563624939743,1.0,-0.0,,-0.011419563624939743,,
Modifiability ,Depthwise-separable convolution layers,0,2,3,212,217,3,2,0.15066306992548228,,-0.011419563624939743,1.0,-0.0,,-0.011419563624939743,,
Modifiability ,Convolution unfolding,0,1,3,213,217,3,1,0.10905274771158924,,-0.008056137408713865,1.0,-0.0,,-0.008056137408713865,,
Modifiability ,Activation function selection,0,4,3,210,217,3,4,0.206212993639731,,-0.016225344799846247,1.0,-0.0,,-0.016225344799846247,,
Modifiability ,Fault-map-based neuron re-mapping,0,1,3,213,217,3,1,0.10905274771158924,,-0.008056137408713865,1.0,-0.0,,-0.008056137408713865,,
Modifiability ,Multiscale feature processing architectures,0,1,3,213,217,3,1,0.10905274771158924,,-0.008056137408713865,1.0,-0.0,,-0.008056137408713865,,
Modifiability ,Architecture design through math. optimization,0,5,3,209,217,3,5,0.22755841388363107,,-0.0181832207984015,1.0,-0.0,,-0.0181832207984015,,
Modifiability ,Neural architecture search,0,10,3,204,217,3,10,0.30590634059779964,,-0.026023671488071862,1.0,-0.0,,-0.026023671488071862,,
Modifiability ,Hardware and Software codesign,0,8,3,206,217,3,8,0.27862677921159384,,-0.02316464191342957,1.0,-0.0,,-0.02316464191342957,,
Modifiability ,Architecture design optimization with reinforcement learning,0,2,3,212,217,3,2,0.15066306992548228,,-0.011419563624939743,1.0,-0.0,,-0.011419563624939743,,
Modifiability ,Model format conversion,0,2,3,212,217,3,2,0.15066306992548228,,-0.011419563624939743,1.0,-0.0,,-0.011419563624939743,,
Modifiability ,Normalization,0,3,3,211,217,3,3,0.18126924692201818,,-0.014018691588785047,1.0,-0.0,,-0.014018691588785047,,
Modifiability ,Policy conversion,0,1,3,213,217,3,1,0.10905274771158924,,-0.008056137408713865,1.0,-0.0,,-0.008056137408713865,,
Modifiability ,Feature encoding,0,3,3,211,217,3,3,0.18126924692201818,,-0.014018691588785047,1.0,-0.0,,-0.014018691588785047,,
Modifiability ,On-chip weight caching,0,2,3,212,217,3,2,0.15066306992548228,,-0.011419563624939743,1.0,-0.0,,-0.011419563624939743,,
Modifiability ,Cache preloading,0,1,3,213,217,3,1,0.10905274771158924,,-0.008056137408713865,1.0,-0.0,,-0.008056137408713865,,
Modifiability ,Prediction/intermediate result caching,0,2,3,212,217,3,2,0.15066306992548228,,-0.011419563624939743,1.0,-0.0,,-0.011419563624939743,,
Modifiability ,Relevant content caching,0,1,3,213,217,3,1,0.10905274771158924,,-0.008056137408713865,1.0,-0.0,,-0.008056137408713865,,
Modifiability ,Light communication protocol usage,0,1,3,213,217,3,1,0.10905274771158924,,-0.008056137408713865,1.0,-0.0,,-0.008056137408713865,,
Modifiability ,Cloud compression and edge reconstruction,0,1,3,213,217,3,1,0.10905274771158924,,-0.008056137408713865,1.0,-0.0,,-0.008056137408713865,,
Modifiability ,Deadline-aware scheduling,0,2,3,212,217,3,2,0.15066306992548228,,-0.011419563624939743,1.0,-0.0,,-0.011419563624939743,,
Modifiability ,Memory scheduling,0,2,3,212,217,3,2,0.15066306992548228,,-0.011419563624939743,1.0,-0.0,,-0.011419563624939743,,
Modifiability ,Multitask Scheduling,0,3,3,211,217,3,3,0.18126924692201818,,-0.014018691588785047,1.0,-0.0,,-0.014018691588785047,,
Modifiability ,Single task assignment,0,1,3,213,217,3,1,0.10905274771158924,,-0.008056137408713865,1.0,-0.0,,-0.008056137408713865,,
Modifiability ,Adaptive batching,0,1,3,213,217,3,1,0.10905274771158924,,-0.008056137408713865,1.0,-0.0,,-0.008056137408713865,,
Modifiability ,Sensor duty cycle,0,2,3,212,217,3,2,0.15066306992548228,,-0.011419563624939743,1.0,-0.0,,-0.011419563624939743,,
Modifiability ,Later local processing of encoded features,0,1,3,213,217,3,1,0.10905274771158924,,-0.008056137408713865,1.0,-0.0,,-0.008056137408713865,,
Modifiability ,Straggler mitigation,0,1,3,213,217,3,1,0.10905274771158924,,-0.008056137408713865,1.0,-0.0,,-0.008056137408713865,,
Modifiability ,Prediction combination of multi-models,0,1,3,213,217,3,1,0.10905274771158924,,-0.008056137408713865,1.0,-0.0,,-0.008056137408713865,,
Modifiability ,Competing models ,0,1,3,213,217,3,1,0.10905274771158924,,-0.008056137408713865,1.0,-0.0,,-0.008056137408713865,,
Modifiability ,Multi-model of different models,0,6,3,208,217,3,6,0.24636168355623522,,-0.019965865365064398,1.0,-0.0,,-0.019965865365064398,,
Modifiability ,Data-level parallelsim in CNN layer,0,1,3,213,217,3,1,0.10905274771158924,,-0.008056137408713865,1.0,-0.0,,-0.008056137408713865,,
Modifiability ,Event-based processing,0,1,3,213,217,3,1,0.10905274771158924,,-0.008056137408713865,1.0,-0.0,,-0.008056137408713865,,
Modifiability ,Partial layer execution,0,2,3,212,217,3,2,0.15066306992548228,,-0.011419563624939743,1.0,-0.0,,-0.011419563624939743,,
Modifiability ,Matrix-multiplication optimization,0,1,3,213,217,3,1,0.10905274771158924,,-0.008056137408713865,1.0,-0.0,,-0.008056137408713865,,
Modifiability ,Simultaneous memory loading,0,4,3,210,217,3,4,0.206212993639731,,-0.016225344799846247,1.0,-0.0,,-0.016225344799846247,,
Modifiability ,External computational offloading,0,11,3,203,217,3,11,0.31816722087539906,,-0.02736002394152379,1.0,-0.0,,-0.02736002394152379,,
Modifiability ,Internal computation balancing,0,3,3,211,217,3,3,0.18126924692201818,,-0.014018691588785047,1.0,-0.0,,-0.014018691588785047,,
Modifiability ,Quantitative sensor selection,0,1,3,213,217,3,1,0.10905274771158924,,-0.008056137408713865,1.0,-0.0,,-0.008056137408713865,,
Modifiability ,Out-of-distribution detection,0,3,3,211,217,3,3,0.18126924692201818,,-0.014018691588785047,1.0,-0.0,,-0.014018691588785047,,
Modifiability ,Failure prevention or mitigation,0,3,3,211,217,3,3,0.18126924692201818,,-0.014018691588785047,1.0,-0.0,,-0.014018691588785047,,
Modifiability ,Independent model development,0,1,3,213,217,3,1,0.10905274771158924,,-0.008056137408713865,1.0,-0.0,,-0.008056137408713865,,
Modifiability ,Coupled semantic descriptions,0,1,3,213,217,3,1,0.10905274771158924,,-0.008056137408713865,1.0,-0.0,,-0.008056137408713865,,
Modifiability ,Test time adaption,0,2,3,212,217,3,2,0.15066306992548228,,-0.011419563624939743,1.0,-0.0,,-0.011419563624939743,,
Modifiability ,Merging of fault maps,0,1,3,213,217,3,1,0.10905274771158924,,-0.008056137408713865,1.0,-0.0,,-0.008056137408713865,,
Modifiability ,High-level synthesis,0,1,3,213,217,3,1,0.10905274771158924,,-0.008056137408713865,1.0,-0.0,,-0.008056137408713865,,
Modifiability ,Post-hoc uncertainty calibration ,0,1,3,213,217,3,1,0.10905274771158924,,-0.008056137408713865,1.0,-0.0,,-0.008056137408713865,,
Portability,Pruning,0,23,5,189,217,5,23,0.5107689239601585,,-0.052878621476169334,1.0,-0.0,,-0.052878621476169334,,
Portability,Post-training quantization,0,1,5,211,217,5,1,0.13849222534596417,,-0.010449372136989982,1.0,-0.0,,-0.010449372136989982,,
Portability,Huffman coding,0,1,5,211,217,5,1,0.13849222534596417,,-0.010449372136989982,1.0,-0.0,,-0.010449372136989982,,
Portability,Ablation,0,1,5,211,217,5,1,0.13849222534596417,,-0.010449372136989982,1.0,-0.0,,-0.010449372136989982,,
Portability,Integer-only operations,0,11,5,201,217,5,11,0.3900713113329324,,-0.035487859421650524,1.0,-0.0,,-0.035487859421650524,,
Portability,Parameter amount reduction,0,2,5,210,217,5,2,0.19007895443513734,,-0.014811970539375384,1.0,-0.0,,-0.014811970539375384,,
Portability,Binary and ternary weights training,0,1,5,211,217,5,1,0.13849222534596417,,-0.010449372136989982,1.0,-0.0,,-0.010449372136989982,,
Portability,Quantization-aware training,0,3,5,209,217,5,3,0.22755841388363107,,-0.0181832207984015,1.0,-0.0,,-0.0181832207984015,,
Portability,Binary weights and activations,0,6,5,206,217,5,6,0.30590634059779964,,-0.02589712000330745,1.0,-0.0,,-0.02589712000330745,,
Portability,Ternary weights and activations 2-bit,0,5,5,207,217,5,5,0.28346868942621073,,-0.02358490566037736,1.0,-0.0,,-0.02358490566037736,,
Portability,Tenary weights,0,4,5,208,217,5,4,0.25780435421065095,,-0.021045403927840392,1.0,-0.0,,-0.021045403927840392,,
Portability,ADMM-based compression,0,4,5,208,217,5,4,0.25780435421065095,,-0.021045403927840392,1.0,-0.0,,-0.021045403927840392,,
Portability,Sparsification,0,10,5,202,217,5,10,0.37587494422173906,,-0.03375451707855759,1.0,-0.0,,-0.03375451707855759,,
Portability,Weight sharing,0,1,5,211,217,5,1,0.13849222534596417,,-0.010449372136989982,1.0,-0.0,,-0.010449372136989982,,
Portability,Weight grouping,0,1,5,211,217,5,1,0.13849222534596417,,-0.010449372136989982,1.0,-0.0,,-0.010449372136989982,,
Portability,Node masking,0,1,5,211,217,5,1,0.13849222534596417,,-0.010449372136989982,1.0,-0.0,,-0.010449372136989982,,
Portability,Diagonal scalar weight matrix,0,1,5,211,217,5,1,0.13849222534596417,,-0.010449372136989982,1.0,-0.0,,-0.010449372136989982,,
Portability,Matrix reusing,0,1,5,211,217,5,1,0.13849222534596417,,-0.010449372136989982,1.0,-0.0,,-0.010449372136989982,,
Portability,Smaller computation datatype,0,7,5,205,217,5,7,0.32591921680074,,-0.02803860770460221,1.0,-0.0,,-0.02803860770460221,,
Portability,Tensor or matrix decomposition,0,6,5,206,217,5,6,0.30590634059779964,,-0.02589712000330745,1.0,-0.0,,-0.02589712000330745,,
Portability,Continous learning,0,1,5,211,217,5,1,0.13849222534596417,,-0.010449372136989982,1.0,-0.0,,-0.010449372136989982,,
Portability,Imitation learning,0,1,5,211,217,5,1,0.13849222534596417,,-0.010449372136989982,1.0,-0.0,,-0.010449372136989982,,
Portability,Closed-loop learning,0,6,5,206,217,5,6,0.30590634059779964,,-0.02589712000330745,1.0,-0.0,,-0.02589712000330745,,
Portability,Meta-learning,0,10,5,202,217,5,10,0.37587494422173906,,-0.03375451707855759,1.0,-0.0,,-0.03375451707855759,,
Portability,Self-supervision learning,0,3,5,209,217,5,3,0.22755841388363107,,-0.0181832207984015,1.0,-0.0,,-0.0181832207984015,,
Portability,Self-adjusted learning,0,1,5,211,217,5,1,0.13849222534596417,,-0.010449372136989982,1.0,-0.0,,-0.010449372136989982,,
Portability,Destillation learning,0,11,5,201,217,5,11,0.3900713113329324,,-0.035487859421650524,1.0,-0.0,,-0.035487859421650524,,
Portability,Transfer learning,0,5,5,207,217,5,5,0.28346868942621073,,-0.02358490566037736,1.0,-0.0,,-0.02358490566037736,,
Portability,Federated learning,0,2,5,210,217,5,2,0.19007895443513734,,-0.014811970539375384,1.0,-0.0,,-0.014811970539375384,,
Portability,End-to-end learning,0,4,5,208,217,5,4,0.25780435421065095,,-0.021045403927840392,1.0,-0.0,,-0.021045403927840392,,
Portability,Few-shot learning,0,4,5,208,217,5,4,0.25780435421065095,,-0.021045403927840392,1.0,-0.0,,-0.021045403927840392,,
Portability,Online training,0,1,5,211,217,5,1,0.13849222534596417,,-0.010449372136989982,1.0,-0.0,,-0.010449372136989982,,
Portability,Test-time training,0,1,5,211,217,5,1,0.13849222534596417,,-0.010449372136989982,1.0,-0.0,,-0.010449372136989982,,
Portability,Fault tolerant training,0,4,5,208,217,5,4,0.25780435421065095,,-0.021045403927840392,1.0,-0.0,,-0.021045403927840392,,
Portability,Adversarial training,0,28,5,184,217,5,28,0.5456150977214722,,-0.05911057517765905,1.0,-0.0,,-0.05911057517765905,,
Portability,Adversarial generation decoupling,0,1,5,211,217,5,1,0.13849222534596417,,-0.010449372136989982,1.0,-0.0,,-0.010449372136989982,,
Portability,Incremental training with sensor data,0,2,5,210,217,5,2,0.19007895443513734,,-0.014811970539375384,1.0,-0.0,,-0.014811970539375384,,
Portability,Inclusion of wrong labeled data in training,0,1,5,211,217,5,1,0.13849222534596417,,-0.010449372136989982,1.0,-0.0,,-0.010449372136989982,,
Portability,Training with unlabed data,0,2,5,210,217,5,2,0.19007895443513734,,-0.014811970539375384,1.0,-0.0,,-0.014811970539375384,,
Portability,Standard training on fully labeled datasets,0,3,5,209,217,5,3,0.22755841388363107,,-0.0181832207984015,1.0,-0.0,,-0.0181832207984015,,
Portability,On-device local training,0,3,5,209,217,5,3,0.22755841388363107,,-0.0181832207984015,1.0,-0.0,,-0.0181832207984015,,
Portability,Training with gradient noise,0,2,5,210,217,5,2,0.19007895443513734,,-0.014811970539375384,1.0,-0.0,,-0.014811970539375384,,
Portability,Contrastive representation learning,0,1,5,211,217,5,1,0.13849222534596417,,-0.010449372136989982,1.0,-0.0,,-0.010449372136989982,,
Portability,Training optimization algorithm selection or adaptation,0,11,5,201,217,5,11,0.3900713113329324,,-0.035487859421650524,1.0,-0.0,,-0.035487859421650524,,
Portability,Training loss function selection or adaptation,0,5,5,207,217,5,5,0.28346868942621073,,-0.02358490566037736,1.0,-0.0,,-0.02358490566037736,,
Portability,Label smooting,0,2,5,210,217,5,2,0.19007895443513734,,-0.014811970539375384,1.0,-0.0,,-0.014811970539375384,,
Portability,Training loss early stopping,0,1,5,211,217,5,1,0.13849222534596417,,-0.010449372136989982,1.0,-0.0,,-0.010449372136989982,,
Portability,Weight initialization random,0,1,5,211,217,5,1,0.13849222534596417,,-0.010449372136989982,1.0,-0.0,,-0.010449372136989982,,
Portability,Pretraining,0,3,5,209,217,5,3,0.22755841388363107,,-0.0181832207984015,1.0,-0.0,,-0.0181832207984015,,
Portability,Suppress redundant channel activations,0,1,5,211,217,5,1,0.13849222534596417,,-0.010449372136989982,1.0,-0.0,,-0.010449372136989982,,
Portability,Regularization training,0,8,5,204,217,5,8,0.3440278999511197,,-0.030046156302116094,1.0,-0.0,,-0.030046156302116094,,
Portability,Training with uncertainty measures,0,1,5,211,217,5,1,0.13849222534596417,,-0.010449372136989982,1.0,-0.0,,-0.010449372136989982,,
Portability,Finetuning ,0,10,5,202,217,5,10,0.37587494422173906,,-0.03375451707855759,1.0,-0.0,,-0.03375451707855759,,
Portability,Fault-aware retraining,0,1,5,211,217,5,1,0.13849222534596417,,-0.010449372136989982,1.0,-0.0,,-0.010449372136989982,,
Portability,Retraining for fine tuning,0,4,5,208,217,5,4,0.25780435421065095,,-0.021045403927840392,1.0,-0.0,,-0.021045403927840392,,
Portability,Quantization-aware retraining,0,3,5,209,217,5,3,0.22755841388363107,,-0.0181832207984015,1.0,-0.0,,-0.0181832207984015,,
Portability,Automatic retraining and deployment triggering,0,1,5,211,217,5,1,0.13849222534596417,,-0.010449372136989982,1.0,-0.0,,-0.010449372136989982,,
Portability,Training with adversarial noise,0,4,5,208,217,5,4,0.25780435421065095,,-0.021045403927840392,1.0,-0.0,,-0.021045403927840392,,
Portability,Heuristics-driven augmentation,0,5,5,207,217,5,5,0.28346868942621073,,-0.02358490566037736,1.0,-0.0,,-0.02358490566037736,,
Portability,Data-driven augmentations,0,1,5,211,217,5,1,0.13849222534596417,,-0.010449372136989982,1.0,-0.0,,-0.010449372136989982,,
Portability,Sensor ring architecture,0,1,5,211,217,5,1,0.13849222534596417,,-0.010449372136989982,1.0,-0.0,,-0.010449372136989982,,
Portability,Specific model type selection,0,4,5,208,217,5,4,0.25780435421065095,,-0.021045403927840392,1.0,-0.0,,-0.021045403927840392,,
Portability,Edge compute hardware,0,4,5,208,217,5,4,0.25780435421065095,,-0.021045403927840392,1.0,-0.0,,-0.021045403927840392,,
Portability,Model pool for deployment,0,1,5,211,217,5,1,0.13849222534596417,,-0.010449372136989982,1.0,-0.0,,-0.010449372136989982,,
Portability,Network combination,0,3,5,209,217,5,3,0.22755841388363107,,-0.0181832207984015,1.0,-0.0,,-0.0181832207984015,,
Portability,Network partitioning,0,9,5,203,217,5,9,0.3605926808381029,,-0.03194527704824932,1.0,-0.0,,-0.03194527704824932,,
Portability,Weight averaging,0,1,5,211,217,5,1,0.13849222534596417,,-0.010449372136989982,1.0,-0.0,,-0.010449372136989982,,
Portability,Input resolution adjustment,0,3,5,209,217,5,3,0.22755841388363107,,-0.0181832207984015,1.0,-0.0,,-0.0181832207984015,,
Portability,Sensor or input data fusion,0,5,5,207,217,5,5,0.28346868942621073,,-0.02358490566037736,1.0,-0.0,,-0.02358490566037736,,
Portability,Sliding Window,0,1,5,211,217,5,1,0.13849222534596417,,-0.010449372136989982,1.0,-0.0,,-0.010449372136989982,,
Portability,Frame rate reduction,0,2,5,210,217,5,2,0.19007895443513734,,-0.014811970539375384,1.0,-0.0,,-0.014811970539375384,,
Portability,Input spatial partitioning,0,1,5,211,217,5,1,0.13849222534596417,,-0.010449372136989982,1.0,-0.0,,-0.010449372136989982,,
Portability,Input contrast improvement,0,1,5,211,217,5,1,0.13849222534596417,,-0.010449372136989982,1.0,-0.0,,-0.010449372136989982,,
Portability,Input modification,0,2,5,210,217,5,2,0.19007895443513734,,-0.014811970539375384,1.0,-0.0,,-0.014811970539375384,,
Portability,Sequential input fusion,0,1,5,211,217,5,1,0.13849222534596417,,-0.010449372136989982,1.0,-0.0,,-0.010449372136989982,,
Portability,Signal overwriting,0,1,5,211,217,5,1,0.13849222534596417,,-0.010449372136989982,1.0,-0.0,,-0.010449372136989982,,
Portability,Denoising,0,2,5,210,217,5,2,0.19007895443513734,,-0.014811970539375384,1.0,-0.0,,-0.014811970539375384,,
Portability,Robust feature extraction,0,2,5,210,217,5,2,0.19007895443513734,,-0.014811970539375384,1.0,-0.0,,-0.014811970539375384,,
Portability,Post-processing,0,1,5,211,217,5,1,0.13849222534596417,,-0.010449372136989982,1.0,-0.0,,-0.010449372136989982,,
Portability,Decision smoothing,0,1,5,211,217,5,1,0.13849222534596417,,-0.010449372136989982,1.0,-0.0,,-0.010449372136989982,,
Portability,Width adjustment,0,15,5,197,217,5,15,0.43861608620107184,,-0.04184918614168131,1.0,-0.0,,-0.04184918614168131,,
Portability,Depth adjustment,0,12,5,200,217,5,12,0.4033339960380281,,-0.03715615485399807,1.0,-0.0,,-0.03715615485399807,,
Portability,Last stage reduction,0,1,5,211,217,5,1,0.13849222534596417,,-0.010449372136989982,1.0,-0.0,,-0.010449372136989982,,
Portability,New or specific layer module,0,5,5,207,217,5,5,0.28346868942621073,,-0.02358490566037736,1.0,-0.0,,-0.02358490566037736,,
Portability,Model fusion,0,1,5,211,217,5,1,0.13849222534596417,,-0.010449372136989982,1.0,-0.0,,-0.010449372136989982,,
Portability,Kernel regularization,0,1,5,211,217,5,1,0.13849222534596417,,-0.010449372136989982,1.0,-0.0,,-0.010449372136989982,,
Portability,Regularization,0,7,5,205,217,5,7,0.32591921680074,,-0.02803860770460221,1.0,-0.0,,-0.02803860770460221,,
Portability,Early-exit inference,0,4,5,208,217,5,4,0.25780435421065095,,-0.021045403927840392,1.0,-0.0,,-0.021045403927840392,,
Portability,Additional side branches with uncertainty measures,0,2,5,210,217,5,2,0.19007895443513734,,-0.014811970539375384,1.0,-0.0,,-0.014811970539375384,,
Portability,Tuner and meta-tuner blocks,0,2,5,210,217,5,2,0.19007895443513734,,-0.014811970539375384,1.0,-0.0,,-0.014811970539375384,,
Portability,Adapter module,0,2,5,210,217,5,2,0.19007895443513734,,-0.014811970539375384,1.0,-0.0,,-0.014811970539375384,,
Portability,Bottleneck module,0,2,5,210,217,5,2,0.19007895443513734,,-0.014811970539375384,1.0,-0.0,,-0.014811970539375384,,
Portability,Separation of convolutional kernels,0,2,5,210,217,5,2,0.19007895443513734,,-0.014811970539375384,1.0,-0.0,,-0.014811970539375384,,
Portability,Depthwise-separable convolution layers,0,2,5,210,217,5,2,0.19007895443513734,,-0.014811970539375384,1.0,-0.0,,-0.014811970539375384,,
Portability,Convolution unfolding,0,1,5,211,217,5,1,0.13849222534596417,,-0.010449372136989982,1.0,-0.0,,-0.010449372136989982,,
Portability,Activation function selection,0,4,5,208,217,5,4,0.25780435421065095,,-0.021045403927840392,1.0,-0.0,,-0.021045403927840392,,
Portability,Layer fusion,0,1,5,211,217,5,1,0.13849222534596417,,-0.010449372136989982,1.0,-0.0,,-0.010449372136989982,,
Portability,Fault-map-based neuron re-mapping,0,1,5,211,217,5,1,0.13849222534596417,,-0.010449372136989982,1.0,-0.0,,-0.010449372136989982,,
Portability,Multiscale feature processing architectures,0,1,5,211,217,5,1,0.13849222534596417,,-0.010449372136989982,1.0,-0.0,,-0.010449372136989982,,
Portability,Architecture design through math. optimization,0,5,5,207,217,5,5,0.28346868942621073,,-0.02358490566037736,1.0,-0.0,,-0.02358490566037736,,
Portability,Neural architecture search,0,10,5,202,217,5,10,0.37587494422173906,,-0.03375451707855759,1.0,-0.0,,-0.03375451707855759,,
Portability,Architecture design optimization with reinforcement learning,0,2,5,210,217,5,2,0.19007895443513734,,-0.014811970539375384,1.0,-0.0,,-0.014811970539375384,,
Portability,Normalization,0,3,5,209,217,5,3,0.22755841388363107,,-0.0181832207984015,1.0,-0.0,,-0.0181832207984015,,
Portability,Policy conversion,0,1,5,211,217,5,1,0.13849222534596417,,-0.010449372136989982,1.0,-0.0,,-0.010449372136989982,,
Portability,Feature encoding,0,3,5,209,217,5,3,0.22755841388363107,,-0.0181832207984015,1.0,-0.0,,-0.0181832207984015,,
Portability,On-chip weight caching,0,2,5,210,217,5,2,0.19007895443513734,,-0.014811970539375384,1.0,-0.0,,-0.014811970539375384,,
Portability,Cache preloading,0,1,5,211,217,5,1,0.13849222534596417,,-0.010449372136989982,1.0,-0.0,,-0.010449372136989982,,
Portability,Prediction/intermediate result caching,0,2,5,210,217,5,2,0.19007895443513734,,-0.014811970539375384,1.0,-0.0,,-0.014811970539375384,,
Portability,Relevant content caching,0,1,5,211,217,5,1,0.13849222534596417,,-0.010449372136989982,1.0,-0.0,,-0.010449372136989982,,
Portability,Light communication protocol usage,0,1,5,211,217,5,1,0.13849222534596417,,-0.010449372136989982,1.0,-0.0,,-0.010449372136989982,,
Portability,Cloud compression and edge reconstruction,0,1,5,211,217,5,1,0.13849222534596417,,-0.010449372136989982,1.0,-0.0,,-0.010449372136989982,,
Portability,Deadline-aware scheduling,0,2,5,210,217,5,2,0.19007895443513734,,-0.014811970539375384,1.0,-0.0,,-0.014811970539375384,,
Portability,Memory scheduling,0,2,5,210,217,5,2,0.19007895443513734,,-0.014811970539375384,1.0,-0.0,,-0.014811970539375384,,
Portability,Single task assignment,0,1,5,211,217,5,1,0.13849222534596417,,-0.010449372136989982,1.0,-0.0,,-0.010449372136989982,,
Portability,Adaptive batching,0,1,5,211,217,5,1,0.13849222534596417,,-0.010449372136989982,1.0,-0.0,,-0.010449372136989982,,
Portability,Sensor duty cycle,0,2,5,210,217,5,2,0.19007895443513734,,-0.014811970539375384,1.0,-0.0,,-0.014811970539375384,,
Portability,Later local processing of encoded features,0,1,5,211,217,5,1,0.13849222534596417,,-0.010449372136989982,1.0,-0.0,,-0.010449372136989982,,
Portability,Concurrent processing hardware,0,7,5,205,217,5,7,0.32591921680074,,-0.02803860770460221,1.0,-0.0,,-0.02803860770460221,,
Portability,Straggler mitigation,0,1,5,211,217,5,1,0.13849222534596417,,-0.010449372136989982,1.0,-0.0,,-0.010449372136989982,,
Portability,Prediction combination of multi-models,0,1,5,211,217,5,1,0.13849222534596417,,-0.010449372136989982,1.0,-0.0,,-0.010449372136989982,,
Portability,Competing models ,0,1,5,211,217,5,1,0.13849222534596417,,-0.010449372136989982,1.0,-0.0,,-0.010449372136989982,,
Portability,Data-level parallelsim in CNN layer,0,1,5,211,217,5,1,0.13849222534596417,,-0.010449372136989982,1.0,-0.0,,-0.010449372136989982,,
Portability,Event-based processing,0,1,5,211,217,5,1,0.13849222534596417,,-0.010449372136989982,1.0,-0.0,,-0.010449372136989982,,
Portability,Partial layer execution,0,2,5,210,217,5,2,0.19007895443513734,,-0.014811970539375384,1.0,-0.0,,-0.014811970539375384,,
Portability,External computational offloading,0,11,5,201,217,5,11,0.3900713113329324,,-0.035487859421650524,1.0,-0.0,,-0.035487859421650524,,
Portability,Internal computation balancing,0,3,5,209,217,5,3,0.22755841388363107,,-0.0181832207984015,1.0,-0.0,,-0.0181832207984015,,
Portability,Quantitative sensor selection,0,1,5,211,217,5,1,0.13849222534596417,,-0.010449372136989982,1.0,-0.0,,-0.010449372136989982,,
Portability,Out-of-distribution detection,0,3,5,209,217,5,3,0.22755841388363107,,-0.0181832207984015,1.0,-0.0,,-0.0181832207984015,,
Portability,Failure prevention or mitigation,0,3,5,209,217,5,3,0.22755841388363107,,-0.0181832207984015,1.0,-0.0,,-0.0181832207984015,,
Portability,Independent model development,0,1,5,211,217,5,1,0.13849222534596417,,-0.010449372136989982,1.0,-0.0,,-0.010449372136989982,,
Portability,Coupled semantic descriptions,0,1,5,211,217,5,1,0.13849222534596417,,-0.010449372136989982,1.0,-0.0,,-0.010449372136989982,,
Portability,Test time adaption,0,2,5,210,217,5,2,0.19007895443513734,,-0.014811970539375384,1.0,-0.0,,-0.014811970539375384,,
Portability,Merging of fault maps,0,1,5,211,217,5,1,0.13849222534596417,,-0.010449372136989982,1.0,-0.0,,-0.010449372136989982,,
Portability,Post-hoc uncertainty calibration ,0,1,5,211,217,5,1,0.13849222534596417,,-0.010449372136989982,1.0,-0.0,,-0.010449372136989982,,
Installability,Pruning,0,23,1,193,217,1,23,0.2736491391955218,,-0.023428051901170213,1.0,-0.0,,-0.023428051901170213,,
Installability,Quantization,1,39,0,177,217,1,40,0.3440278999511197,,0.14312970031098057,0.18433179723502302,0.2447999141735224,,0.14312970031098057,,
Installability,Post-training quantization,1,0,0,216,217,1,1,0.06449301496838222,,1.0,0.004608294930875576,0.7788199112828432,,1.0,,
Installability,Huffman coding,0,1,1,215,217,1,1,0.06449301496838222,,-0.004629629629629629,1.0,-0.0,,-0.004629629629629629,,
Installability,Ablation,0,1,1,215,217,1,1,0.06449301496838222,,-0.004629629629629629,1.0,-0.0,,-0.004629629629629629,,
Installability,Mixed-precision compression,0,5,1,211,217,1,5,0.13849222534596417,,-0.010449372136989982,1.0,-0.0,,-0.010449372136989982,,
Installability,Integer-only operations,1,10,0,206,217,1,11,0.19837015644199685,,0.2944492090333012,0.05069124423963133,0.4316890162301015,,0.2944492090333012,,
Installability,Parameter amount reduction,0,2,1,214,217,1,2,0.08997290406174518,,-0.006562493591317981,1.0,-0.0,,-0.006562493591317981,,
Installability,Binary and ternary weights training,0,1,1,215,217,1,1,0.06449301496838222,,-0.004629629629629629,1.0,-0.0,,-0.004629629629629629,,
Installability,Quantization-aware training,0,3,1,213,217,1,3,0.10905274771158924,,-0.008056137408713865,1.0,-0.0,,-0.008056137408713865,,
Installability,Binary weights and activations,0,6,1,210,217,1,6,0.15066306992548228,,-0.011473806513691905,1.0,-0.0,,-0.011473806513691905,,
Installability,Ternary weights and activations 2-bit,0,5,1,211,217,1,5,0.13849222534596417,,-0.010449372136989982,1.0,-0.0,,-0.010449372136989982,,
Installability,Tenary weights,0,4,1,212,217,1,4,0.12482668095705252,,-0.009324237314407657,1.0,-0.0,,-0.009324237314407657,,
Installability,ADMM-based compression,0,4,1,212,217,1,4,0.12482668095705252,,-0.009324237314407657,1.0,-0.0,,-0.009324237314407657,,
Installability,Sparsification,0,10,1,206,217,1,10,0.19007895443513734,,-0.014955052834949042,1.0,-0.0,,-0.014955052834949042,,
Installability,Weight sharing,0,1,1,215,217,1,1,0.06449301496838222,,-0.004629629629629629,1.0,-0.0,,-0.004629629629629629,,
Installability,Weight grouping,0,1,1,215,217,1,1,0.06449301496838222,,-0.004629629629629629,1.0,-0.0,,-0.004629629629629629,,
Installability,Node masking,0,1,1,215,217,1,1,0.06449301496838222,,-0.004629629629629629,1.0,-0.0,,-0.004629629629629629,,
Installability,Diagonal scalar weight matrix,0,1,1,215,217,1,1,0.06449301496838222,,-0.004629629629629629,1.0,-0.0,,-0.004629629629629629,,
Installability,Matrix reusing,0,1,1,215,217,1,1,0.06449301496838222,,-0.004629629629629629,1.0,-0.0,,-0.004629629629629629,,
Installability,Smaller computation datatype,0,7,1,209,217,1,7,0.16170349855334454,,-0.012422599874998832,1.0,-0.0,,-0.012422599874998832,,
Installability,Tensor or matrix decomposition,0,6,1,210,217,1,6,0.15066306992548228,,-0.011473806513691905,1.0,-0.0,,-0.011473806513691905,,
Installability,Continous learning,0,1,1,215,217,1,1,0.06449301496838222,,-0.004629629629629629,1.0,-0.0,,-0.004629629629629629,,
Installability,Imitation learning,0,1,1,215,217,1,1,0.06449301496838222,,-0.004629629629629629,1.0,-0.0,,-0.004629629629629629,,
Installability,Closed-loop learning,0,6,1,210,217,1,6,0.15066306992548228,,-0.011473806513691905,1.0,-0.0,,-0.011473806513691905,,
Installability,Meta-learning,0,10,1,206,217,1,10,0.19007895443513734,,-0.014955052834949042,1.0,-0.0,,-0.014955052834949042,,
Installability,Self-supervision learning,0,3,1,213,217,1,3,0.10905274771158924,,-0.008056137408713865,1.0,-0.0,,-0.008056137408713865,,
Installability,Self-adjusted learning,0,1,1,215,217,1,1,0.06449301496838222,,-0.004629629629629629,1.0,-0.0,,-0.004629629629629629,,
Installability,Destillation learning,0,11,1,205,217,1,11,0.19837015644199685,,-0.015723016016341327,1.0,-0.0,,-0.015723016016341327,,
Installability,Transfer learning,0,5,1,211,217,1,5,0.13849222534596417,,-0.010449372136989982,1.0,-0.0,,-0.010449372136989982,,
Installability,Federated learning,0,2,1,214,217,1,2,0.08997290406174518,,-0.006562493591317981,1.0,-0.0,,-0.006562493591317981,,
Installability,End-to-end learning,0,4,1,212,217,1,4,0.12482668095705252,,-0.009324237314407657,1.0,-0.0,,-0.009324237314407657,,
Installability,Few-shot learning,0,4,1,212,217,1,4,0.12482668095705252,,-0.009324237314407657,1.0,-0.0,,-0.009324237314407657,,
Installability,Online training,0,1,1,215,217,1,1,0.06449301496838222,,-0.004629629629629629,1.0,-0.0,,-0.004629629629629629,,
Installability,Test-time training,0,1,1,215,217,1,1,0.06449301496838222,,-0.004629629629629629,1.0,-0.0,,-0.004629629629629629,,
Installability,Fault tolerant training,0,4,1,212,217,1,4,0.12482668095705252,,-0.009324237314407657,1.0,-0.0,,-0.009324237314407657,,
Installability,Adversarial training,0,28,1,188,217,1,28,0.29725897566229753,,-0.026189140043946204,1.0,-0.0,,-0.026189140043946204,,
Installability,Adversarial generation decoupling,0,1,1,215,217,1,1,0.06449301496838222,,-0.004629629629629629,1.0,-0.0,,-0.004629629629629629,,
Installability,Incremental training with sensor data,0,2,1,214,217,1,2,0.08997290406174518,,-0.006562493591317981,1.0,-0.0,,-0.006562493591317981,,
Installability,Inclusion of wrong labeled data in training,0,1,1,215,217,1,1,0.06449301496838222,,-0.004629629629629629,1.0,-0.0,,-0.004629629629629629,,
Installability,Training with unlabed data,0,2,1,214,217,1,2,0.08997290406174518,,-0.006562493591317981,1.0,-0.0,,-0.006562493591317981,,
Installability,Standard training on fully labeled datasets,0,3,1,213,217,1,3,0.10905274771158924,,-0.008056137408713865,1.0,-0.0,,-0.008056137408713865,,
Installability,On-device local training,0,3,1,213,217,1,3,0.10905274771158924,,-0.008056137408713865,1.0,-0.0,,-0.008056137408713865,,
Installability,Training with gradient noise,0,2,1,214,217,1,2,0.08997290406174518,,-0.006562493591317981,1.0,-0.0,,-0.006562493591317981,,
Installability,Contrastive representation learning,0,1,1,215,217,1,1,0.06449301496838222,,-0.004629629629629629,1.0,-0.0,,-0.004629629629629629,,
Installability,Training optimization algorithm selection or adaptation,0,11,1,205,217,1,11,0.19837015644199685,,-0.015723016016341327,1.0,-0.0,,-0.015723016016341327,,
Installability,Training loss function selection or adaptation,0,5,1,211,217,1,5,0.13849222534596417,,-0.010449372136989982,1.0,-0.0,,-0.010449372136989982,,
Installability,Label smooting,0,2,1,214,217,1,2,0.08997290406174518,,-0.006562493591317981,1.0,-0.0,,-0.006562493591317981,,
Installability,Training loss early stopping,0,1,1,215,217,1,1,0.06449301496838222,,-0.004629629629629629,1.0,-0.0,,-0.004629629629629629,,
Installability,Weight initialization random,0,1,1,215,217,1,1,0.06449301496838222,,-0.004629629629629629,1.0,-0.0,,-0.004629629629629629,,
Installability,Pretraining,0,3,1,213,217,1,3,0.10905274771158924,,-0.008056137408713865,1.0,-0.0,,-0.008056137408713865,,
Installability,Suppress redundant channel activations,0,1,1,215,217,1,1,0.06449301496838222,,-0.004629629629629629,1.0,-0.0,,-0.004629629629629629,,
Installability,Regularization training,0,8,1,208,217,1,8,0.17185068465818631,,-0.013312051063847861,1.0,-0.0,,-0.013312051063847861,,
Installability,Training with uncertainty measures,0,1,1,215,217,1,1,0.06449301496838222,,-0.004629629629629629,1.0,-0.0,,-0.004629629629629629,,
Installability,Finetuning ,0,10,1,206,217,1,10,0.19007895443513734,,-0.014955052834949042,1.0,-0.0,,-0.014955052834949042,,
Installability,Fault-aware retraining,0,1,1,215,217,1,1,0.06449301496838222,,-0.004629629629629629,1.0,-0.0,,-0.004629629629629629,,
Installability,Retraining for fine tuning,0,4,1,212,217,1,4,0.12482668095705252,,-0.009324237314407657,1.0,-0.0,,-0.009324237314407657,,
Installability,Quantization-aware retraining,0,3,1,213,217,1,3,0.10905274771158924,,-0.008056137408713865,1.0,-0.0,,-0.008056137408713865,,
Installability,Automatic retraining and deployment triggering,0,1,1,215,217,1,1,0.06449301496838222,,-0.004629629629629629,1.0,-0.0,,-0.004629629629629629,,
Installability,Training with adversarial noise,0,4,1,212,217,1,4,0.12482668095705252,,-0.009324237314407657,1.0,-0.0,,-0.009324237314407657,,
Installability,Heuristics-driven augmentation,0,5,1,211,217,1,5,0.13849222534596417,,-0.010449372136989982,1.0,-0.0,,-0.010449372136989982,,
Installability,Data-driven augmentations,0,1,1,215,217,1,1,0.06449301496838222,,-0.004629629629629629,1.0,-0.0,,-0.004629629629629629,,
Installability,Modular system design,0,2,1,214,217,1,2,0.08997290406174518,,-0.006562493591317981,1.0,-0.0,,-0.006562493591317981,,
Installability,Sensor ring architecture,0,1,1,215,217,1,1,0.06449301496838222,,-0.004629629629629629,1.0,-0.0,,-0.004629629629629629,,
Installability,Containerization,0,3,1,213,217,1,3,0.10905274771158924,,-0.008056137408713865,1.0,-0.0,,-0.008056137408713865,,
Installability,Specific model type selection,0,4,1,212,217,1,4,0.12482668095705252,,-0.009324237314407657,1.0,-0.0,,-0.009324237314407657,,
Installability,TPU SoC or Accelerator Hardware ,0,5,1,211,217,1,5,0.13849222534596417,,-0.010449372136989982,1.0,-0.0,,-0.010449372136989982,,
Installability,Edge compute hardware,0,4,1,212,217,1,4,0.12482668095705252,,-0.009324237314407657,1.0,-0.0,,-0.009324237314407657,,
Installability,Library Encapsulation,0,1,1,215,217,1,1,0.06449301496838222,,-0.004629629629629629,1.0,-0.0,,-0.004629629629629629,,
Installability,Deployment pipeline creation,0,3,1,213,217,1,3,0.10905274771158924,,-0.008056137408713865,1.0,-0.0,,-0.008056137408713865,,
Installability,Model pool for deployment,0,1,1,215,217,1,1,0.06449301496838222,,-0.004629629629629629,1.0,-0.0,,-0.004629629629629629,,
Installability,Network combination,0,3,1,213,217,1,3,0.10905274771158924,,-0.008056137408713865,1.0,-0.0,,-0.008056137408713865,,
Installability,Network partitioning,1,8,0,208,217,1,9,0.18126924692201818,,0.32710225430843876,0.04147465437788018,0.46073907480306825,,0.32710225430843876,,
Installability,Weight averaging,0,1,1,215,217,1,1,0.06449301496838222,,-0.004629629629629629,1.0,-0.0,,-0.004629629629629629,,
Installability,Input resolution adjustment,0,3,1,213,217,1,3,0.10905274771158924,,-0.008056137408713865,1.0,-0.0,,-0.008056137408713865,,
Installability,Sensor or input data fusion,0,5,1,211,217,1,5,0.13849222534596417,,-0.010449372136989982,1.0,-0.0,,-0.010449372136989982,,
Installability,Sliding Window,0,1,1,215,217,1,1,0.06449301496838222,,-0.004629629629629629,1.0,-0.0,,-0.004629629629629629,,
Installability,Frame rate reduction,0,2,1,214,217,1,2,0.08997290406174518,,-0.006562493591317981,1.0,-0.0,,-0.006562493591317981,,
Installability,Input spatial partitioning,0,1,1,215,217,1,1,0.06449301496838222,,-0.004629629629629629,1.0,-0.0,,-0.004629629629629629,,
Installability,Input contrast improvement,0,1,1,215,217,1,1,0.06449301496838222,,-0.004629629629629629,1.0,-0.0,,-0.004629629629629629,,
Installability,Input modification,0,2,1,214,217,1,2,0.08997290406174518,,-0.006562493591317981,1.0,-0.0,,-0.006562493591317981,,
Installability,Sequential input fusion,0,1,1,215,217,1,1,0.06449301496838222,,-0.004629629629629629,1.0,-0.0,,-0.004629629629629629,,
Installability,Signal overwriting,0,1,1,215,217,1,1,0.06449301496838222,,-0.004629629629629629,1.0,-0.0,,-0.004629629629629629,,
Installability,Denoising,0,2,1,214,217,1,2,0.08997290406174518,,-0.006562493591317981,1.0,-0.0,,-0.006562493591317981,,
Installability,Robust feature extraction,0,2,1,214,217,1,2,0.08997290406174518,,-0.006562493591317981,1.0,-0.0,,-0.006562493591317981,,
Installability,Post-processing,0,1,1,215,217,1,1,0.06449301496838222,,-0.004629629629629629,1.0,-0.0,,-0.004629629629629629,,
Installability,Decision smoothing,0,1,1,215,217,1,1,0.06449301496838222,,-0.004629629629629629,1.0,-0.0,,-0.004629629629629629,,
Installability,Width adjustment,0,15,1,201,217,1,15,0.22755841388363107,,-0.0185414233120827,1.0,-0.0,,-0.0185414233120827,,
Installability,Depth adjustment,0,12,1,204,217,1,12,0.206212993639731,,-0.016462159944159827,1.0,-0.0,,-0.016462159944159827,,
Installability,Last stage reduction,0,1,1,215,217,1,1,0.06449301496838222,,-0.004629629629629629,1.0,-0.0,,-0.004629629629629629,,
Installability,New or specific layer module,0,5,1,211,217,1,5,0.13849222534596417,,-0.010449372136989982,1.0,-0.0,,-0.010449372136989982,,
Installability,Model fusion,0,1,1,215,217,1,1,0.06449301496838222,,-0.004629629629629629,1.0,-0.0,,-0.004629629629629629,,
Installability,Kernel regularization,0,1,1,215,217,1,1,0.06449301496838222,,-0.004629629629629629,1.0,-0.0,,-0.004629629629629629,,
Installability,Regularization,0,7,1,209,217,1,7,0.16170349855334454,,-0.012422599874998832,1.0,-0.0,,-0.012422599874998832,,
Installability,Early-exit inference,0,4,1,212,217,1,4,0.12482668095705252,,-0.009324237314407657,1.0,-0.0,,-0.009324237314407657,,
Installability,Additional side branches with uncertainty measures,0,2,1,214,217,1,2,0.08997290406174518,,-0.006562493591317981,1.0,-0.0,,-0.006562493591317981,,
Installability,Tuner and meta-tuner blocks,0,2,1,214,217,1,2,0.08997290406174518,,-0.006562493591317981,1.0,-0.0,,-0.006562493591317981,,
Installability,Adapter module,0,2,1,214,217,1,2,0.08997290406174518,,-0.006562493591317981,1.0,-0.0,,-0.006562493591317981,,
Installability,Bottleneck module,0,2,1,214,217,1,2,0.08997290406174518,,-0.006562493591317981,1.0,-0.0,,-0.006562493591317981,,
Installability,Separation of convolutional kernels,0,2,1,214,217,1,2,0.08997290406174518,,-0.006562493591317981,1.0,-0.0,,-0.006562493591317981,,
Installability,Depthwise-separable convolution layers,0,2,1,214,217,1,2,0.08997290406174518,,-0.006562493591317981,1.0,-0.0,,-0.006562493591317981,,
Installability,Convolution unfolding,0,1,1,215,217,1,1,0.06449301496838222,,-0.004629629629629629,1.0,-0.0,,-0.004629629629629629,,
Installability,Activation function selection,0,4,1,212,217,1,4,0.12482668095705252,,-0.009324237314407657,1.0,-0.0,,-0.009324237314407657,,
Installability,Layer fusion,0,1,1,215,217,1,1,0.06449301496838222,,-0.004629629629629629,1.0,-0.0,,-0.004629629629629629,,
Installability,Fault-map-based neuron re-mapping,0,1,1,215,217,1,1,0.06449301496838222,,-0.004629629629629629,1.0,-0.0,,-0.004629629629629629,,
Installability,Multiscale feature processing architectures,0,1,1,215,217,1,1,0.06449301496838222,,-0.004629629629629629,1.0,-0.0,,-0.004629629629629629,,
Installability,Architecture design through math. optimization,0,5,1,211,217,1,5,0.13849222534596417,,-0.010449372136989982,1.0,-0.0,,-0.010449372136989982,,
Installability,Neural architecture search,0,10,1,206,217,1,10,0.19007895443513734,,-0.014955052834949042,1.0,-0.0,,-0.014955052834949042,,
Installability,Hardware and Software codesign,0,8,1,208,217,1,8,0.17185068465818631,,-0.013312051063847861,1.0,-0.0,,-0.013312051063847861,,
Installability,Architecture design optimization with reinforcement learning,0,2,1,214,217,1,2,0.08997290406174518,,-0.006562493591317981,1.0,-0.0,,-0.006562493591317981,,
Installability,Model format conversion,0,2,1,214,217,1,2,0.08997290406174518,,-0.006562493591317981,1.0,-0.0,,-0.006562493591317981,,
Installability,Normalization,0,3,1,213,217,1,3,0.10905274771158924,,-0.008056137408713865,1.0,-0.0,,-0.008056137408713865,,
Installability,Policy conversion,0,1,1,215,217,1,1,0.06449301496838222,,-0.004629629629629629,1.0,-0.0,,-0.004629629629629629,,
Installability,Feature encoding,0,3,1,213,217,1,3,0.10905274771158924,,-0.008056137408713865,1.0,-0.0,,-0.008056137408713865,,
Installability,On-chip weight caching,0,2,1,214,217,1,2,0.08997290406174518,,-0.006562493591317981,1.0,-0.0,,-0.006562493591317981,,
Installability,Cache preloading,0,1,1,215,217,1,1,0.06449301496838222,,-0.004629629629629629,1.0,-0.0,,-0.004629629629629629,,
Installability,Prediction/intermediate result caching,0,2,1,214,217,1,2,0.08997290406174518,,-0.006562493591317981,1.0,-0.0,,-0.006562493591317981,,
Installability,Relevant content caching,0,1,1,215,217,1,1,0.06449301496838222,,-0.004629629629629629,1.0,-0.0,,-0.004629629629629629,,
Installability,Light communication protocol usage,0,1,1,215,217,1,1,0.06449301496838222,,-0.004629629629629629,1.0,-0.0,,-0.004629629629629629,,
Installability,Cloud compression and edge reconstruction,0,1,1,215,217,1,1,0.06449301496838222,,-0.004629629629629629,1.0,-0.0,,-0.004629629629629629,,
Installability,Deadline-aware scheduling,0,2,1,214,217,1,2,0.08997290406174518,,-0.006562493591317981,1.0,-0.0,,-0.006562493591317981,,
Installability,Memory scheduling,0,2,1,214,217,1,2,0.08997290406174518,,-0.006562493591317981,1.0,-0.0,,-0.006562493591317981,,
Installability,Multitask Scheduling,0,3,1,213,217,1,3,0.10905274771158924,,-0.008056137408713865,1.0,-0.0,,-0.008056137408713865,,
Installability,Single task assignment,0,1,1,215,217,1,1,0.06449301496838222,,-0.004629629629629629,1.0,-0.0,,-0.004629629629629629,,
Installability,Adaptive model scheduling,0,1,1,215,217,1,1,0.06449301496838222,,-0.004629629629629629,1.0,-0.0,,-0.004629629629629629,,
Installability,Adaptive batching,0,1,1,215,217,1,1,0.06449301496838222,,-0.004629629629629629,1.0,-0.0,,-0.004629629629629629,,
Installability,Sensor duty cycle,0,2,1,214,217,1,2,0.08997290406174518,,-0.006562493591317981,1.0,-0.0,,-0.006562493591317981,,
Installability,Later local processing of encoded features,0,1,1,215,217,1,1,0.06449301496838222,,-0.004629629629629629,1.0,-0.0,,-0.004629629629629629,,
Installability,Concurrent processing hardware,0,7,1,209,217,1,7,0.16170349855334454,,-0.012422599874998832,1.0,-0.0,,-0.012422599874998832,,
Installability,Straggler mitigation,0,1,1,215,217,1,1,0.06449301496838222,,-0.004629629629629629,1.0,-0.0,,-0.004629629629629629,,
Installability,Prediction combination of multi-models,0,1,1,215,217,1,1,0.06449301496838222,,-0.004629629629629629,1.0,-0.0,,-0.004629629629629629,,
Installability,Competing models ,0,1,1,215,217,1,1,0.06449301496838222,,-0.004629629629629629,1.0,-0.0,,-0.004629629629629629,,
Installability,Multi-model of different models,0,6,1,210,217,1,6,0.15066306992548228,,-0.011473806513691905,1.0,-0.0,,-0.011473806513691905,,
Installability,Task-level parallelism on CNN layer-level,0,9,1,207,217,1,9,0.18126924692201818,,-0.014153462926807447,1.0,-0.0,,-0.014153462926807447,,
Installability,Data-level parallelsim in CNN layer,0,1,1,215,217,1,1,0.06449301496838222,,-0.004629629629629629,1.0,-0.0,,-0.004629629629629629,,
Installability,Event-based processing,0,1,1,215,217,1,1,0.06449301496838222,,-0.004629629629629629,1.0,-0.0,,-0.004629629629629629,,
Installability,Partial layer execution,0,2,1,214,217,1,2,0.08997290406174518,,-0.006562493591317981,1.0,-0.0,,-0.006562493591317981,,
Installability,Matrix-multiplication optimization,0,1,1,215,217,1,1,0.06449301496838222,,-0.004629629629629629,1.0,-0.0,,-0.004629629629629629,,
Installability,Simultaneous memory loading,0,4,1,212,217,1,4,0.12482668095705252,,-0.009324237314407657,1.0,-0.0,,-0.009324237314407657,,
Installability,External computational offloading,0,11,1,205,217,1,11,0.19837015644199685,,-0.015723016016341327,1.0,-0.0,,-0.015723016016341327,,
Installability,Internal computation balancing,0,3,1,213,217,1,3,0.10905274771158924,,-0.008056137408713865,1.0,-0.0,,-0.008056137408713865,,
Installability,Quantitative sensor selection,0,1,1,215,217,1,1,0.06449301496838222,,-0.004629629629629629,1.0,-0.0,,-0.004629629629629629,,
Installability,Out-of-distribution detection,0,3,1,213,217,1,3,0.10905274771158924,,-0.008056137408713865,1.0,-0.0,,-0.008056137408713865,,
Installability,Failure prevention or mitigation,0,3,1,213,217,1,3,0.10905274771158924,,-0.008056137408713865,1.0,-0.0,,-0.008056137408713865,,
Installability,Independent model development,0,1,1,215,217,1,1,0.06449301496838222,,-0.004629629629629629,1.0,-0.0,,-0.004629629629629629,,
Installability,Coupled semantic descriptions,0,1,1,215,217,1,1,0.06449301496838222,,-0.004629629629629629,1.0,-0.0,,-0.004629629629629629,,
Installability,Test time adaption,0,2,1,214,217,1,2,0.08997290406174518,,-0.006562493591317981,1.0,-0.0,,-0.006562493591317981,,
Installability,Merging of fault maps,0,1,1,215,217,1,1,0.06449301496838222,,-0.004629629629629629,1.0,-0.0,,-0.004629629629629629,,
Installability,High-level synthesis,0,1,1,215,217,1,1,0.06449301496838222,,-0.004629629629629629,1.0,-0.0,,-0.004629629629629629,,
Installability,Post-hoc uncertainty calibration ,0,1,1,215,217,1,1,0.06449301496838222,,-0.004629629629629629,1.0,-0.0,,-0.004629629629629629,,
Safety,Pruning,0,23,11,183,217,11,23,0.6536821375464908,,-0.07956568121913542,0.611357053198315,0.07123502433104531,,-0.07956568121913542,,
Safety,Post-training quantization,0,1,11,205,217,11,1,0.19837015644199685,,-0.015723016016341327,1.0,-0.0,,-0.015723016016341327,,
Safety,Huffman coding,0,1,11,205,217,11,1,0.19837015644199685,,-0.015723016016341327,1.0,-0.0,,-0.015723016016341327,,
Safety,Ablation,0,1,11,205,217,11,1,0.19837015644199685,,-0.015723016016341327,1.0,-0.0,,-0.015723016016341327,,
Safety,Mixed-precision compression,0,5,11,201,217,11,5,0.3900713113329324,,-0.035487859421650524,1.0,-0.0,,-0.035487859421650524,,
Safety,Parameter amount reduction,0,2,11,204,217,11,2,0.26852657159596116,,-0.022287353438180866,1.0,-0.0,,-0.022287353438180866,,
Safety,Binary and ternary weights training,0,1,11,205,217,11,1,0.19837015644199685,,-0.015723016016341327,1.0,-0.0,,-0.015723016016341327,,
Safety,Quantization-aware training,0,3,11,203,217,11,3,0.31816722087539906,,-0.02736002394152379,1.0,-0.0,,-0.02736002394152379,,
Safety,Binary weights and activations,0,6,11,200,217,11,6,0.4181848889381188,,-0.038967014213966714,1.0,-0.0,,-0.038967014213966714,,
Safety,Ternary weights and activations 2-bit,0,5,11,201,217,11,5,0.3900713113329324,,-0.035487859421650524,1.0,-0.0,,-0.035487859421650524,,
Safety,Tenary weights,0,4,11,202,217,11,4,0.3573895939171715,,-0.03166670864907339,1.0,-0.0,,-0.03166670864907339,,
Safety,ADMM-based compression,0,4,11,202,217,11,4,0.3573895939171715,,-0.03166670864907339,1.0,-0.0,,-0.03166670864907339,,
Safety,Sparsification,0,10,11,196,217,11,10,0.503020200599074,,-0.050789923613813064,1.0,-0.0,,-0.050789923613813064,,
Safety,Weight sharing,0,1,11,205,217,11,1,0.19837015644199685,,-0.015723016016341327,1.0,-0.0,,-0.015723016016341327,,
Safety,Weight grouping,0,1,11,205,217,11,1,0.19837015644199685,,-0.015723016016341327,1.0,-0.0,,-0.015723016016341327,,
Safety,Node masking,0,1,11,205,217,11,1,0.19837015644199685,,-0.015723016016341327,1.0,-0.0,,-0.015723016016341327,,
Safety,Diagonal scalar weight matrix,0,1,11,205,217,11,1,0.19837015644199685,,-0.015723016016341327,1.0,-0.0,,-0.015723016016341327,,
Safety,Matrix reusing,0,1,11,205,217,11,1,0.19837015644199685,,-0.015723016016341327,1.0,-0.0,,-0.015723016016341327,,
Safety,Smaller computation datatype,0,7,11,199,217,11,7,0.4428928155200824,,-0.04218927914862858,1.0,-0.0,,-0.04218927914862858,,
Safety,Tensor or matrix decomposition,0,6,11,200,217,11,6,0.4181848889381188,,-0.038967014213966714,1.0,-0.0,,-0.038967014213966714,,
Safety,Continous learning,0,1,11,205,217,11,1,0.19837015644199685,,-0.015723016016341327,1.0,-0.0,,-0.015723016016341327,,
Safety,Imitation learning,0,1,11,205,217,11,1,0.19837015644199685,,-0.015723016016341327,1.0,-0.0,,-0.015723016016341327,,
Safety,Meta-learning,0,10,11,196,217,11,10,0.503020200599074,,-0.050789923613813064,1.0,-0.0,,-0.050789923613813064,,
Safety,Self-supervision learning,0,3,11,203,217,11,3,0.31816722087539906,,-0.02736002394152379,1.0,-0.0,,-0.02736002394152379,,
Safety,Self-adjusted learning,0,1,11,205,217,11,1,0.19837015644199685,,-0.015723016016341327,1.0,-0.0,,-0.015723016016341327,,
Safety,Transfer learning,0,5,11,201,217,11,5,0.3900713113329324,,-0.035487859421650524,1.0,-0.0,,-0.035487859421650524,,
Safety,Federated learning,0,2,11,204,217,11,2,0.26852657159596116,,-0.022287353438180866,1.0,-0.0,,-0.022287353438180866,,
Safety,End-to-end learning,0,4,11,202,217,11,4,0.3573895939171715,,-0.03166670864907339,1.0,-0.0,,-0.03166670864907339,,
Safety,Few-shot learning,0,4,11,202,217,11,4,0.3573895939171715,,-0.03166670864907339,1.0,-0.0,,-0.03166670864907339,,
Safety,Online training,0,1,11,205,217,11,1,0.19837015644199685,,-0.015723016016341327,1.0,-0.0,,-0.015723016016341327,,
Safety,Test-time training,0,1,11,205,217,11,1,0.19837015644199685,,-0.015723016016341327,1.0,-0.0,,-0.015723016016341327,,
Safety,Fault tolerant training,0,4,11,202,217,11,4,0.3573895939171715,,-0.03166670864907339,1.0,-0.0,,-0.03166670864907339,,
Safety,Adversarial training,0,28,11,178,217,11,28,0.6896315850008591,,-0.08894280996687719,0.3663299524533844,0.1453758568020433,,-0.08894280996687719,,
Safety,Adversarial generation decoupling,0,1,11,205,217,11,1,0.19837015644199685,,-0.015723016016341327,1.0,-0.0,,-0.015723016016341327,,
Safety,Inclusion of wrong labeled data in training,0,1,11,205,217,11,1,0.19837015644199685,,-0.015723016016341327,1.0,-0.0,,-0.015723016016341327,,
Safety,Training with unlabed data,0,2,11,204,217,11,2,0.26852657159596116,,-0.022287353438180866,1.0,-0.0,,-0.022287353438180866,,
Safety,Standard training on fully labeled datasets,0,3,11,203,217,11,3,0.31816722087539906,,-0.02736002394152379,1.0,-0.0,,-0.02736002394152379,,
Safety,On-device local training,0,3,11,203,217,11,3,0.31816722087539906,,-0.02736002394152379,1.0,-0.0,,-0.02736002394152379,,
Safety,Training with gradient noise,0,2,11,204,217,11,2,0.26852657159596116,,-0.022287353438180866,1.0,-0.0,,-0.022287353438180866,,
Safety,Contrastive representation learning,0,1,11,205,217,11,1,0.19837015644199685,,-0.015723016016341327,1.0,-0.0,,-0.015723016016341327,,
Safety,Training optimization algorithm selection or adaptation,0,11,11,195,217,11,11,0.5196946989102006,,-0.05339805825242718,1.0,-0.0,,-0.05339805825242718,,
Safety,Training loss function selection or adaptation,0,5,11,201,217,11,5,0.3900713113329324,,-0.035487859421650524,1.0,-0.0,,-0.035487859421650524,,
Safety,Label smooting,0,2,11,204,217,11,2,0.26852657159596116,,-0.022287353438180866,1.0,-0.0,,-0.022287353438180866,,
Safety,Training loss early stopping,0,1,11,205,217,11,1,0.19837015644199685,,-0.015723016016341327,1.0,-0.0,,-0.015723016016341327,,
Safety,Weight initialization random,0,1,11,205,217,11,1,0.19837015644199685,,-0.015723016016341327,1.0,-0.0,,-0.015723016016341327,,
Safety,Pretraining,0,3,11,203,217,11,3,0.31816722087539906,,-0.02736002394152379,1.0,-0.0,,-0.02736002394152379,,
Safety,Suppress redundant channel activations,0,1,11,205,217,11,1,0.19837015644199685,,-0.015723016016341327,1.0,-0.0,,-0.015723016016341327,,
Safety,Regularization training,0,8,11,198,217,11,8,0.46494662353884153,,-0.045210007890842445,1.0,-0.0,,-0.045210007890842445,,
Safety,Training with uncertainty measures,0,1,11,205,217,11,1,0.19837015644199685,,-0.015723016016341327,1.0,-0.0,,-0.015723016016341327,,
Safety,Finetuning ,0,10,11,196,217,11,10,0.503020200599074,,-0.050789923613813064,1.0,-0.0,,-0.050789923613813064,,
Safety,Fault-aware retraining,0,1,11,205,217,11,1,0.19837015644199685,,-0.015723016016341327,1.0,-0.0,,-0.015723016016341327,,
Safety,Retraining for fine tuning,0,4,11,202,217,11,4,0.3573895939171715,,-0.03166670864907339,1.0,-0.0,,-0.03166670864907339,,
Safety,Quantization-aware retraining,0,3,11,203,217,11,3,0.31816722087539906,,-0.02736002394152379,1.0,-0.0,,-0.02736002394152379,,
Safety,Automatic retraining and deployment triggering,0,1,11,205,217,11,1,0.19837015644199685,,-0.015723016016341327,1.0,-0.0,,-0.015723016016341327,,
Safety,Training with adversarial noise,0,4,11,202,217,11,4,0.3573895939171715,,-0.03166670864907339,1.0,-0.0,,-0.03166670864907339,,
Safety,Heuristics-driven augmentation,0,5,11,201,217,11,5,0.3900713113329324,,-0.035487859421650524,1.0,-0.0,,-0.035487859421650524,,
Safety,Data-driven augmentations,0,1,11,205,217,11,1,0.19837015644199685,,-0.015723016016341327,1.0,-0.0,,-0.015723016016341327,,
Safety,Modular system design,0,2,11,204,217,11,2,0.26852657159596116,,-0.022287353438180866,1.0,-0.0,,-0.022287353438180866,,
Safety,Sensor ring architecture,0,1,11,205,217,11,1,0.19837015644199685,,-0.015723016016341327,1.0,-0.0,,-0.015723016016341327,,
Safety,Containerization,0,3,11,203,217,11,3,0.31816722087539906,,-0.02736002394152379,1.0,-0.0,,-0.02736002394152379,,
Safety,TPU SoC or Accelerator Hardware ,0,5,11,201,217,11,5,0.3900713113329324,,-0.035487859421650524,1.0,-0.0,,-0.035487859421650524,,
Safety,Edge compute hardware,0,4,11,202,217,11,4,0.3573895939171715,,-0.03166670864907339,1.0,-0.0,,-0.03166670864907339,,
Safety,Library Encapsulation,0,1,11,205,217,11,1,0.19837015644199685,,-0.015723016016341327,1.0,-0.0,,-0.015723016016341327,,
Safety,Deployment pipeline creation,0,3,11,203,217,11,3,0.31816722087539906,,-0.02736002394152379,1.0,-0.0,,-0.02736002394152379,,
Safety,Model pool for deployment,0,1,11,205,217,11,1,0.19837015644199685,,-0.015723016016341327,1.0,-0.0,,-0.015723016016341327,,
Safety,Network combination,0,3,11,203,217,11,3,0.31816722087539906,,-0.02736002394152379,1.0,-0.0,,-0.02736002394152379,,
Safety,Network partitioning,0,9,11,197,217,11,9,0.4848643207030773,,-0.048067586845535526,1.0,-0.0,,-0.048067586845535526,,
Safety,Weight averaging,0,1,11,205,217,11,1,0.19837015644199685,,-0.015723016016341327,1.0,-0.0,,-0.015723016016341327,,
Safety,Input resolution adjustment,0,3,11,203,217,11,3,0.31816722087539906,,-0.02736002394152379,1.0,-0.0,,-0.02736002394152379,,
Safety,Sliding Window,0,1,11,205,217,11,1,0.19837015644199685,,-0.015723016016341327,1.0,-0.0,,-0.015723016016341327,,
Safety,Frame rate reduction,0,2,11,204,217,11,2,0.26852657159596116,,-0.022287353438180866,1.0,-0.0,,-0.022287353438180866,,
Safety,Input spatial partitioning,0,1,11,205,217,11,1,0.19837015644199685,,-0.015723016016341327,1.0,-0.0,,-0.015723016016341327,,
Safety,Input contrast improvement,0,1,11,205,217,11,1,0.19837015644199685,,-0.015723016016341327,1.0,-0.0,,-0.015723016016341327,,
Safety,Input modification,0,2,11,204,217,11,2,0.26852657159596116,,-0.022287353438180866,1.0,-0.0,,-0.022287353438180866,,
Safety,Sequential input fusion,0,1,11,205,217,11,1,0.19837015644199685,,-0.015723016016341327,1.0,-0.0,,-0.015723016016341327,,
Safety,Signal overwriting,0,1,11,205,217,11,1,0.19837015644199685,,-0.015723016016341327,1.0,-0.0,,-0.015723016016341327,,
Safety,Denoising,0,2,11,204,217,11,2,0.26852657159596116,,-0.022287353438180866,1.0,-0.0,,-0.022287353438180866,,
Safety,Robust feature extraction,0,2,11,204,217,11,2,0.26852657159596116,,-0.022287353438180866,1.0,-0.0,,-0.022287353438180866,,
Safety,Post-processing,0,1,11,205,217,11,1,0.19837015644199685,,-0.015723016016341327,1.0,-0.0,,-0.015723016016341327,,
Safety,Decision smoothing,0,1,11,205,217,11,1,0.19837015644199685,,-0.015723016016341327,1.0,-0.0,,-0.015723016016341327,,
Safety,Width adjustment,0,15,11,191,217,11,15,0.5752900605933942,,-0.0629698526715544,1.0,-0.0,,-0.0629698526715544,,
Safety,Depth adjustment,0,12,11,194,217,11,12,0.5351040613112231,,-0.05590831776456908,1.0,-0.0,,-0.05590831776456908,,
Safety,Last stage reduction,0,1,11,205,217,11,1,0.19837015644199685,,-0.015723016016341327,1.0,-0.0,,-0.015723016016341327,,
Safety,New or specific layer module,0,5,11,201,217,11,5,0.3900713113329324,,-0.035487859421650524,1.0,-0.0,,-0.035487859421650524,,
Safety,Model fusion,0,1,11,205,217,11,1,0.19837015644199685,,-0.015723016016341327,1.0,-0.0,,-0.015723016016341327,,
Safety,Kernel regularization,0,1,11,205,217,11,1,0.19837015644199685,,-0.015723016016341327,1.0,-0.0,,-0.015723016016341327,,
Safety,Regularization,0,7,11,199,217,11,7,0.4428928155200824,,-0.04218927914862858,1.0,-0.0,,-0.04218927914862858,,
Safety,Early-exit inference,0,4,11,202,217,11,4,0.3573895939171715,,-0.03166670864907339,1.0,-0.0,,-0.03166670864907339,,
Safety,Additional side branches with uncertainty measures,0,2,11,204,217,11,2,0.26852657159596116,,-0.022287353438180866,1.0,-0.0,,-0.022287353438180866,,
Safety,Tuner and meta-tuner blocks,0,2,11,204,217,11,2,0.26852657159596116,,-0.022287353438180866,1.0,-0.0,,-0.022287353438180866,,
Safety,Adapter module,0,2,11,204,217,11,2,0.26852657159596116,,-0.022287353438180866,1.0,-0.0,,-0.022287353438180866,,
Safety,Bottleneck module,0,2,11,204,217,11,2,0.26852657159596116,,-0.022287353438180866,1.0,-0.0,,-0.022287353438180866,,
Safety,Separation of convolutional kernels,0,2,11,204,217,11,2,0.26852657159596116,,-0.022287353438180866,1.0,-0.0,,-0.022287353438180866,,
Safety,Depthwise-separable convolution layers,0,2,11,204,217,11,2,0.26852657159596116,,-0.022287353438180866,1.0,-0.0,,-0.022287353438180866,,
Safety,Convolution unfolding,0,1,11,205,217,11,1,0.19837015644199685,,-0.015723016016341327,1.0,-0.0,,-0.015723016016341327,,
Safety,Activation function selection,0,4,11,202,217,11,4,0.3573895939171715,,-0.03166670864907339,1.0,-0.0,,-0.03166670864907339,,
Safety,Layer fusion,0,1,11,205,217,11,1,0.19837015644199685,,-0.015723016016341327,1.0,-0.0,,-0.015723016016341327,,
Safety,Fault-map-based neuron re-mapping,0,1,11,205,217,11,1,0.19837015644199685,,-0.015723016016341327,1.0,-0.0,,-0.015723016016341327,,
Safety,Multiscale feature processing architectures,0,1,11,205,217,11,1,0.19837015644199685,,-0.015723016016341327,1.0,-0.0,,-0.015723016016341327,,
Safety,Neural architecture search,0,10,11,196,217,11,10,0.503020200599074,,-0.050789923613813064,1.0,-0.0,,-0.050789923613813064,,
Safety,Hardware and Software codesign,0,8,11,198,217,11,8,0.46494662353884153,,-0.045210007890842445,1.0,-0.0,,-0.045210007890842445,,
Safety,Architecture design optimization with reinforcement learning,0,2,11,204,217,11,2,0.26852657159596116,,-0.022287353438180866,1.0,-0.0,,-0.022287353438180866,,
Safety,Model format conversion,0,2,11,204,217,11,2,0.26852657159596116,,-0.022287353438180866,1.0,-0.0,,-0.022287353438180866,,
Safety,Normalization,0,3,11,203,217,11,3,0.31816722087539906,,-0.02736002394152379,1.0,-0.0,,-0.02736002394152379,,
Safety,Feature encoding,0,3,11,203,217,11,3,0.31816722087539906,,-0.02736002394152379,1.0,-0.0,,-0.02736002394152379,,
Safety,On-chip weight caching,0,2,11,204,217,11,2,0.26852657159596116,,-0.022287353438180866,1.0,-0.0,,-0.022287353438180866,,
Safety,Cache preloading,0,1,11,205,217,11,1,0.19837015644199685,,-0.015723016016341327,1.0,-0.0,,-0.015723016016341327,,
Safety,Prediction/intermediate result caching,0,2,11,204,217,11,2,0.26852657159596116,,-0.022287353438180866,1.0,-0.0,,-0.022287353438180866,,
Safety,Relevant content caching,0,1,11,205,217,11,1,0.19837015644199685,,-0.015723016016341327,1.0,-0.0,,-0.015723016016341327,,
Safety,Light communication protocol usage,0,1,11,205,217,11,1,0.19837015644199685,,-0.015723016016341327,1.0,-0.0,,-0.015723016016341327,,
Safety,Cloud compression and edge reconstruction,0,1,11,205,217,11,1,0.19837015644199685,,-0.015723016016341327,1.0,-0.0,,-0.015723016016341327,,
Safety,Deadline-aware scheduling,0,2,11,204,217,11,2,0.26852657159596116,,-0.022287353438180866,1.0,-0.0,,-0.022287353438180866,,
Safety,Memory scheduling,0,2,11,204,217,11,2,0.26852657159596116,,-0.022287353438180866,1.0,-0.0,,-0.022287353438180866,,
Safety,Multitask Scheduling,0,3,11,203,217,11,3,0.31816722087539906,,-0.02736002394152379,1.0,-0.0,,-0.02736002394152379,,
Safety,Single task assignment,0,1,11,205,217,11,1,0.19837015644199685,,-0.015723016016341327,1.0,-0.0,,-0.015723016016341327,,
Safety,Adaptive model scheduling,0,1,11,205,217,11,1,0.19837015644199685,,-0.015723016016341327,1.0,-0.0,,-0.015723016016341327,,
Safety,Adaptive batching,0,1,11,205,217,11,1,0.19837015644199685,,-0.015723016016341327,1.0,-0.0,,-0.015723016016341327,,
Safety,Sensor duty cycle,0,2,11,204,217,11,2,0.26852657159596116,,-0.022287353438180866,1.0,-0.0,,-0.022287353438180866,,
Safety,Later local processing of encoded features,0,1,11,205,217,11,1,0.19837015644199685,,-0.015723016016341327,1.0,-0.0,,-0.015723016016341327,,
Safety,Concurrent processing hardware,0,7,11,199,217,11,7,0.4428928155200824,,-0.04218927914862858,1.0,-0.0,,-0.04218927914862858,,
Safety,Straggler mitigation,0,1,11,205,217,11,1,0.19837015644199685,,-0.015723016016341327,1.0,-0.0,,-0.015723016016341327,,
Safety,Prediction combination of multi-models,0,1,11,205,217,11,1,0.19837015644199685,,-0.015723016016341327,1.0,-0.0,,-0.015723016016341327,,
Safety,Competing models ,0,1,11,205,217,11,1,0.19837015644199685,,-0.015723016016341327,1.0,-0.0,,-0.015723016016341327,,
Safety,Multi-model of different models,0,6,11,200,217,11,6,0.4181848889381188,,-0.038967014213966714,1.0,-0.0,,-0.038967014213966714,,
Safety,Data-level parallelsim in CNN layer,0,1,11,205,217,11,1,0.19837015644199685,,-0.015723016016341327,1.0,-0.0,,-0.015723016016341327,,
Safety,Event-based processing,0,1,11,205,217,11,1,0.19837015644199685,,-0.015723016016341327,1.0,-0.0,,-0.015723016016341327,,
Safety,Partial layer execution,0,2,11,204,217,11,2,0.26852657159596116,,-0.022287353438180866,1.0,-0.0,,-0.022287353438180866,,
Safety,Matrix-multiplication optimization,0,1,11,205,217,11,1,0.19837015644199685,,-0.015723016016341327,1.0,-0.0,,-0.015723016016341327,,
Safety,Simultaneous memory loading,0,4,11,202,217,11,4,0.3573895939171715,,-0.03166670864907339,1.0,-0.0,,-0.03166670864907339,,
Safety,External computational offloading,0,11,11,195,217,11,11,0.5196946989102006,,-0.05339805825242718,1.0,-0.0,,-0.05339805825242718,,
Safety,Internal computation balancing,0,3,11,203,217,11,3,0.31816722087539906,,-0.02736002394152379,1.0,-0.0,,-0.02736002394152379,,
Safety,Failure prevention or mitigation,0,3,11,203,217,11,3,0.31816722087539906,,-0.02736002394152379,1.0,-0.0,,-0.02736002394152379,,
Safety,Independent model development,0,1,11,205,217,11,1,0.19837015644199685,,-0.015723016016341327,1.0,-0.0,,-0.015723016016341327,,
Safety,Coupled semantic descriptions,0,1,11,205,217,11,1,0.19837015644199685,,-0.015723016016341327,1.0,-0.0,,-0.015723016016341327,,
Safety,Test time adaption,0,2,11,204,217,11,2,0.26852657159596116,,-0.022287353438180866,1.0,-0.0,,-0.022287353438180866,,
Safety,Merging of fault maps,0,1,11,205,217,11,1,0.19837015644199685,,-0.015723016016341327,1.0,-0.0,,-0.015723016016341327,,
Safety,High-level synthesis,0,1,11,205,217,11,1,0.19837015644199685,,-0.015723016016341327,1.0,-0.0,,-0.015723016016341327,,
Safety,Post-hoc uncertainty calibration ,0,1,11,205,217,11,1,0.19837015644199685,,-0.015723016016341327,1.0,-0.0,,-0.015723016016341327,,
Resiliency,Pruning,0,23,8,186,217,8,23,0.5951791536427324,,-0.06736509141872886,1.0,-0.0,,-0.06736509141872886,,
Resiliency,Post-training quantization,0,1,8,208,217,8,1,0.17185068465818631,,-0.013312051063847861,1.0,-0.0,,-0.013312051063847861,,
Resiliency,Huffman coding,0,1,8,208,217,8,1,0.17185068465818631,,-0.013312051063847861,1.0,-0.0,,-0.013312051063847861,,
Resiliency,Ablation,0,1,8,208,217,8,1,0.17185068465818631,,-0.013312051063847861,1.0,-0.0,,-0.013312051063847861,,
Resiliency,Mixed-precision compression,0,5,8,204,217,8,5,0.3440278999511197,,-0.030046156302116094,1.0,-0.0,,-0.030046156302116094,,
Resiliency,Integer-only operations,0,11,8,198,217,8,11,0.46494662353884153,,-0.045210007890842445,1.0,-0.0,,-0.045210007890842445,,
Resiliency,Parameter amount reduction,0,2,8,207,217,8,2,0.2340716616353513,,-0.01886981395546065,1.0,-0.0,,-0.01886981395546065,,
Resiliency,Binary and ternary weights training,0,1,8,208,217,8,1,0.17185068465818631,,-0.013312051063847861,1.0,-0.0,,-0.013312051063847861,,
Resiliency,Quantization-aware training,0,3,8,206,217,8,3,0.27862677921159384,,-0.02316464191342957,1.0,-0.0,,-0.02316464191342957,,
Resiliency,Binary weights and activations,0,6,8,203,217,8,6,0.36990218853360224,,-0.032991818012706994,1.0,-0.0,,-0.032991818012706994,,
Resiliency,Ternary weights and activations 2-bit,0,5,8,204,217,8,5,0.3440278999511197,,-0.030046156302116094,1.0,-0.0,,-0.030046156302116094,,
Resiliency,Tenary weights,0,4,8,205,217,8,4,0.31416871149888526,,-0.026810940224339365,1.0,-0.0,,-0.026810940224339365,,
Resiliency,ADMM-based compression,0,4,8,205,217,8,4,0.31416871149888526,,-0.026810940224339365,1.0,-0.0,,-0.026810940224339365,,
Resiliency,Sparsification,0,10,8,199,217,8,10,0.44914562337133124,,-0.04300180423229903,1.0,-0.0,,-0.04300180423229903,,
Resiliency,Weight sharing,0,1,8,208,217,8,1,0.17185068465818631,,-0.013312051063847861,1.0,-0.0,,-0.013312051063847861,,
Resiliency,Weight grouping,0,1,8,208,217,8,1,0.17185068465818631,,-0.013312051063847861,1.0,-0.0,,-0.013312051063847861,,
Resiliency,Node masking,0,1,8,208,217,8,1,0.17185068465818631,,-0.013312051063847861,1.0,-0.0,,-0.013312051063847861,,
Resiliency,Diagonal scalar weight matrix,0,1,8,208,217,8,1,0.17185068465818631,,-0.013312051063847861,1.0,-0.0,,-0.013312051063847861,,
Resiliency,Matrix reusing,0,1,8,208,217,8,1,0.17185068465818631,,-0.013312051063847861,1.0,-0.0,,-0.013312051063847861,,
Resiliency,Tensor or matrix decomposition,0,6,8,203,217,8,6,0.36990218853360224,,-0.032991818012706994,1.0,-0.0,,-0.032991818012706994,,
Resiliency,Continous learning,0,1,8,208,217,8,1,0.17185068465818631,,-0.013312051063847861,1.0,-0.0,,-0.013312051063847861,,
Resiliency,Imitation learning,0,1,8,208,217,8,1,0.17185068465818631,,-0.013312051063847861,1.0,-0.0,,-0.013312051063847861,,
Resiliency,Closed-loop learning,0,6,8,203,217,8,6,0.36990218853360224,,-0.032991818012706994,1.0,-0.0,,-0.032991818012706994,,
Resiliency,Self-supervision learning,0,3,8,206,217,8,3,0.27862677921159384,,-0.02316464191342957,1.0,-0.0,,-0.02316464191342957,,
Resiliency,Self-adjusted learning,0,1,8,208,217,8,1,0.17185068465818631,,-0.013312051063847861,1.0,-0.0,,-0.013312051063847861,,
Resiliency,Destillation learning,0,11,8,198,217,8,11,0.46494662353884153,,-0.045210007890842445,1.0,-0.0,,-0.045210007890842445,,
Resiliency,Transfer learning,0,5,8,204,217,8,5,0.3440278999511197,,-0.030046156302116094,1.0,-0.0,,-0.030046156302116094,,
Resiliency,Federated learning,0,2,8,207,217,8,2,0.2340716616353513,,-0.01886981395546065,1.0,-0.0,,-0.01886981395546065,,
Resiliency,End-to-end learning,0,4,8,205,217,8,4,0.31416871149888526,,-0.026810940224339365,1.0,-0.0,,-0.026810940224339365,,
Resiliency,Online training,0,1,8,208,217,8,1,0.17185068465818631,,-0.013312051063847861,1.0,-0.0,,-0.013312051063847861,,
Resiliency,Test-time training,0,1,8,208,217,8,1,0.17185068465818631,,-0.013312051063847861,1.0,-0.0,,-0.013312051063847861,,
Resiliency,Adversarial generation decoupling,0,1,8,208,217,8,1,0.17185068465818631,,-0.013312051063847861,1.0,-0.0,,-0.013312051063847861,,
Resiliency,Incremental training with sensor data,0,2,8,207,217,8,2,0.2340716616353513,,-0.01886981395546065,1.0,-0.0,,-0.01886981395546065,,
Resiliency,Inclusion of wrong labeled data in training,0,1,8,208,217,8,1,0.17185068465818631,,-0.013312051063847861,1.0,-0.0,,-0.013312051063847861,,
Resiliency,Training with unlabed data,0,2,8,207,217,8,2,0.2340716616353513,,-0.01886981395546065,1.0,-0.0,,-0.01886981395546065,,
Resiliency,Standard training on fully labeled datasets,0,3,8,206,217,8,3,0.27862677921159384,,-0.02316464191342957,1.0,-0.0,,-0.02316464191342957,,
Resiliency,On-device local training,0,3,8,206,217,8,3,0.27862677921159384,,-0.02316464191342957,1.0,-0.0,,-0.02316464191342957,,
Resiliency,Training with gradient noise,0,2,8,207,217,8,2,0.2340716616353513,,-0.01886981395546065,1.0,-0.0,,-0.01886981395546065,,
Resiliency,Contrastive representation learning,0,1,8,208,217,8,1,0.17185068465818631,,-0.013312051063847861,1.0,-0.0,,-0.013312051063847861,,
Resiliency,Training optimization algorithm selection or adaptation,0,11,8,198,217,8,11,0.46494662353884153,,-0.045210007890842445,1.0,-0.0,,-0.045210007890842445,,
Resiliency,Training loss function selection or adaptation,0,5,8,204,217,8,5,0.3440278999511197,,-0.030046156302116094,1.0,-0.0,,-0.030046156302116094,,
Resiliency,Label smooting,0,2,8,207,217,8,2,0.2340716616353513,,-0.01886981395546065,1.0,-0.0,,-0.01886981395546065,,
Resiliency,Training loss early stopping,0,1,8,208,217,8,1,0.17185068465818631,,-0.013312051063847861,1.0,-0.0,,-0.013312051063847861,,
Resiliency,Weight initialization random,0,1,8,208,217,8,1,0.17185068465818631,,-0.013312051063847861,1.0,-0.0,,-0.013312051063847861,,
Resiliency,Pretraining,0,3,8,206,217,8,3,0.27862677921159384,,-0.02316464191342957,1.0,-0.0,,-0.02316464191342957,,
Resiliency,Suppress redundant channel activations,0,1,8,208,217,8,1,0.17185068465818631,,-0.013312051063847861,1.0,-0.0,,-0.013312051063847861,,
Resiliency,Regularization training,0,8,8,201,217,8,8,0.4133537804899682,,-0.03827751196172249,1.0,-0.0,,-0.03827751196172249,,
Resiliency,Training with uncertainty measures,0,1,8,208,217,8,1,0.17185068465818631,,-0.013312051063847861,1.0,-0.0,,-0.013312051063847861,,
Resiliency,Retraining for fine tuning,0,4,8,205,217,8,4,0.31416871149888526,,-0.026810940224339365,1.0,-0.0,,-0.026810940224339365,,
Resiliency,Quantization-aware retraining,0,3,8,206,217,8,3,0.27862677921159384,,-0.02316464191342957,1.0,-0.0,,-0.02316464191342957,,
Resiliency,Automatic retraining and deployment triggering,0,1,8,208,217,8,1,0.17185068465818631,,-0.013312051063847861,1.0,-0.0,,-0.013312051063847861,,
Resiliency,Training with adversarial noise,0,4,8,205,217,8,4,0.31416871149888526,,-0.026810940224339365,1.0,-0.0,,-0.026810940224339365,,
Resiliency,Heuristics-driven augmentation,0,5,8,204,217,8,5,0.3440278999511197,,-0.030046156302116094,1.0,-0.0,,-0.030046156302116094,,
Resiliency,Data-driven augmentations,0,1,8,208,217,8,1,0.17185068465818631,,-0.013312051063847861,1.0,-0.0,,-0.013312051063847861,,
Resiliency,Modular system design,0,2,8,207,217,8,2,0.2340716616353513,,-0.01886981395546065,1.0,-0.0,,-0.01886981395546065,,
Resiliency,Sensor ring architecture,0,1,8,208,217,8,1,0.17185068465818631,,-0.013312051063847861,1.0,-0.0,,-0.013312051063847861,,
Resiliency,Containerization,0,3,8,206,217,8,3,0.27862677921159384,,-0.02316464191342957,1.0,-0.0,,-0.02316464191342957,,
Resiliency,Specific model type selection,0,4,8,205,217,8,4,0.31416871149888526,,-0.026810940224339365,1.0,-0.0,,-0.026810940224339365,,
Resiliency,TPU SoC or Accelerator Hardware ,0,5,8,204,217,8,5,0.3440278999511197,,-0.030046156302116094,1.0,-0.0,,-0.030046156302116094,,
Resiliency,Edge compute hardware,0,4,8,205,217,8,4,0.31416871149888526,,-0.026810940224339365,1.0,-0.0,,-0.026810940224339365,,
Resiliency,Library Encapsulation,0,1,8,208,217,8,1,0.17185068465818631,,-0.013312051063847861,1.0,-0.0,,-0.013312051063847861,,
Resiliency,Deployment pipeline creation,0,3,8,206,217,8,3,0.27862677921159384,,-0.02316464191342957,1.0,-0.0,,-0.02316464191342957,,
Resiliency,Model pool for deployment,0,1,8,208,217,8,1,0.17185068465818631,,-0.013312051063847861,1.0,-0.0,,-0.013312051063847861,,
Resiliency,Network combination,0,3,8,206,217,8,3,0.27862677921159384,,-0.02316464191342957,1.0,-0.0,,-0.02316464191342957,,
Resiliency,Network partitioning,0,9,8,200,217,8,9,0.4320292879878078,,-0.040696910181778685,1.0,-0.0,,-0.040696910181778685,,
Resiliency,Weight averaging,0,1,8,208,217,8,1,0.17185068465818631,,-0.013312051063847861,1.0,-0.0,,-0.013312051063847861,,
Resiliency,Input resolution adjustment,0,3,8,206,217,8,3,0.27862677921159384,,-0.02316464191342957,1.0,-0.0,,-0.02316464191342957,,
Resiliency,Sensor or input data fusion,0,5,8,204,217,8,5,0.3440278999511197,,-0.030046156302116094,1.0,-0.0,,-0.030046156302116094,,
Resiliency,Sliding Window,0,1,8,208,217,8,1,0.17185068465818631,,-0.013312051063847861,1.0,-0.0,,-0.013312051063847861,,
Resiliency,Frame rate reduction,0,2,8,207,217,8,2,0.2340716616353513,,-0.01886981395546065,1.0,-0.0,,-0.01886981395546065,,
Resiliency,Input spatial partitioning,0,1,8,208,217,8,1,0.17185068465818631,,-0.013312051063847861,1.0,-0.0,,-0.013312051063847861,,
Resiliency,Input contrast improvement,0,1,8,208,217,8,1,0.17185068465818631,,-0.013312051063847861,1.0,-0.0,,-0.013312051063847861,,
Resiliency,Input modification,0,2,8,207,217,8,2,0.2340716616353513,,-0.01886981395546065,1.0,-0.0,,-0.01886981395546065,,
Resiliency,Sequential input fusion,0,1,8,208,217,8,1,0.17185068465818631,,-0.013312051063847861,1.0,-0.0,,-0.013312051063847861,,
Resiliency,Signal overwriting,0,1,8,208,217,8,1,0.17185068465818631,,-0.013312051063847861,1.0,-0.0,,-0.013312051063847861,,
Resiliency,Denoising,0,2,8,207,217,8,2,0.2340716616353513,,-0.01886981395546065,1.0,-0.0,,-0.01886981395546065,,
Resiliency,Robust feature extraction,0,2,8,207,217,8,2,0.2340716616353513,,-0.01886981395546065,1.0,-0.0,,-0.01886981395546065,,
Resiliency,Post-processing,0,1,8,208,217,8,1,0.17185068465818631,,-0.013312051063847861,1.0,-0.0,,-0.013312051063847861,,
Resiliency,Decision smoothing,0,1,8,208,217,8,1,0.17185068465818631,,-0.013312051063847861,1.0,-0.0,,-0.013312051063847861,,
Resiliency,Width adjustment,0,15,8,194,217,8,15,0.5182339919776623,,-0.053314064768202635,1.0,-0.0,,-0.053314064768202635,,
Resiliency,Depth adjustment,0,12,8,197,217,8,12,0.47962067632936145,,-0.04733534458034348,1.0,-0.0,,-0.04733534458034348,,
Resiliency,Last stage reduction,0,1,8,208,217,8,1,0.17185068465818631,,-0.013312051063847861,1.0,-0.0,,-0.013312051063847861,,
Resiliency,New or specific layer module,0,5,8,204,217,8,5,0.3440278999511197,,-0.030046156302116094,1.0,-0.0,,-0.030046156302116094,,
Resiliency,Model fusion,0,1,8,208,217,8,1,0.17185068465818631,,-0.013312051063847861,1.0,-0.0,,-0.013312051063847861,,
Resiliency,Kernel regularization,0,1,8,208,217,8,1,0.17185068465818631,,-0.013312051063847861,1.0,-0.0,,-0.013312051063847861,,
Resiliency,Regularization,0,7,8,202,217,8,7,0.3927942914850693,,-0.035719981318454656,1.0,-0.0,,-0.035719981318454656,,
Resiliency,Early-exit inference,0,4,8,205,217,8,4,0.31416871149888526,,-0.026810940224339365,1.0,-0.0,,-0.026810940224339365,,
Resiliency,Additional side branches with uncertainty measures,0,2,8,207,217,8,2,0.2340716616353513,,-0.01886981395546065,1.0,-0.0,,-0.01886981395546065,,
Resiliency,Bottleneck module,0,2,8,207,217,8,2,0.2340716616353513,,-0.01886981395546065,1.0,-0.0,,-0.01886981395546065,,
Resiliency,Separation of convolutional kernels,0,2,8,207,217,8,2,0.2340716616353513,,-0.01886981395546065,1.0,-0.0,,-0.01886981395546065,,
Resiliency,Depthwise-separable convolution layers,0,2,8,207,217,8,2,0.2340716616353513,,-0.01886981395546065,1.0,-0.0,,-0.01886981395546065,,
Resiliency,Convolution unfolding,0,1,8,208,217,8,1,0.17185068465818631,,-0.013312051063847861,1.0,-0.0,,-0.013312051063847861,,
Resiliency,Activation function selection,0,4,8,205,217,8,4,0.31416871149888526,,-0.026810940224339365,1.0,-0.0,,-0.026810940224339365,,
Resiliency,Layer fusion,0,1,8,208,217,8,1,0.17185068465818631,,-0.013312051063847861,1.0,-0.0,,-0.013312051063847861,,
Resiliency,Fault-map-based neuron re-mapping,0,1,8,208,217,8,1,0.17185068465818631,,-0.013312051063847861,1.0,-0.0,,-0.013312051063847861,,
Resiliency,Multiscale feature processing architectures,0,1,8,208,217,8,1,0.17185068465818631,,-0.013312051063847861,1.0,-0.0,,-0.013312051063847861,,
Resiliency,Architecture design through math. optimization,0,5,8,204,217,8,5,0.3440278999511197,,-0.030046156302116094,1.0,-0.0,,-0.030046156302116094,,
Resiliency,Architecture design optimization with reinforcement learning,0,2,8,207,217,8,2,0.2340716616353513,,-0.01886981395546065,1.0,-0.0,,-0.01886981395546065,,
Resiliency,Model format conversion,0,2,8,207,217,8,2,0.2340716616353513,,-0.01886981395546065,1.0,-0.0,,-0.01886981395546065,,
Resiliency,Policy conversion,0,1,8,208,217,8,1,0.17185068465818631,,-0.013312051063847861,1.0,-0.0,,-0.013312051063847861,,
Resiliency,Feature encoding,0,3,8,206,217,8,3,0.27862677921159384,,-0.02316464191342957,1.0,-0.0,,-0.02316464191342957,,
Resiliency,On-chip weight caching,0,2,8,207,217,8,2,0.2340716616353513,,-0.01886981395546065,1.0,-0.0,,-0.01886981395546065,,
Resiliency,Cache preloading,0,1,8,208,217,8,1,0.17185068465818631,,-0.013312051063847861,1.0,-0.0,,-0.013312051063847861,,
Resiliency,Prediction/intermediate result caching,0,2,8,207,217,8,2,0.2340716616353513,,-0.01886981395546065,1.0,-0.0,,-0.01886981395546065,,
Resiliency,Relevant content caching,0,1,8,208,217,8,1,0.17185068465818631,,-0.013312051063847861,1.0,-0.0,,-0.013312051063847861,,
Resiliency,Light communication protocol usage,0,1,8,208,217,8,1,0.17185068465818631,,-0.013312051063847861,1.0,-0.0,,-0.013312051063847861,,
Resiliency,Cloud compression and edge reconstruction,0,1,8,208,217,8,1,0.17185068465818631,,-0.013312051063847861,1.0,-0.0,,-0.013312051063847861,,
Resiliency,Deadline-aware scheduling,0,2,8,207,217,8,2,0.2340716616353513,,-0.01886981395546065,1.0,-0.0,,-0.01886981395546065,,
Resiliency,Memory scheduling,0,2,8,207,217,8,2,0.2340716616353513,,-0.01886981395546065,1.0,-0.0,,-0.01886981395546065,,
Resiliency,Multitask Scheduling,0,3,8,206,217,8,3,0.27862677921159384,,-0.02316464191342957,1.0,-0.0,,-0.02316464191342957,,
Resiliency,Single task assignment,0,1,8,208,217,8,1,0.17185068465818631,,-0.013312051063847861,1.0,-0.0,,-0.013312051063847861,,
Resiliency,Adaptive model scheduling,0,1,8,208,217,8,1,0.17185068465818631,,-0.013312051063847861,1.0,-0.0,,-0.013312051063847861,,
Resiliency,Adaptive batching,0,1,8,208,217,8,1,0.17185068465818631,,-0.013312051063847861,1.0,-0.0,,-0.013312051063847861,,
Resiliency,Sensor duty cycle,0,2,8,207,217,8,2,0.2340716616353513,,-0.01886981395546065,1.0,-0.0,,-0.01886981395546065,,
Resiliency,Later local processing of encoded features,0,1,8,208,217,8,1,0.17185068465818631,,-0.013312051063847861,1.0,-0.0,,-0.013312051063847861,,
Resiliency,Concurrent processing hardware,0,7,8,202,217,8,7,0.3927942914850693,,-0.035719981318454656,1.0,-0.0,,-0.035719981318454656,,
Resiliency,Straggler mitigation,0,1,8,208,217,8,1,0.17185068465818631,,-0.013312051063847861,1.0,-0.0,,-0.013312051063847861,,
Resiliency,Prediction combination of multi-models,0,1,8,208,217,8,1,0.17185068465818631,,-0.013312051063847861,1.0,-0.0,,-0.013312051063847861,,
Resiliency,Competing models ,0,1,8,208,217,8,1,0.17185068465818631,,-0.013312051063847861,1.0,-0.0,,-0.013312051063847861,,
Resiliency,Multi-model of different models,0,6,8,203,217,8,6,0.36990218853360224,,-0.032991818012706994,1.0,-0.0,,-0.032991818012706994,,
Resiliency,Task-level parallelism on CNN layer-level,0,9,8,200,217,8,9,0.4320292879878078,,-0.040696910181778685,1.0,-0.0,,-0.040696910181778685,,
Resiliency,Data-level parallelsim in CNN layer,0,1,8,208,217,8,1,0.17185068465818631,,-0.013312051063847861,1.0,-0.0,,-0.013312051063847861,,
Resiliency,Event-based processing,0,1,8,208,217,8,1,0.17185068465818631,,-0.013312051063847861,1.0,-0.0,,-0.013312051063847861,,
Resiliency,Partial layer execution,0,2,8,207,217,8,2,0.2340716616353513,,-0.01886981395546065,1.0,-0.0,,-0.01886981395546065,,
Resiliency,Matrix-multiplication optimization,0,1,8,208,217,8,1,0.17185068465818631,,-0.013312051063847861,1.0,-0.0,,-0.013312051063847861,,
Resiliency,Simultaneous memory loading,0,4,8,205,217,8,4,0.31416871149888526,,-0.026810940224339365,1.0,-0.0,,-0.026810940224339365,,
Resiliency,External computational offloading,0,11,8,198,217,8,11,0.46494662353884153,,-0.045210007890842445,1.0,-0.0,,-0.045210007890842445,,
Resiliency,Internal computation balancing,0,3,8,206,217,8,3,0.27862677921159384,,-0.02316464191342957,1.0,-0.0,,-0.02316464191342957,,
Resiliency,Quantitative sensor selection,0,1,8,208,217,8,1,0.17185068465818631,,-0.013312051063847861,1.0,-0.0,,-0.013312051063847861,,
Resiliency,Out-of-distribution detection,0,3,8,206,217,8,3,0.27862677921159384,,-0.02316464191342957,1.0,-0.0,,-0.02316464191342957,,
Resiliency,Independent model development,0,1,8,208,217,8,1,0.17185068465818631,,-0.013312051063847861,1.0,-0.0,,-0.013312051063847861,,
Resiliency,Coupled semantic descriptions,0,1,8,208,217,8,1,0.17185068465818631,,-0.013312051063847861,1.0,-0.0,,-0.013312051063847861,,
Resiliency,High-level synthesis,0,1,8,208,217,8,1,0.17185068465818631,,-0.013312051063847861,1.0,-0.0,,-0.013312051063847861,,
Indenpendency/Autonomy,Post-training quantization,0,1,5,211,217,5,1,0.13849222534596417,,-0.010449372136989982,1.0,-0.0,,-0.010449372136989982,,
Indenpendency/Autonomy,Huffman coding,0,1,5,211,217,5,1,0.13849222534596417,,-0.010449372136989982,1.0,-0.0,,-0.010449372136989982,,
Indenpendency/Autonomy,Ablation,0,1,5,211,217,5,1,0.13849222534596417,,-0.010449372136989982,1.0,-0.0,,-0.010449372136989982,,
Indenpendency/Autonomy,Mixed-precision compression,0,5,5,207,217,5,5,0.28346868942621073,,-0.02358490566037736,1.0,-0.0,,-0.02358490566037736,,
Indenpendency/Autonomy,Integer-only operations,0,11,5,201,217,5,11,0.3900713113329324,,-0.035487859421650524,1.0,-0.0,,-0.035487859421650524,,
Indenpendency/Autonomy,Parameter amount reduction,0,2,5,210,217,5,2,0.19007895443513734,,-0.014811970539375384,1.0,-0.0,,-0.014811970539375384,,
Indenpendency/Autonomy,Binary and ternary weights training,0,1,5,211,217,5,1,0.13849222534596417,,-0.010449372136989982,1.0,-0.0,,-0.010449372136989982,,
Indenpendency/Autonomy,Quantization-aware training,0,3,5,209,217,5,3,0.22755841388363107,,-0.0181832207984015,1.0,-0.0,,-0.0181832207984015,,
Indenpendency/Autonomy,Binary weights and activations,0,6,5,206,217,5,6,0.30590634059779964,,-0.02589712000330745,1.0,-0.0,,-0.02589712000330745,,
Indenpendency/Autonomy,Ternary weights and activations 2-bit,0,5,5,207,217,5,5,0.28346868942621073,,-0.02358490566037736,1.0,-0.0,,-0.02358490566037736,,
Indenpendency/Autonomy,Tenary weights,0,4,5,208,217,5,4,0.25780435421065095,,-0.021045403927840392,1.0,-0.0,,-0.021045403927840392,,
Indenpendency/Autonomy,ADMM-based compression,0,4,5,208,217,5,4,0.25780435421065095,,-0.021045403927840392,1.0,-0.0,,-0.021045403927840392,,
Indenpendency/Autonomy,Sparsification,0,10,5,202,217,5,10,0.37587494422173906,,-0.03375451707855759,1.0,-0.0,,-0.03375451707855759,,
Indenpendency/Autonomy,Weight sharing,0,1,5,211,217,5,1,0.13849222534596417,,-0.010449372136989982,1.0,-0.0,,-0.010449372136989982,,
Indenpendency/Autonomy,Weight grouping,0,1,5,211,217,5,1,0.13849222534596417,,-0.010449372136989982,1.0,-0.0,,-0.010449372136989982,,
Indenpendency/Autonomy,Node masking,0,1,5,211,217,5,1,0.13849222534596417,,-0.010449372136989982,1.0,-0.0,,-0.010449372136989982,,
Indenpendency/Autonomy,Diagonal scalar weight matrix,0,1,5,211,217,5,1,0.13849222534596417,,-0.010449372136989982,1.0,-0.0,,-0.010449372136989982,,
Indenpendency/Autonomy,Matrix reusing,0,1,5,211,217,5,1,0.13849222534596417,,-0.010449372136989982,1.0,-0.0,,-0.010449372136989982,,
Indenpendency/Autonomy,Smaller computation datatype,0,7,5,205,217,5,7,0.32591921680074,,-0.02803860770460221,1.0,-0.0,,-0.02803860770460221,,
Indenpendency/Autonomy,Tensor or matrix decomposition,0,6,5,206,217,5,6,0.30590634059779964,,-0.02589712000330745,1.0,-0.0,,-0.02589712000330745,,
Indenpendency/Autonomy,Continous learning,0,1,5,211,217,5,1,0.13849222534596417,,-0.010449372136989982,1.0,-0.0,,-0.010449372136989982,,
Indenpendency/Autonomy,Imitation learning,0,1,5,211,217,5,1,0.13849222534596417,,-0.010449372136989982,1.0,-0.0,,-0.010449372136989982,,
Indenpendency/Autonomy,Self-supervision learning,0,3,5,209,217,5,3,0.22755841388363107,,-0.0181832207984015,1.0,-0.0,,-0.0181832207984015,,
Indenpendency/Autonomy,Self-adjusted learning,0,1,5,211,217,5,1,0.13849222534596417,,-0.010449372136989982,1.0,-0.0,,-0.010449372136989982,,
Indenpendency/Autonomy,Destillation learning,0,11,5,201,217,5,11,0.3900713113329324,,-0.035487859421650524,1.0,-0.0,,-0.035487859421650524,,
Indenpendency/Autonomy,Transfer learning,0,5,5,207,217,5,5,0.28346868942621073,,-0.02358490566037736,1.0,-0.0,,-0.02358490566037736,,
Indenpendency/Autonomy,Federated learning,0,2,5,210,217,5,2,0.19007895443513734,,-0.014811970539375384,1.0,-0.0,,-0.014811970539375384,,
Indenpendency/Autonomy,End-to-end learning,0,4,5,208,217,5,4,0.25780435421065095,,-0.021045403927840392,1.0,-0.0,,-0.021045403927840392,,
Indenpendency/Autonomy,Few-shot learning,0,4,5,208,217,5,4,0.25780435421065095,,-0.021045403927840392,1.0,-0.0,,-0.021045403927840392,,
Indenpendency/Autonomy,Online training,0,1,5,211,217,5,1,0.13849222534596417,,-0.010449372136989982,1.0,-0.0,,-0.010449372136989982,,
Indenpendency/Autonomy,Test-time training,0,1,5,211,217,5,1,0.13849222534596417,,-0.010449372136989982,1.0,-0.0,,-0.010449372136989982,,
Indenpendency/Autonomy,Fault tolerant training,0,4,5,208,217,5,4,0.25780435421065095,,-0.021045403927840392,1.0,-0.0,,-0.021045403927840392,,
Indenpendency/Autonomy,Adversarial training,0,28,5,184,217,5,28,0.5456150977214722,,-0.05911057517765905,1.0,-0.0,,-0.05911057517765905,,
Indenpendency/Autonomy,Adversarial generation decoupling,0,1,5,211,217,5,1,0.13849222534596417,,-0.010449372136989982,1.0,-0.0,,-0.010449372136989982,,
Indenpendency/Autonomy,Inclusion of wrong labeled data in training,0,1,5,211,217,5,1,0.13849222534596417,,-0.010449372136989982,1.0,-0.0,,-0.010449372136989982,,
Indenpendency/Autonomy,Training with unlabed data,0,2,5,210,217,5,2,0.19007895443513734,,-0.014811970539375384,1.0,-0.0,,-0.014811970539375384,,
Indenpendency/Autonomy,Standard training on fully labeled datasets,0,3,5,209,217,5,3,0.22755841388363107,,-0.0181832207984015,1.0,-0.0,,-0.0181832207984015,,
Indenpendency/Autonomy,Training with gradient noise,0,2,5,210,217,5,2,0.19007895443513734,,-0.014811970539375384,1.0,-0.0,,-0.014811970539375384,,
Indenpendency/Autonomy,Contrastive representation learning,0,1,5,211,217,5,1,0.13849222534596417,,-0.010449372136989982,1.0,-0.0,,-0.010449372136989982,,
Indenpendency/Autonomy,Training loss function selection or adaptation,0,5,5,207,217,5,5,0.28346868942621073,,-0.02358490566037736,1.0,-0.0,,-0.02358490566037736,,
Indenpendency/Autonomy,Label smooting,0,2,5,210,217,5,2,0.19007895443513734,,-0.014811970539375384,1.0,-0.0,,-0.014811970539375384,,
Indenpendency/Autonomy,Training loss early stopping,0,1,5,211,217,5,1,0.13849222534596417,,-0.010449372136989982,1.0,-0.0,,-0.010449372136989982,,
Indenpendency/Autonomy,Weight initialization random,0,1,5,211,217,5,1,0.13849222534596417,,-0.010449372136989982,1.0,-0.0,,-0.010449372136989982,,
Indenpendency/Autonomy,Pretraining,0,3,5,209,217,5,3,0.22755841388363107,,-0.0181832207984015,1.0,-0.0,,-0.0181832207984015,,
Indenpendency/Autonomy,Suppress redundant channel activations,0,1,5,211,217,5,1,0.13849222534596417,,-0.010449372136989982,1.0,-0.0,,-0.010449372136989982,,
Indenpendency/Autonomy,Regularization training,0,8,5,204,217,5,8,0.3440278999511197,,-0.030046156302116094,1.0,-0.0,,-0.030046156302116094,,
Indenpendency/Autonomy,Training with uncertainty measures,0,1,5,211,217,5,1,0.13849222534596417,,-0.010449372136989982,1.0,-0.0,,-0.010449372136989982,,
Indenpendency/Autonomy,Finetuning ,0,10,5,202,217,5,10,0.37587494422173906,,-0.03375451707855759,1.0,-0.0,,-0.03375451707855759,,
Indenpendency/Autonomy,Fault-aware retraining,0,1,5,211,217,5,1,0.13849222534596417,,-0.010449372136989982,1.0,-0.0,,-0.010449372136989982,,
Indenpendency/Autonomy,Retraining for fine tuning,0,4,5,208,217,5,4,0.25780435421065095,,-0.021045403927840392,1.0,-0.0,,-0.021045403927840392,,
Indenpendency/Autonomy,Quantization-aware retraining,0,3,5,209,217,5,3,0.22755841388363107,,-0.0181832207984015,1.0,-0.0,,-0.0181832207984015,,
Indenpendency/Autonomy,Automatic retraining and deployment triggering,0,1,5,211,217,5,1,0.13849222534596417,,-0.010449372136989982,1.0,-0.0,,-0.010449372136989982,,
Indenpendency/Autonomy,Training with adversarial noise,0,4,5,208,217,5,4,0.25780435421065095,,-0.021045403927840392,1.0,-0.0,,-0.021045403927840392,,
Indenpendency/Autonomy,Heuristics-driven augmentation,0,5,5,207,217,5,5,0.28346868942621073,,-0.02358490566037736,1.0,-0.0,,-0.02358490566037736,,
Indenpendency/Autonomy,Data-driven augmentations,0,1,5,211,217,5,1,0.13849222534596417,,-0.010449372136989982,1.0,-0.0,,-0.010449372136989982,,
Indenpendency/Autonomy,Modular system design,0,2,5,210,217,5,2,0.19007895443513734,,-0.014811970539375384,1.0,-0.0,,-0.014811970539375384,,
Indenpendency/Autonomy,Sensor ring architecture,0,1,5,211,217,5,1,0.13849222534596417,,-0.010449372136989982,1.0,-0.0,,-0.010449372136989982,,
Indenpendency/Autonomy,Containerization,0,3,5,209,217,5,3,0.22755841388363107,,-0.0181832207984015,1.0,-0.0,,-0.0181832207984015,,
Indenpendency/Autonomy,Specific model type selection,0,4,5,208,217,5,4,0.25780435421065095,,-0.021045403927840392,1.0,-0.0,,-0.021045403927840392,,
Indenpendency/Autonomy,TPU SoC or Accelerator Hardware ,0,5,5,207,217,5,5,0.28346868942621073,,-0.02358490566037736,1.0,-0.0,,-0.02358490566037736,,
Indenpendency/Autonomy,Library Encapsulation,0,1,5,211,217,5,1,0.13849222534596417,,-0.010449372136989982,1.0,-0.0,,-0.010449372136989982,,
Indenpendency/Autonomy,Deployment pipeline creation,0,3,5,209,217,5,3,0.22755841388363107,,-0.0181832207984015,1.0,-0.0,,-0.0181832207984015,,
Indenpendency/Autonomy,Model pool for deployment,0,1,5,211,217,5,1,0.13849222534596417,,-0.010449372136989982,1.0,-0.0,,-0.010449372136989982,,
Indenpendency/Autonomy,Network combination,0,3,5,209,217,5,3,0.22755841388363107,,-0.0181832207984015,1.0,-0.0,,-0.0181832207984015,,
Indenpendency/Autonomy,Network partitioning,0,9,5,203,217,5,9,0.3605926808381029,,-0.03194527704824932,1.0,-0.0,,-0.03194527704824932,,
Indenpendency/Autonomy,Weight averaging,0,1,5,211,217,5,1,0.13849222534596417,,-0.010449372136989982,1.0,-0.0,,-0.010449372136989982,,
Indenpendency/Autonomy,Input resolution adjustment,0,3,5,209,217,5,3,0.22755841388363107,,-0.0181832207984015,1.0,-0.0,,-0.0181832207984015,,
Indenpendency/Autonomy,Sensor or input data fusion,0,5,5,207,217,5,5,0.28346868942621073,,-0.02358490566037736,1.0,-0.0,,-0.02358490566037736,,
Indenpendency/Autonomy,Sliding Window,0,1,5,211,217,5,1,0.13849222534596417,,-0.010449372136989982,1.0,-0.0,,-0.010449372136989982,,
Indenpendency/Autonomy,Frame rate reduction,0,2,5,210,217,5,2,0.19007895443513734,,-0.014811970539375384,1.0,-0.0,,-0.014811970539375384,,
Indenpendency/Autonomy,Input spatial partitioning,0,1,5,211,217,5,1,0.13849222534596417,,-0.010449372136989982,1.0,-0.0,,-0.010449372136989982,,
Indenpendency/Autonomy,Input contrast improvement,0,1,5,211,217,5,1,0.13849222534596417,,-0.010449372136989982,1.0,-0.0,,-0.010449372136989982,,
Indenpendency/Autonomy,Input modification,0,2,5,210,217,5,2,0.19007895443513734,,-0.014811970539375384,1.0,-0.0,,-0.014811970539375384,,
Indenpendency/Autonomy,Sequential input fusion,0,1,5,211,217,5,1,0.13849222534596417,,-0.010449372136989982,1.0,-0.0,,-0.010449372136989982,,
Indenpendency/Autonomy,Signal overwriting,0,1,5,211,217,5,1,0.13849222534596417,,-0.010449372136989982,1.0,-0.0,,-0.010449372136989982,,
Indenpendency/Autonomy,Denoising,0,2,5,210,217,5,2,0.19007895443513734,,-0.014811970539375384,1.0,-0.0,,-0.014811970539375384,,
Indenpendency/Autonomy,Robust feature extraction,0,2,5,210,217,5,2,0.19007895443513734,,-0.014811970539375384,1.0,-0.0,,-0.014811970539375384,,
Indenpendency/Autonomy,Post-processing,0,1,5,211,217,5,1,0.13849222534596417,,-0.010449372136989982,1.0,-0.0,,-0.010449372136989982,,
Indenpendency/Autonomy,Decision smoothing,0,1,5,211,217,5,1,0.13849222534596417,,-0.010449372136989982,1.0,-0.0,,-0.010449372136989982,,
Indenpendency/Autonomy,Width adjustment,0,15,5,197,217,5,15,0.43861608620107184,,-0.04184918614168131,1.0,-0.0,,-0.04184918614168131,,
Indenpendency/Autonomy,Depth adjustment,0,12,5,200,217,5,12,0.4033339960380281,,-0.03715615485399807,1.0,-0.0,,-0.03715615485399807,,
Indenpendency/Autonomy,Last stage reduction,0,1,5,211,217,5,1,0.13849222534596417,,-0.010449372136989982,1.0,-0.0,,-0.010449372136989982,,
Indenpendency/Autonomy,New or specific layer module,0,5,5,207,217,5,5,0.28346868942621073,,-0.02358490566037736,1.0,-0.0,,-0.02358490566037736,,
Indenpendency/Autonomy,Model fusion,0,1,5,211,217,5,1,0.13849222534596417,,-0.010449372136989982,1.0,-0.0,,-0.010449372136989982,,
Indenpendency/Autonomy,Kernel regularization,0,1,5,211,217,5,1,0.13849222534596417,,-0.010449372136989982,1.0,-0.0,,-0.010449372136989982,,
Indenpendency/Autonomy,Regularization,0,7,5,205,217,5,7,0.32591921680074,,-0.02803860770460221,1.0,-0.0,,-0.02803860770460221,,
Indenpendency/Autonomy,Early-exit inference,0,4,5,208,217,5,4,0.25780435421065095,,-0.021045403927840392,1.0,-0.0,,-0.021045403927840392,,
Indenpendency/Autonomy,Additional side branches with uncertainty measures,0,2,5,210,217,5,2,0.19007895443513734,,-0.014811970539375384,1.0,-0.0,,-0.014811970539375384,,
Indenpendency/Autonomy,Tuner and meta-tuner blocks,0,2,5,210,217,5,2,0.19007895443513734,,-0.014811970539375384,1.0,-0.0,,-0.014811970539375384,,
Indenpendency/Autonomy,Adapter module,0,2,5,210,217,5,2,0.19007895443513734,,-0.014811970539375384,1.0,-0.0,,-0.014811970539375384,,
Indenpendency/Autonomy,Bottleneck module,0,2,5,210,217,5,2,0.19007895443513734,,-0.014811970539375384,1.0,-0.0,,-0.014811970539375384,,
Indenpendency/Autonomy,Separation of convolutional kernels,0,2,5,210,217,5,2,0.19007895443513734,,-0.014811970539375384,1.0,-0.0,,-0.014811970539375384,,
Indenpendency/Autonomy,Depthwise-separable convolution layers,0,2,5,210,217,5,2,0.19007895443513734,,-0.014811970539375384,1.0,-0.0,,-0.014811970539375384,,
Indenpendency/Autonomy,Convolution unfolding,0,1,5,211,217,5,1,0.13849222534596417,,-0.010449372136989982,1.0,-0.0,,-0.010449372136989982,,
Indenpendency/Autonomy,Activation function selection,0,4,5,208,217,5,4,0.25780435421065095,,-0.021045403927840392,1.0,-0.0,,-0.021045403927840392,,
Indenpendency/Autonomy,Layer fusion,0,1,5,211,217,5,1,0.13849222534596417,,-0.010449372136989982,1.0,-0.0,,-0.010449372136989982,,
Indenpendency/Autonomy,Fault-map-based neuron re-mapping,0,1,5,211,217,5,1,0.13849222534596417,,-0.010449372136989982,1.0,-0.0,,-0.010449372136989982,,
Indenpendency/Autonomy,Multiscale feature processing architectures,0,1,5,211,217,5,1,0.13849222534596417,,-0.010449372136989982,1.0,-0.0,,-0.010449372136989982,,
Indenpendency/Autonomy,Architecture design through math. optimization,0,5,5,207,217,5,5,0.28346868942621073,,-0.02358490566037736,1.0,-0.0,,-0.02358490566037736,,
Indenpendency/Autonomy,Neural architecture search,0,10,5,202,217,5,10,0.37587494422173906,,-0.03375451707855759,1.0,-0.0,,-0.03375451707855759,,
Indenpendency/Autonomy,Hardware and Software codesign,0,8,5,204,217,5,8,0.3440278999511197,,-0.030046156302116094,1.0,-0.0,,-0.030046156302116094,,
Indenpendency/Autonomy,Architecture design optimization with reinforcement learning,0,2,5,210,217,5,2,0.19007895443513734,,-0.014811970539375384,1.0,-0.0,,-0.014811970539375384,,
Indenpendency/Autonomy,Model format conversion,0,2,5,210,217,5,2,0.19007895443513734,,-0.014811970539375384,1.0,-0.0,,-0.014811970539375384,,
Indenpendency/Autonomy,Normalization,0,3,5,209,217,5,3,0.22755841388363107,,-0.0181832207984015,1.0,-0.0,,-0.0181832207984015,,
Indenpendency/Autonomy,Policy conversion,0,1,5,211,217,5,1,0.13849222534596417,,-0.010449372136989982,1.0,-0.0,,-0.010449372136989982,,
Indenpendency/Autonomy,Feature encoding,0,3,5,209,217,5,3,0.22755841388363107,,-0.0181832207984015,1.0,-0.0,,-0.0181832207984015,,
Indenpendency/Autonomy,On-chip weight caching,0,2,5,210,217,5,2,0.19007895443513734,,-0.014811970539375384,1.0,-0.0,,-0.014811970539375384,,
Indenpendency/Autonomy,Cache preloading,0,1,5,211,217,5,1,0.13849222534596417,,-0.010449372136989982,1.0,-0.0,,-0.010449372136989982,,
Indenpendency/Autonomy,Prediction/intermediate result caching,0,2,5,210,217,5,2,0.19007895443513734,,-0.014811970539375384,1.0,-0.0,,-0.014811970539375384,,
Indenpendency/Autonomy,Relevant content caching,0,1,5,211,217,5,1,0.13849222534596417,,-0.010449372136989982,1.0,-0.0,,-0.010449372136989982,,
Indenpendency/Autonomy,Light communication protocol usage,0,1,5,211,217,5,1,0.13849222534596417,,-0.010449372136989982,1.0,-0.0,,-0.010449372136989982,,
Indenpendency/Autonomy,Cloud compression and edge reconstruction,0,1,5,211,217,5,1,0.13849222534596417,,-0.010449372136989982,1.0,-0.0,,-0.010449372136989982,,
Indenpendency/Autonomy,Deadline-aware scheduling,0,2,5,210,217,5,2,0.19007895443513734,,-0.014811970539375384,1.0,-0.0,,-0.014811970539375384,,
Indenpendency/Autonomy,Memory scheduling,0,2,5,210,217,5,2,0.19007895443513734,,-0.014811970539375384,1.0,-0.0,,-0.014811970539375384,,
Indenpendency/Autonomy,Multitask Scheduling,0,3,5,209,217,5,3,0.22755841388363107,,-0.0181832207984015,1.0,-0.0,,-0.0181832207984015,,
Indenpendency/Autonomy,Single task assignment,0,1,5,211,217,5,1,0.13849222534596417,,-0.010449372136989982,1.0,-0.0,,-0.010449372136989982,,
Indenpendency/Autonomy,Adaptive model scheduling,0,1,5,211,217,5,1,0.13849222534596417,,-0.010449372136989982,1.0,-0.0,,-0.010449372136989982,,
Indenpendency/Autonomy,Adaptive batching,0,1,5,211,217,5,1,0.13849222534596417,,-0.010449372136989982,1.0,-0.0,,-0.010449372136989982,,
Indenpendency/Autonomy,Sensor duty cycle,0,2,5,210,217,5,2,0.19007895443513734,,-0.014811970539375384,1.0,-0.0,,-0.014811970539375384,,
Indenpendency/Autonomy,Later local processing of encoded features,0,1,5,211,217,5,1,0.13849222534596417,,-0.010449372136989982,1.0,-0.0,,-0.010449372136989982,,
Indenpendency/Autonomy,Concurrent processing hardware,0,7,5,205,217,5,7,0.32591921680074,,-0.02803860770460221,1.0,-0.0,,-0.02803860770460221,,
Indenpendency/Autonomy,Straggler mitigation,0,1,5,211,217,5,1,0.13849222534596417,,-0.010449372136989982,1.0,-0.0,,-0.010449372136989982,,
Indenpendency/Autonomy,Prediction combination of multi-models,0,1,5,211,217,5,1,0.13849222534596417,,-0.010449372136989982,1.0,-0.0,,-0.010449372136989982,,
Indenpendency/Autonomy,Competing models ,0,1,5,211,217,5,1,0.13849222534596417,,-0.010449372136989982,1.0,-0.0,,-0.010449372136989982,,
Indenpendency/Autonomy,Multi-model of different models,0,6,5,206,217,5,6,0.30590634059779964,,-0.02589712000330745,1.0,-0.0,,-0.02589712000330745,,
Indenpendency/Autonomy,Task-level parallelism on CNN layer-level,0,9,5,203,217,5,9,0.3605926808381029,,-0.03194527704824932,1.0,-0.0,,-0.03194527704824932,,
Indenpendency/Autonomy,Data-level parallelsim in CNN layer,0,1,5,211,217,5,1,0.13849222534596417,,-0.010449372136989982,1.0,-0.0,,-0.010449372136989982,,
Indenpendency/Autonomy,Event-based processing,0,1,5,211,217,5,1,0.13849222534596417,,-0.010449372136989982,1.0,-0.0,,-0.010449372136989982,,
Indenpendency/Autonomy,Partial layer execution,0,2,5,210,217,5,2,0.19007895443513734,,-0.014811970539375384,1.0,-0.0,,-0.014811970539375384,,
Indenpendency/Autonomy,Matrix-multiplication optimization,0,1,5,211,217,5,1,0.13849222534596417,,-0.010449372136989982,1.0,-0.0,,-0.010449372136989982,,
Indenpendency/Autonomy,Simultaneous memory loading,0,4,5,208,217,5,4,0.25780435421065095,,-0.021045403927840392,1.0,-0.0,,-0.021045403927840392,,
Indenpendency/Autonomy,External computational offloading,0,11,5,201,217,5,11,0.3900713113329324,,-0.035487859421650524,1.0,-0.0,,-0.035487859421650524,,
Indenpendency/Autonomy,Internal computation balancing,0,3,5,209,217,5,3,0.22755841388363107,,-0.0181832207984015,1.0,-0.0,,-0.0181832207984015,,
Indenpendency/Autonomy,Quantitative sensor selection,0,1,5,211,217,5,1,0.13849222534596417,,-0.010449372136989982,1.0,-0.0,,-0.010449372136989982,,
Indenpendency/Autonomy,Out-of-distribution detection,0,3,5,209,217,5,3,0.22755841388363107,,-0.0181832207984015,1.0,-0.0,,-0.0181832207984015,,
Indenpendency/Autonomy,Failure prevention or mitigation,0,3,5,209,217,5,3,0.22755841388363107,,-0.0181832207984015,1.0,-0.0,,-0.0181832207984015,,
Indenpendency/Autonomy,Independent model development,0,1,5,211,217,5,1,0.13849222534596417,,-0.010449372136989982,1.0,-0.0,,-0.010449372136989982,,
Indenpendency/Autonomy,Coupled semantic descriptions,0,1,5,211,217,5,1,0.13849222534596417,,-0.010449372136989982,1.0,-0.0,,-0.010449372136989982,,
Indenpendency/Autonomy,Test time adaption,0,2,5,210,217,5,2,0.19007895443513734,,-0.014811970539375384,1.0,-0.0,,-0.014811970539375384,,
Indenpendency/Autonomy,Merging of fault maps,0,1,5,211,217,5,1,0.13849222534596417,,-0.010449372136989982,1.0,-0.0,,-0.010449372136989982,,
Indenpendency/Autonomy,High-level synthesis,0,1,5,211,217,5,1,0.13849222534596417,,-0.010449372136989982,1.0,-0.0,,-0.010449372136989982,,
Indenpendency/Autonomy,Post-hoc uncertainty calibration ,0,1,5,211,217,5,1,0.13849222534596417,,-0.010449372136989982,1.0,-0.0,,-0.010449372136989982,,
Interpretability,Pruning,0,23,2,192,217,2,23,0.36374466889678037,,-0.03320923113903483,1.0,-0.0,,-0.03320923113903483,,
Interpretability,Quantization,0,40,2,175,217,2,40,0.44914562337133124,,-0.04584997786664493,1.0,-0.0,,-0.04584997786664493,,
Interpretability,Post-training quantization,0,1,2,214,217,2,1,0.08997290406174518,,-0.006562493591317981,1.0,-0.0,,-0.006562493591317981,,
Interpretability,Huffman coding,0,1,2,214,217,2,1,0.08997290406174518,,-0.006562493591317981,1.0,-0.0,,-0.006562493591317981,,
Interpretability,Ablation,0,1,2,214,217,2,1,0.08997290406174518,,-0.006562493591317981,1.0,-0.0,,-0.006562493591317981,,
Interpretability,Mixed-precision compression,0,5,2,210,217,2,5,0.19007895443513734,,-0.014811970539375384,1.0,-0.0,,-0.014811970539375384,,
Interpretability,Integer-only operations,0,11,2,204,217,2,11,0.26852657159596116,,-0.022287353438180866,1.0,-0.0,,-0.022287353438180866,,
Interpretability,Parameter amount reduction,0,2,2,213,217,2,2,0.12482668095705252,,-0.009302325581395349,1.0,-0.0,,-0.009302325581395349,,
Interpretability,Binary and ternary weights training,0,1,2,214,217,2,1,0.08997290406174518,,-0.006562493591317981,1.0,-0.0,,-0.006562493591317981,,
Interpretability,Quantization-aware training,0,3,2,212,217,2,3,0.15066306992548228,,-0.011419563624939743,1.0,-0.0,,-0.011419563624939743,,
Interpretability,Binary weights and activations,0,6,2,209,217,2,6,0.206212993639731,,-0.016264104850251135,1.0,-0.0,,-0.016264104850251135,,
Interpretability,Ternary weights and activations 2-bit,0,5,2,210,217,2,5,0.19007895443513734,,-0.014811970539375384,1.0,-0.0,,-0.014811970539375384,,
Interpretability,Tenary weights,0,4,2,211,217,2,4,0.17185068465818631,,-0.013217093485861298,1.0,-0.0,,-0.013217093485861298,,
Interpretability,ADMM-based compression,0,4,2,211,217,2,4,0.17185068465818631,,-0.013217093485861298,1.0,-0.0,,-0.013217093485861298,,
Interpretability,Sparsification,0,10,2,205,217,2,10,0.25780435421065095,,-0.02119876669162978,1.0,-0.0,,-0.02119876669162978,,
Interpretability,Weight sharing,0,1,2,214,217,2,1,0.08997290406174518,,-0.006562493591317981,1.0,-0.0,,-0.006562493591317981,,
Interpretability,Weight grouping,0,1,2,214,217,2,1,0.08997290406174518,,-0.006562493591317981,1.0,-0.0,,-0.006562493591317981,,
Interpretability,Node masking,0,1,2,214,217,2,1,0.08997290406174518,,-0.006562493591317981,1.0,-0.0,,-0.006562493591317981,,
Interpretability,Diagonal scalar weight matrix,0,1,2,214,217,2,1,0.08997290406174518,,-0.006562493591317981,1.0,-0.0,,-0.006562493591317981,,
Interpretability,Matrix reusing,0,1,2,214,217,2,1,0.08997290406174518,,-0.006562493591317981,1.0,-0.0,,-0.006562493591317981,,
Interpretability,Smaller computation datatype,0,7,2,208,217,2,7,0.22076594753891132,,-0.017609018126512475,1.0,-0.0,,-0.017609018126512475,,
Interpretability,Tensor or matrix decomposition,0,6,2,209,217,2,6,0.206212993639731,,-0.016264104850251135,1.0,-0.0,,-0.016264104850251135,,
Interpretability,Continous learning,0,1,2,214,217,2,1,0.08997290406174518,,-0.006562493591317981,1.0,-0.0,,-0.006562493591317981,,
Interpretability,Imitation learning,0,1,2,214,217,2,1,0.08997290406174518,,-0.006562493591317981,1.0,-0.0,,-0.006562493591317981,,
Interpretability,Closed-loop learning,0,6,2,209,217,2,6,0.206212993639731,,-0.016264104850251135,1.0,-0.0,,-0.016264104850251135,,
Interpretability,Meta-learning,0,10,2,205,217,2,10,0.25780435421065095,,-0.02119876669162978,1.0,-0.0,,-0.02119876669162978,,
Interpretability,Self-supervision learning,0,3,2,212,217,2,3,0.15066306992548228,,-0.011419563624939743,1.0,-0.0,,-0.011419563624939743,,
Interpretability,Self-adjusted learning,0,1,2,214,217,2,1,0.08997290406174518,,-0.006562493591317981,1.0,-0.0,,-0.006562493591317981,,
Interpretability,Transfer learning,0,5,2,210,217,2,5,0.19007895443513734,,-0.014811970539375384,1.0,-0.0,,-0.014811970539375384,,
Interpretability,Federated learning,0,2,2,213,217,2,2,0.12482668095705252,,-0.009302325581395349,1.0,-0.0,,-0.009302325581395349,,
Interpretability,End-to-end learning,0,4,2,211,217,2,4,0.17185068465818631,,-0.013217093485861298,1.0,-0.0,,-0.013217093485861298,,
Interpretability,Few-shot learning,0,4,2,211,217,2,4,0.17185068465818631,,-0.013217093485861298,1.0,-0.0,,-0.013217093485861298,,
Interpretability,Online training,0,1,2,214,217,2,1,0.08997290406174518,,-0.006562493591317981,1.0,-0.0,,-0.006562493591317981,,
Interpretability,Test-time training,0,1,2,214,217,2,1,0.08997290406174518,,-0.006562493591317981,1.0,-0.0,,-0.006562493591317981,,
Interpretability,Fault tolerant training,0,4,2,211,217,2,4,0.17185068465818631,,-0.013217093485861298,1.0,-0.0,,-0.013217093485861298,,
Interpretability,Adversarial training,0,28,2,187,217,2,28,0.3927942914850693,,-0.037123069759313634,1.0,-0.0,,-0.037123069759313634,,
Interpretability,Adversarial generation decoupling,0,1,2,214,217,2,1,0.08997290406174518,,-0.006562493591317981,1.0,-0.0,,-0.006562493591317981,,
Interpretability,Incremental training with sensor data,0,2,2,213,217,2,2,0.12482668095705252,,-0.009302325581395349,1.0,-0.0,,-0.009302325581395349,,
Interpretability,Inclusion of wrong labeled data in training,0,1,2,214,217,2,1,0.08997290406174518,,-0.006562493591317981,1.0,-0.0,,-0.006562493591317981,,
Interpretability,Training with unlabed data,0,2,2,213,217,2,2,0.12482668095705252,,-0.009302325581395349,1.0,-0.0,,-0.009302325581395349,,
Interpretability,Standard training on fully labeled datasets,0,3,2,212,217,2,3,0.15066306992548228,,-0.011419563624939743,1.0,-0.0,,-0.011419563624939743,,
Interpretability,On-device local training,0,3,2,212,217,2,3,0.15066306992548228,,-0.011419563624939743,1.0,-0.0,,-0.011419563624939743,,
Interpretability,Training with gradient noise,0,2,2,213,217,2,2,0.12482668095705252,,-0.009302325581395349,1.0,-0.0,,-0.009302325581395349,,
Interpretability,Contrastive representation learning,0,1,2,214,217,2,1,0.08997290406174518,,-0.006562493591317981,1.0,-0.0,,-0.006562493591317981,,
Interpretability,Training optimization algorithm selection or adaptation,0,11,2,204,217,2,11,0.26852657159596116,,-0.022287353438180866,1.0,-0.0,,-0.022287353438180866,,
Interpretability,Training loss function selection or adaptation,0,5,2,210,217,2,5,0.19007895443513734,,-0.014811970539375384,1.0,-0.0,,-0.014811970539375384,,
Interpretability,Label smooting,0,2,2,213,217,2,2,0.12482668095705252,,-0.009302325581395349,1.0,-0.0,,-0.009302325581395349,,
Interpretability,Training loss early stopping,0,1,2,214,217,2,1,0.08997290406174518,,-0.006562493591317981,1.0,-0.0,,-0.006562493591317981,,
Interpretability,Weight initialization random,0,1,2,214,217,2,1,0.08997290406174518,,-0.006562493591317981,1.0,-0.0,,-0.006562493591317981,,
Interpretability,Pretraining,0,3,2,212,217,2,3,0.15066306992548228,,-0.011419563624939743,1.0,-0.0,,-0.011419563624939743,,
Interpretability,Suppress redundant channel activations,0,1,2,214,217,2,1,0.08997290406174518,,-0.006562493591317981,1.0,-0.0,,-0.006562493591317981,,
Interpretability,Training with uncertainty measures,0,1,2,214,217,2,1,0.08997290406174518,,-0.006562493591317981,1.0,-0.0,,-0.006562493591317981,,
Interpretability,Finetuning ,0,10,2,205,217,2,10,0.25780435421065095,,-0.02119876669162978,1.0,-0.0,,-0.02119876669162978,,
Interpretability,Fault-aware retraining,0,1,2,214,217,2,1,0.08997290406174518,,-0.006562493591317981,1.0,-0.0,,-0.006562493591317981,,
Interpretability,Retraining for fine tuning,0,4,2,211,217,2,4,0.17185068465818631,,-0.013217093485861298,1.0,-0.0,,-0.013217093485861298,,
Interpretability,Quantization-aware retraining,0,3,2,212,217,2,3,0.15066306992548228,,-0.011419563624939743,1.0,-0.0,,-0.011419563624939743,,
Interpretability,Automatic retraining and deployment triggering,0,1,2,214,217,2,1,0.08997290406174518,,-0.006562493591317981,1.0,-0.0,,-0.006562493591317981,,
Interpretability,Training with adversarial noise,0,4,2,211,217,2,4,0.17185068465818631,,-0.013217093485861298,1.0,-0.0,,-0.013217093485861298,,
Interpretability,Heuristics-driven augmentation,0,5,2,210,217,2,5,0.19007895443513734,,-0.014811970539375384,1.0,-0.0,,-0.014811970539375384,,
Interpretability,Data-driven augmentations,0,1,2,214,217,2,1,0.08997290406174518,,-0.006562493591317981,1.0,-0.0,,-0.006562493591317981,,
Interpretability,Modular system design,0,2,2,213,217,2,2,0.12482668095705252,,-0.009302325581395349,1.0,-0.0,,-0.009302325581395349,,
Interpretability,Sensor ring architecture,0,1,2,214,217,2,1,0.08997290406174518,,-0.006562493591317981,1.0,-0.0,,-0.006562493591317981,,
Interpretability,Containerization,0,3,2,212,217,2,3,0.15066306992548228,,-0.011419563624939743,1.0,-0.0,,-0.011419563624939743,,
Interpretability,Specific model type selection,0,4,2,211,217,2,4,0.17185068465818631,,-0.013217093485861298,1.0,-0.0,,-0.013217093485861298,,
Interpretability,TPU SoC or Accelerator Hardware ,0,5,2,210,217,2,5,0.19007895443513734,,-0.014811970539375384,1.0,-0.0,,-0.014811970539375384,,
Interpretability,Edge compute hardware,0,4,2,211,217,2,4,0.17185068465818631,,-0.013217093485861298,1.0,-0.0,,-0.013217093485861298,,
Interpretability,Library Encapsulation,0,1,2,214,217,2,1,0.08997290406174518,,-0.006562493591317981,1.0,-0.0,,-0.006562493591317981,,
Interpretability,Deployment pipeline creation,0,3,2,212,217,2,3,0.15066306992548228,,-0.011419563624939743,1.0,-0.0,,-0.011419563624939743,,
Interpretability,Model pool for deployment,0,1,2,214,217,2,1,0.08997290406174518,,-0.006562493591317981,1.0,-0.0,,-0.006562493591317981,,
Interpretability,Network combination,0,3,2,212,217,2,3,0.15066306992548228,,-0.011419563624939743,1.0,-0.0,,-0.011419563624939743,,
Interpretability,Network partitioning,0,9,2,206,217,2,9,0.24636168355623522,,-0.020062514106460188,1.0,-0.0,,-0.020062514106460188,,
Interpretability,Weight averaging,0,1,2,214,217,2,1,0.08997290406174518,,-0.006562493591317981,1.0,-0.0,,-0.006562493591317981,,
Interpretability,Input resolution adjustment,0,3,2,212,217,2,3,0.15066306992548228,,-0.011419563624939743,1.0,-0.0,,-0.011419563624939743,,
Interpretability,Sensor or input data fusion,0,5,2,210,217,2,5,0.19007895443513734,,-0.014811970539375384,1.0,-0.0,,-0.014811970539375384,,
Interpretability,Sliding Window,0,1,2,214,217,2,1,0.08997290406174518,,-0.006562493591317981,1.0,-0.0,,-0.006562493591317981,,
Interpretability,Frame rate reduction,0,2,2,213,217,2,2,0.12482668095705252,,-0.009302325581395349,1.0,-0.0,,-0.009302325581395349,,
Interpretability,Input spatial partitioning,0,1,2,214,217,2,1,0.08997290406174518,,-0.006562493591317981,1.0,-0.0,,-0.006562493591317981,,
Interpretability,Input contrast improvement,0,1,2,214,217,2,1,0.08997290406174518,,-0.006562493591317981,1.0,-0.0,,-0.006562493591317981,,
Interpretability,Sequential input fusion,0,1,2,214,217,2,1,0.08997290406174518,,-0.006562493591317981,1.0,-0.0,,-0.006562493591317981,,
Interpretability,Signal overwriting,0,1,2,214,217,2,1,0.08997290406174518,,-0.006562493591317981,1.0,-0.0,,-0.006562493591317981,,
Interpretability,Denoising,0,2,2,213,217,2,2,0.12482668095705252,,-0.009302325581395349,1.0,-0.0,,-0.009302325581395349,,
Interpretability,Robust feature extraction,0,2,2,213,217,2,2,0.12482668095705252,,-0.009302325581395349,1.0,-0.0,,-0.009302325581395349,,
Interpretability,Post-processing,0,1,2,214,217,2,1,0.08997290406174518,,-0.006562493591317981,1.0,-0.0,,-0.006562493591317981,,
Interpretability,Decision smoothing,0,1,2,214,217,2,1,0.08997290406174518,,-0.006562493591317981,1.0,-0.0,,-0.006562493591317981,,
Interpretability,Width adjustment,0,15,2,200,217,2,15,0.30590634059779964,,-0.02628244187844261,1.0,-0.0,,-0.02628244187844261,,
Interpretability,Depth adjustment,0,12,2,203,217,2,12,0.27862677921159384,,-0.0233350889326849,1.0,-0.0,,-0.0233350889326849,,
Interpretability,Last stage reduction,0,1,2,214,217,2,1,0.08997290406174518,,-0.006562493591317981,1.0,-0.0,,-0.006562493591317981,,
Interpretability,New or specific layer module,0,5,2,210,217,2,5,0.19007895443513734,,-0.014811970539375384,1.0,-0.0,,-0.014811970539375384,,
Interpretability,Model fusion,0,1,2,214,217,2,1,0.08997290406174518,,-0.006562493591317981,1.0,-0.0,,-0.006562493591317981,,
Interpretability,Kernel regularization,0,1,2,214,217,2,1,0.08997290406174518,,-0.006562493591317981,1.0,-0.0,,-0.006562493591317981,,
Interpretability,Regularization,0,7,2,208,217,2,7,0.22076594753891132,,-0.017609018126512475,1.0,-0.0,,-0.017609018126512475,,
Interpretability,Early-exit inference,0,4,2,211,217,2,4,0.17185068465818631,,-0.013217093485861298,1.0,-0.0,,-0.013217093485861298,,
Interpretability,Additional side branches with uncertainty measures,0,2,2,213,217,2,2,0.12482668095705252,,-0.009302325581395349,1.0,-0.0,,-0.009302325581395349,,
Interpretability,Tuner and meta-tuner blocks,0,2,2,213,217,2,2,0.12482668095705252,,-0.009302325581395349,1.0,-0.0,,-0.009302325581395349,,
Interpretability,Adapter module,0,2,2,213,217,2,2,0.12482668095705252,,-0.009302325581395349,1.0,-0.0,,-0.009302325581395349,,
Interpretability,Bottleneck module,0,2,2,213,217,2,2,0.12482668095705252,,-0.009302325581395349,1.0,-0.0,,-0.009302325581395349,,
Interpretability,Separation of convolutional kernels,0,2,2,213,217,2,2,0.12482668095705252,,-0.009302325581395349,1.0,-0.0,,-0.009302325581395349,,
Interpretability,Depthwise-separable convolution layers,0,2,2,213,217,2,2,0.12482668095705252,,-0.009302325581395349,1.0,-0.0,,-0.009302325581395349,,
Interpretability,Convolution unfolding,0,1,2,214,217,2,1,0.08997290406174518,,-0.006562493591317981,1.0,-0.0,,-0.006562493591317981,,
Interpretability,Activation function selection,0,4,2,211,217,2,4,0.17185068465818631,,-0.013217093485861298,1.0,-0.0,,-0.013217093485861298,,
Interpretability,Layer fusion,0,1,2,214,217,2,1,0.08997290406174518,,-0.006562493591317981,1.0,-0.0,,-0.006562493591317981,,
Interpretability,Fault-map-based neuron re-mapping,0,1,2,214,217,2,1,0.08997290406174518,,-0.006562493591317981,1.0,-0.0,,-0.006562493591317981,,
Interpretability,Multiscale feature processing architectures,0,1,2,214,217,2,1,0.08997290406174518,,-0.006562493591317981,1.0,-0.0,,-0.006562493591317981,,
Interpretability,Architecture design through math. optimization,0,5,2,210,217,2,5,0.19007895443513734,,-0.014811970539375384,1.0,-0.0,,-0.014811970539375384,,
Interpretability,Neural architecture search,0,10,2,205,217,2,10,0.25780435421065095,,-0.02119876669162978,1.0,-0.0,,-0.02119876669162978,,
Interpretability,Hardware and Software codesign,0,8,2,207,217,2,8,0.2340716616353513,,-0.01886981395546065,1.0,-0.0,,-0.01886981395546065,,
Interpretability,Architecture design optimization with reinforcement learning,0,2,2,213,217,2,2,0.12482668095705252,,-0.009302325581395349,1.0,-0.0,,-0.009302325581395349,,
Interpretability,Model format conversion,0,2,2,213,217,2,2,0.12482668095705252,,-0.009302325581395349,1.0,-0.0,,-0.009302325581395349,,
Interpretability,Normalization,0,3,2,212,217,2,3,0.15066306992548228,,-0.011419563624939743,1.0,-0.0,,-0.011419563624939743,,
Interpretability,Feature encoding,0,3,2,212,217,2,3,0.15066306992548228,,-0.011419563624939743,1.0,-0.0,,-0.011419563624939743,,
Interpretability,On-chip weight caching,0,2,2,213,217,2,2,0.12482668095705252,,-0.009302325581395349,1.0,-0.0,,-0.009302325581395349,,
Interpretability,Cache preloading,0,1,2,214,217,2,1,0.08997290406174518,,-0.006562493591317981,1.0,-0.0,,-0.006562493591317981,,
Interpretability,Prediction/intermediate result caching,0,2,2,213,217,2,2,0.12482668095705252,,-0.009302325581395349,1.0,-0.0,,-0.009302325581395349,,
Interpretability,Relevant content caching,0,1,2,214,217,2,1,0.08997290406174518,,-0.006562493591317981,1.0,-0.0,,-0.006562493591317981,,
Interpretability,Light communication protocol usage,0,1,2,214,217,2,1,0.08997290406174518,,-0.006562493591317981,1.0,-0.0,,-0.006562493591317981,,
Interpretability,Cloud compression and edge reconstruction,0,1,2,214,217,2,1,0.08997290406174518,,-0.006562493591317981,1.0,-0.0,,-0.006562493591317981,,
Interpretability,Deadline-aware scheduling,0,2,2,213,217,2,2,0.12482668095705252,,-0.009302325581395349,1.0,-0.0,,-0.009302325581395349,,
Interpretability,Memory scheduling,0,2,2,213,217,2,2,0.12482668095705252,,-0.009302325581395349,1.0,-0.0,,-0.009302325581395349,,
Interpretability,Multitask Scheduling,0,3,2,212,217,2,3,0.15066306992548228,,-0.011419563624939743,1.0,-0.0,,-0.011419563624939743,,
Interpretability,Single task assignment,0,1,2,214,217,2,1,0.08997290406174518,,-0.006562493591317981,1.0,-0.0,,-0.006562493591317981,,
Interpretability,Adaptive model scheduling,0,1,2,214,217,2,1,0.08997290406174518,,-0.006562493591317981,1.0,-0.0,,-0.006562493591317981,,
Interpretability,Adaptive batching,0,1,2,214,217,2,1,0.08997290406174518,,-0.006562493591317981,1.0,-0.0,,-0.006562493591317981,,
Interpretability,Sensor duty cycle,0,2,2,213,217,2,2,0.12482668095705252,,-0.009302325581395349,1.0,-0.0,,-0.009302325581395349,,
Interpretability,Later local processing of encoded features,0,1,2,214,217,2,1,0.08997290406174518,,-0.006562493591317981,1.0,-0.0,,-0.006562493591317981,,
Interpretability,Concurrent processing hardware,0,7,2,208,217,2,7,0.22076594753891132,,-0.017609018126512475,1.0,-0.0,,-0.017609018126512475,,
Interpretability,Straggler mitigation,0,1,2,214,217,2,1,0.08997290406174518,,-0.006562493591317981,1.0,-0.0,,-0.006562493591317981,,
Interpretability,Prediction combination of multi-models,0,1,2,214,217,2,1,0.08997290406174518,,-0.006562493591317981,1.0,-0.0,,-0.006562493591317981,,
Interpretability,Competing models ,0,1,2,214,217,2,1,0.08997290406174518,,-0.006562493591317981,1.0,-0.0,,-0.006562493591317981,,
Interpretability,Multi-model of different models,0,6,2,209,217,2,6,0.206212993639731,,-0.016264104850251135,1.0,-0.0,,-0.016264104850251135,,
Interpretability,Task-level parallelism on CNN layer-level,0,9,2,206,217,2,9,0.24636168355623522,,-0.020062514106460188,1.0,-0.0,,-0.020062514106460188,,
Interpretability,Data-level parallelsim in CNN layer,0,1,2,214,217,2,1,0.08997290406174518,,-0.006562493591317981,1.0,-0.0,,-0.006562493591317981,,
Interpretability,Event-based processing,0,1,2,214,217,2,1,0.08997290406174518,,-0.006562493591317981,1.0,-0.0,,-0.006562493591317981,,
Interpretability,Partial layer execution,0,2,2,213,217,2,2,0.12482668095705252,,-0.009302325581395349,1.0,-0.0,,-0.009302325581395349,,
Interpretability,Matrix-multiplication optimization,0,1,2,214,217,2,1,0.08997290406174518,,-0.006562493591317981,1.0,-0.0,,-0.006562493591317981,,
Interpretability,Simultaneous memory loading,0,4,2,211,217,2,4,0.17185068465818631,,-0.013217093485861298,1.0,-0.0,,-0.013217093485861298,,
Interpretability,External computational offloading,0,11,2,204,217,2,11,0.26852657159596116,,-0.022287353438180866,1.0,-0.0,,-0.022287353438180866,,
Interpretability,Internal computation balancing,0,3,2,212,217,2,3,0.15066306992548228,,-0.011419563624939743,1.0,-0.0,,-0.011419563624939743,,
Interpretability,Quantitative sensor selection,0,1,2,214,217,2,1,0.08997290406174518,,-0.006562493591317981,1.0,-0.0,,-0.006562493591317981,,
Interpretability,Out-of-distribution detection,0,3,2,212,217,2,3,0.15066306992548228,,-0.011419563624939743,1.0,-0.0,,-0.011419563624939743,,
Interpretability,Failure prevention or mitigation,0,3,2,212,217,2,3,0.15066306992548228,,-0.011419563624939743,1.0,-0.0,,-0.011419563624939743,,
Interpretability,Independent model development,0,1,2,214,217,2,1,0.08997290406174518,,-0.006562493591317981,1.0,-0.0,,-0.006562493591317981,,
Interpretability,Coupled semantic descriptions,0,1,2,214,217,2,1,0.08997290406174518,,-0.006562493591317981,1.0,-0.0,,-0.006562493591317981,,
Interpretability,Test time adaption,0,2,2,213,217,2,2,0.12482668095705252,,-0.009302325581395349,1.0,-0.0,,-0.009302325581395349,,
Interpretability,Merging of fault maps,0,1,2,214,217,2,1,0.08997290406174518,,-0.006562493591317981,1.0,-0.0,,-0.006562493591317981,,
Interpretability,High-level synthesis,0,1,2,214,217,2,1,0.08997290406174518,,-0.006562493591317981,1.0,-0.0,,-0.006562493591317981,,
Interpretability,Post-hoc uncertainty calibration ,0,1,2,214,217,2,1,0.08997290406174518,,-0.006562493591317981,1.0,-0.0,,-0.006562493591317981,,
Verifiability ,Pruning,0,23,1,193,217,1,23,0.2736491391955218,,-0.023428051901170213,1.0,-0.0,,-0.023428051901170213,,
Verifiability ,Quantization,0,40,1,176,217,1,40,0.3440278999511197,,-0.03234569498553233,1.0,-0.0,,-0.03234569498553233,,
Verifiability ,Post-training quantization,0,1,1,215,217,1,1,0.06449301496838222,,-0.004629629629629629,1.0,-0.0,,-0.004629629629629629,,
Verifiability ,Huffman coding,0,1,1,215,217,1,1,0.06449301496838222,,-0.004629629629629629,1.0,-0.0,,-0.004629629629629629,,
Verifiability ,Ablation,0,1,1,215,217,1,1,0.06449301496838222,,-0.004629629629629629,1.0,-0.0,,-0.004629629629629629,,
Verifiability ,Mixed-precision compression,0,5,1,211,217,1,5,0.13849222534596417,,-0.010449372136989982,1.0,-0.0,,-0.010449372136989982,,
Verifiability ,Integer-only operations,0,11,1,205,217,1,11,0.19837015644199685,,-0.015723016016341327,1.0,-0.0,,-0.015723016016341327,,
Verifiability ,Parameter amount reduction,0,2,1,214,217,1,2,0.08997290406174518,,-0.006562493591317981,1.0,-0.0,,-0.006562493591317981,,
Verifiability ,Binary and ternary weights training,0,1,1,215,217,1,1,0.06449301496838222,,-0.004629629629629629,1.0,-0.0,,-0.004629629629629629,,
Verifiability ,Quantization-aware training,0,3,1,213,217,1,3,0.10905274771158924,,-0.008056137408713865,1.0,-0.0,,-0.008056137408713865,,
Verifiability ,Binary weights and activations,0,6,1,210,217,1,6,0.15066306992548228,,-0.011473806513691905,1.0,-0.0,,-0.011473806513691905,,
Verifiability ,Ternary weights and activations 2-bit,0,5,1,211,217,1,5,0.13849222534596417,,-0.010449372136989982,1.0,-0.0,,-0.010449372136989982,,
Verifiability ,Tenary weights,0,4,1,212,217,1,4,0.12482668095705252,,-0.009324237314407657,1.0,-0.0,,-0.009324237314407657,,
Verifiability ,ADMM-based compression,0,4,1,212,217,1,4,0.12482668095705252,,-0.009324237314407657,1.0,-0.0,,-0.009324237314407657,,
Verifiability ,Sparsification,0,10,1,206,217,1,10,0.19007895443513734,,-0.014955052834949042,1.0,-0.0,,-0.014955052834949042,,
Verifiability ,Weight sharing,0,1,1,215,217,1,1,0.06449301496838222,,-0.004629629629629629,1.0,-0.0,,-0.004629629629629629,,
Verifiability ,Weight grouping,0,1,1,215,217,1,1,0.06449301496838222,,-0.004629629629629629,1.0,-0.0,,-0.004629629629629629,,
Verifiability ,Node masking,0,1,1,215,217,1,1,0.06449301496838222,,-0.004629629629629629,1.0,-0.0,,-0.004629629629629629,,
Verifiability ,Diagonal scalar weight matrix,0,1,1,215,217,1,1,0.06449301496838222,,-0.004629629629629629,1.0,-0.0,,-0.004629629629629629,,
Verifiability ,Matrix reusing,0,1,1,215,217,1,1,0.06449301496838222,,-0.004629629629629629,1.0,-0.0,,-0.004629629629629629,,
Verifiability ,Smaller computation datatype,0,7,1,209,217,1,7,0.16170349855334454,,-0.012422599874998832,1.0,-0.0,,-0.012422599874998832,,
Verifiability ,Tensor or matrix decomposition,0,6,1,210,217,1,6,0.15066306992548228,,-0.011473806513691905,1.0,-0.0,,-0.011473806513691905,,
Verifiability ,Continous learning,0,1,1,215,217,1,1,0.06449301496838222,,-0.004629629629629629,1.0,-0.0,,-0.004629629629629629,,
Verifiability ,Imitation learning,0,1,1,215,217,1,1,0.06449301496838222,,-0.004629629629629629,1.0,-0.0,,-0.004629629629629629,,
Verifiability ,Closed-loop learning,0,6,1,210,217,1,6,0.15066306992548228,,-0.011473806513691905,1.0,-0.0,,-0.011473806513691905,,
Verifiability ,Meta-learning,0,10,1,206,217,1,10,0.19007895443513734,,-0.014955052834949042,1.0,-0.0,,-0.014955052834949042,,
Verifiability ,Self-supervision learning,0,3,1,213,217,1,3,0.10905274771158924,,-0.008056137408713865,1.0,-0.0,,-0.008056137408713865,,
Verifiability ,Self-adjusted learning,0,1,1,215,217,1,1,0.06449301496838222,,-0.004629629629629629,1.0,-0.0,,-0.004629629629629629,,
Verifiability ,Destillation learning,1,10,0,206,217,1,11,0.19837015644199685,,0.2944492090333012,0.05069124423963133,0.4316890162301015,,0.2944492090333012,,
Verifiability ,Transfer learning,0,5,1,211,217,1,5,0.13849222534596417,,-0.010449372136989982,1.0,-0.0,,-0.010449372136989982,,
Verifiability ,Federated learning,0,2,1,214,217,1,2,0.08997290406174518,,-0.006562493591317981,1.0,-0.0,,-0.006562493591317981,,
Verifiability ,End-to-end learning,0,4,1,212,217,1,4,0.12482668095705252,,-0.009324237314407657,1.0,-0.0,,-0.009324237314407657,,
Verifiability ,Few-shot learning,0,4,1,212,217,1,4,0.12482668095705252,,-0.009324237314407657,1.0,-0.0,,-0.009324237314407657,,
Verifiability ,Online training,0,1,1,215,217,1,1,0.06449301496838222,,-0.004629629629629629,1.0,-0.0,,-0.004629629629629629,,
Verifiability ,Test-time training,0,1,1,215,217,1,1,0.06449301496838222,,-0.004629629629629629,1.0,-0.0,,-0.004629629629629629,,
Verifiability ,Fault tolerant training,0,4,1,212,217,1,4,0.12482668095705252,,-0.009324237314407657,1.0,-0.0,,-0.009324237314407657,,
Verifiability ,Adversarial training,0,28,1,188,217,1,28,0.29725897566229753,,-0.026189140043946204,1.0,-0.0,,-0.026189140043946204,,
Verifiability ,Adversarial generation decoupling,0,1,1,215,217,1,1,0.06449301496838222,,-0.004629629629629629,1.0,-0.0,,-0.004629629629629629,,
Verifiability ,Incremental training with sensor data,0,2,1,214,217,1,2,0.08997290406174518,,-0.006562493591317981,1.0,-0.0,,-0.006562493591317981,,
Verifiability ,Inclusion of wrong labeled data in training,0,1,1,215,217,1,1,0.06449301496838222,,-0.004629629629629629,1.0,-0.0,,-0.004629629629629629,,
Verifiability ,Training with unlabed data,0,2,1,214,217,1,2,0.08997290406174518,,-0.006562493591317981,1.0,-0.0,,-0.006562493591317981,,
Verifiability ,Standard training on fully labeled datasets,0,3,1,213,217,1,3,0.10905274771158924,,-0.008056137408713865,1.0,-0.0,,-0.008056137408713865,,
Verifiability ,On-device local training,0,3,1,213,217,1,3,0.10905274771158924,,-0.008056137408713865,1.0,-0.0,,-0.008056137408713865,,
Verifiability ,Training with gradient noise,0,2,1,214,217,1,2,0.08997290406174518,,-0.006562493591317981,1.0,-0.0,,-0.006562493591317981,,
Verifiability ,Contrastive representation learning,0,1,1,215,217,1,1,0.06449301496838222,,-0.004629629629629629,1.0,-0.0,,-0.004629629629629629,,
Verifiability ,Training optimization algorithm selection or adaptation,0,11,1,205,217,1,11,0.19837015644199685,,-0.015723016016341327,1.0,-0.0,,-0.015723016016341327,,
Verifiability ,Training loss function selection or adaptation,0,5,1,211,217,1,5,0.13849222534596417,,-0.010449372136989982,1.0,-0.0,,-0.010449372136989982,,
Verifiability ,Label smooting,0,2,1,214,217,1,2,0.08997290406174518,,-0.006562493591317981,1.0,-0.0,,-0.006562493591317981,,
Verifiability ,Training loss early stopping,0,1,1,215,217,1,1,0.06449301496838222,,-0.004629629629629629,1.0,-0.0,,-0.004629629629629629,,
Verifiability ,Weight initialization random,0,1,1,215,217,1,1,0.06449301496838222,,-0.004629629629629629,1.0,-0.0,,-0.004629629629629629,,
Verifiability ,Pretraining,0,3,1,213,217,1,3,0.10905274771158924,,-0.008056137408713865,1.0,-0.0,,-0.008056137408713865,,
Verifiability ,Suppress redundant channel activations,0,1,1,215,217,1,1,0.06449301496838222,,-0.004629629629629629,1.0,-0.0,,-0.004629629629629629,,
Verifiability ,Regularization training,0,8,1,208,217,1,8,0.17185068465818631,,-0.013312051063847861,1.0,-0.0,,-0.013312051063847861,,
Verifiability ,Training with uncertainty measures,0,1,1,215,217,1,1,0.06449301496838222,,-0.004629629629629629,1.0,-0.0,,-0.004629629629629629,,
Verifiability ,Finetuning ,0,10,1,206,217,1,10,0.19007895443513734,,-0.014955052834949042,1.0,-0.0,,-0.014955052834949042,,
Verifiability ,Fault-aware retraining,0,1,1,215,217,1,1,0.06449301496838222,,-0.004629629629629629,1.0,-0.0,,-0.004629629629629629,,
Verifiability ,Retraining for fine tuning,0,4,1,212,217,1,4,0.12482668095705252,,-0.009324237314407657,1.0,-0.0,,-0.009324237314407657,,
Verifiability ,Quantization-aware retraining,0,3,1,213,217,1,3,0.10905274771158924,,-0.008056137408713865,1.0,-0.0,,-0.008056137408713865,,
Verifiability ,Automatic retraining and deployment triggering,0,1,1,215,217,1,1,0.06449301496838222,,-0.004629629629629629,1.0,-0.0,,-0.004629629629629629,,
Verifiability ,Training with adversarial noise,0,4,1,212,217,1,4,0.12482668095705252,,-0.009324237314407657,1.0,-0.0,,-0.009324237314407657,,
Verifiability ,Heuristics-driven augmentation,0,5,1,211,217,1,5,0.13849222534596417,,-0.010449372136989982,1.0,-0.0,,-0.010449372136989982,,
Verifiability ,Data-driven augmentations,0,1,1,215,217,1,1,0.06449301496838222,,-0.004629629629629629,1.0,-0.0,,-0.004629629629629629,,
Verifiability ,Modular system design,0,2,1,214,217,1,2,0.08997290406174518,,-0.006562493591317981,1.0,-0.0,,-0.006562493591317981,,
Verifiability ,Sensor ring architecture,0,1,1,215,217,1,1,0.06449301496838222,,-0.004629629629629629,1.0,-0.0,,-0.004629629629629629,,
Verifiability ,Containerization,0,3,1,213,217,1,3,0.10905274771158924,,-0.008056137408713865,1.0,-0.0,,-0.008056137408713865,,
Verifiability ,Specific model type selection,0,4,1,212,217,1,4,0.12482668095705252,,-0.009324237314407657,1.0,-0.0,,-0.009324237314407657,,
Verifiability ,TPU SoC or Accelerator Hardware ,0,5,1,211,217,1,5,0.13849222534596417,,-0.010449372136989982,1.0,-0.0,,-0.010449372136989982,,
Verifiability ,Edge compute hardware,0,4,1,212,217,1,4,0.12482668095705252,,-0.009324237314407657,1.0,-0.0,,-0.009324237314407657,,
Verifiability ,Library Encapsulation,0,1,1,215,217,1,1,0.06449301496838222,,-0.004629629629629629,1.0,-0.0,,-0.004629629629629629,,
Verifiability ,Deployment pipeline creation,0,3,1,213,217,1,3,0.10905274771158924,,-0.008056137408713865,1.0,-0.0,,-0.008056137408713865,,
Verifiability ,Model pool for deployment,0,1,1,215,217,1,1,0.06449301496838222,,-0.004629629629629629,1.0,-0.0,,-0.004629629629629629,,
Verifiability ,Network combination,0,3,1,213,217,1,3,0.10905274771158924,,-0.008056137408713865,1.0,-0.0,,-0.008056137408713865,,
Verifiability ,Network partitioning,0,9,1,207,217,1,9,0.18126924692201818,,-0.014153462926807447,1.0,-0.0,,-0.014153462926807447,,
Verifiability ,Weight averaging,0,1,1,215,217,1,1,0.06449301496838222,,-0.004629629629629629,1.0,-0.0,,-0.004629629629629629,,
Verifiability ,Input resolution adjustment,0,3,1,213,217,1,3,0.10905274771158924,,-0.008056137408713865,1.0,-0.0,,-0.008056137408713865,,
Verifiability ,Sensor or input data fusion,0,5,1,211,217,1,5,0.13849222534596417,,-0.010449372136989982,1.0,-0.0,,-0.010449372136989982,,
Verifiability ,Sliding Window,0,1,1,215,217,1,1,0.06449301496838222,,-0.004629629629629629,1.0,-0.0,,-0.004629629629629629,,
Verifiability ,Frame rate reduction,0,2,1,214,217,1,2,0.08997290406174518,,-0.006562493591317981,1.0,-0.0,,-0.006562493591317981,,
Verifiability ,Input spatial partitioning,0,1,1,215,217,1,1,0.06449301496838222,,-0.004629629629629629,1.0,-0.0,,-0.004629629629629629,,
Verifiability ,Input contrast improvement,0,1,1,215,217,1,1,0.06449301496838222,,-0.004629629629629629,1.0,-0.0,,-0.004629629629629629,,
Verifiability ,Input modification,0,2,1,214,217,1,2,0.08997290406174518,,-0.006562493591317981,1.0,-0.0,,-0.006562493591317981,,
Verifiability ,Sequential input fusion,0,1,1,215,217,1,1,0.06449301496838222,,-0.004629629629629629,1.0,-0.0,,-0.004629629629629629,,
Verifiability ,Signal overwriting,0,1,1,215,217,1,1,0.06449301496838222,,-0.004629629629629629,1.0,-0.0,,-0.004629629629629629,,
Verifiability ,Denoising,0,2,1,214,217,1,2,0.08997290406174518,,-0.006562493591317981,1.0,-0.0,,-0.006562493591317981,,
Verifiability ,Robust feature extraction,0,2,1,214,217,1,2,0.08997290406174518,,-0.006562493591317981,1.0,-0.0,,-0.006562493591317981,,
Verifiability ,Post-processing,0,1,1,215,217,1,1,0.06449301496838222,,-0.004629629629629629,1.0,-0.0,,-0.004629629629629629,,
Verifiability ,Decision smoothing,0,1,1,215,217,1,1,0.06449301496838222,,-0.004629629629629629,1.0,-0.0,,-0.004629629629629629,,
Verifiability ,Width adjustment,0,15,1,201,217,1,15,0.22755841388363107,,-0.0185414233120827,1.0,-0.0,,-0.0185414233120827,,
Verifiability ,Depth adjustment,0,12,1,204,217,1,12,0.206212993639731,,-0.016462159944159827,1.0,-0.0,,-0.016462159944159827,,
Verifiability ,Last stage reduction,0,1,1,215,217,1,1,0.06449301496838222,,-0.004629629629629629,1.0,-0.0,,-0.004629629629629629,,
Verifiability ,New or specific layer module,0,5,1,211,217,1,5,0.13849222534596417,,-0.010449372136989982,1.0,-0.0,,-0.010449372136989982,,
Verifiability ,Model fusion,0,1,1,215,217,1,1,0.06449301496838222,,-0.004629629629629629,1.0,-0.0,,-0.004629629629629629,,
Verifiability ,Kernel regularization,0,1,1,215,217,1,1,0.06449301496838222,,-0.004629629629629629,1.0,-0.0,,-0.004629629629629629,,
Verifiability ,Regularization,0,7,1,209,217,1,7,0.16170349855334454,,-0.012422599874998832,1.0,-0.0,,-0.012422599874998832,,
Verifiability ,Early-exit inference,0,4,1,212,217,1,4,0.12482668095705252,,-0.009324237314407657,1.0,-0.0,,-0.009324237314407657,,
Verifiability ,Additional side branches with uncertainty measures,0,2,1,214,217,1,2,0.08997290406174518,,-0.006562493591317981,1.0,-0.0,,-0.006562493591317981,,
Verifiability ,Tuner and meta-tuner blocks,0,2,1,214,217,1,2,0.08997290406174518,,-0.006562493591317981,1.0,-0.0,,-0.006562493591317981,,
Verifiability ,Adapter module,0,2,1,214,217,1,2,0.08997290406174518,,-0.006562493591317981,1.0,-0.0,,-0.006562493591317981,,
Verifiability ,Bottleneck module,0,2,1,214,217,1,2,0.08997290406174518,,-0.006562493591317981,1.0,-0.0,,-0.006562493591317981,,
Verifiability ,Separation of convolutional kernels,0,2,1,214,217,1,2,0.08997290406174518,,-0.006562493591317981,1.0,-0.0,,-0.006562493591317981,,
Verifiability ,Depthwise-separable convolution layers,0,2,1,214,217,1,2,0.08997290406174518,,-0.006562493591317981,1.0,-0.0,,-0.006562493591317981,,
Verifiability ,Convolution unfolding,0,1,1,215,217,1,1,0.06449301496838222,,-0.004629629629629629,1.0,-0.0,,-0.004629629629629629,,
Verifiability ,Activation function selection,0,4,1,212,217,1,4,0.12482668095705252,,-0.009324237314407657,1.0,-0.0,,-0.009324237314407657,,
Verifiability ,Layer fusion,0,1,1,215,217,1,1,0.06449301496838222,,-0.004629629629629629,1.0,-0.0,,-0.004629629629629629,,
Verifiability ,Fault-map-based neuron re-mapping,0,1,1,215,217,1,1,0.06449301496838222,,-0.004629629629629629,1.0,-0.0,,-0.004629629629629629,,
Verifiability ,Multiscale feature processing architectures,0,1,1,215,217,1,1,0.06449301496838222,,-0.004629629629629629,1.0,-0.0,,-0.004629629629629629,,
Verifiability ,Architecture design through math. optimization,0,5,1,211,217,1,5,0.13849222534596417,,-0.010449372136989982,1.0,-0.0,,-0.010449372136989982,,
Verifiability ,Neural architecture search,0,10,1,206,217,1,10,0.19007895443513734,,-0.014955052834949042,1.0,-0.0,,-0.014955052834949042,,
Verifiability ,Hardware and Software codesign,0,8,1,208,217,1,8,0.17185068465818631,,-0.013312051063847861,1.0,-0.0,,-0.013312051063847861,,
Verifiability ,Architecture design optimization with reinforcement learning,0,2,1,214,217,1,2,0.08997290406174518,,-0.006562493591317981,1.0,-0.0,,-0.006562493591317981,,
Verifiability ,Model format conversion,0,2,1,214,217,1,2,0.08997290406174518,,-0.006562493591317981,1.0,-0.0,,-0.006562493591317981,,
Verifiability ,Normalization,0,3,1,213,217,1,3,0.10905274771158924,,-0.008056137408713865,1.0,-0.0,,-0.008056137408713865,,
Verifiability ,Policy conversion,1,0,0,216,217,1,1,0.06449301496838222,,1.0,0.004608294930875576,0.7788199112828432,,1.0,,
Verifiability ,Feature encoding,0,3,1,213,217,1,3,0.10905274771158924,,-0.008056137408713865,1.0,-0.0,,-0.008056137408713865,,
Verifiability ,On-chip weight caching,0,2,1,214,217,1,2,0.08997290406174518,,-0.006562493591317981,1.0,-0.0,,-0.006562493591317981,,
Verifiability ,Cache preloading,0,1,1,215,217,1,1,0.06449301496838222,,-0.004629629629629629,1.0,-0.0,,-0.004629629629629629,,
Verifiability ,Prediction/intermediate result caching,0,2,1,214,217,1,2,0.08997290406174518,,-0.006562493591317981,1.0,-0.0,,-0.006562493591317981,,
Verifiability ,Relevant content caching,0,1,1,215,217,1,1,0.06449301496838222,,-0.004629629629629629,1.0,-0.0,,-0.004629629629629629,,
Verifiability ,Light communication protocol usage,0,1,1,215,217,1,1,0.06449301496838222,,-0.004629629629629629,1.0,-0.0,,-0.004629629629629629,,
Verifiability ,Cloud compression and edge reconstruction,0,1,1,215,217,1,1,0.06449301496838222,,-0.004629629629629629,1.0,-0.0,,-0.004629629629629629,,
Verifiability ,Deadline-aware scheduling,0,2,1,214,217,1,2,0.08997290406174518,,-0.006562493591317981,1.0,-0.0,,-0.006562493591317981,,
Verifiability ,Memory scheduling,0,2,1,214,217,1,2,0.08997290406174518,,-0.006562493591317981,1.0,-0.0,,-0.006562493591317981,,
Verifiability ,Multitask Scheduling,0,3,1,213,217,1,3,0.10905274771158924,,-0.008056137408713865,1.0,-0.0,,-0.008056137408713865,,
Verifiability ,Single task assignment,0,1,1,215,217,1,1,0.06449301496838222,,-0.004629629629629629,1.0,-0.0,,-0.004629629629629629,,
Verifiability ,Adaptive model scheduling,0,1,1,215,217,1,1,0.06449301496838222,,-0.004629629629629629,1.0,-0.0,,-0.004629629629629629,,
Verifiability ,Adaptive batching,0,1,1,215,217,1,1,0.06449301496838222,,-0.004629629629629629,1.0,-0.0,,-0.004629629629629629,,
Verifiability ,Sensor duty cycle,0,2,1,214,217,1,2,0.08997290406174518,,-0.006562493591317981,1.0,-0.0,,-0.006562493591317981,,
Verifiability ,Later local processing of encoded features,0,1,1,215,217,1,1,0.06449301496838222,,-0.004629629629629629,1.0,-0.0,,-0.004629629629629629,,
Verifiability ,Concurrent processing hardware,0,7,1,209,217,1,7,0.16170349855334454,,-0.012422599874998832,1.0,-0.0,,-0.012422599874998832,,
Verifiability ,Straggler mitigation,0,1,1,215,217,1,1,0.06449301496838222,,-0.004629629629629629,1.0,-0.0,,-0.004629629629629629,,
Verifiability ,Prediction combination of multi-models,0,1,1,215,217,1,1,0.06449301496838222,,-0.004629629629629629,1.0,-0.0,,-0.004629629629629629,,
Verifiability ,Competing models ,0,1,1,215,217,1,1,0.06449301496838222,,-0.004629629629629629,1.0,-0.0,,-0.004629629629629629,,
Verifiability ,Multi-model of different models,0,6,1,210,217,1,6,0.15066306992548228,,-0.011473806513691905,1.0,-0.0,,-0.011473806513691905,,
Verifiability ,Task-level parallelism on CNN layer-level,0,9,1,207,217,1,9,0.18126924692201818,,-0.014153462926807447,1.0,-0.0,,-0.014153462926807447,,
Verifiability ,Data-level parallelsim in CNN layer,0,1,1,215,217,1,1,0.06449301496838222,,-0.004629629629629629,1.0,-0.0,,-0.004629629629629629,,
Verifiability ,Event-based processing,0,1,1,215,217,1,1,0.06449301496838222,,-0.004629629629629629,1.0,-0.0,,-0.004629629629629629,,
Verifiability ,Partial layer execution,0,2,1,214,217,1,2,0.08997290406174518,,-0.006562493591317981,1.0,-0.0,,-0.006562493591317981,,
Verifiability ,Matrix-multiplication optimization,0,1,1,215,217,1,1,0.06449301496838222,,-0.004629629629629629,1.0,-0.0,,-0.004629629629629629,,
Verifiability ,Simultaneous memory loading,0,4,1,212,217,1,4,0.12482668095705252,,-0.009324237314407657,1.0,-0.0,,-0.009324237314407657,,
Verifiability ,External computational offloading,0,11,1,205,217,1,11,0.19837015644199685,,-0.015723016016341327,1.0,-0.0,,-0.015723016016341327,,
Verifiability ,Internal computation balancing,0,3,1,213,217,1,3,0.10905274771158924,,-0.008056137408713865,1.0,-0.0,,-0.008056137408713865,,
Verifiability ,Quantitative sensor selection,0,1,1,215,217,1,1,0.06449301496838222,,-0.004629629629629629,1.0,-0.0,,-0.004629629629629629,,
Verifiability ,Out-of-distribution detection,0,3,1,213,217,1,3,0.10905274771158924,,-0.008056137408713865,1.0,-0.0,,-0.008056137408713865,,
Verifiability ,Failure prevention or mitigation,0,3,1,213,217,1,3,0.10905274771158924,,-0.008056137408713865,1.0,-0.0,,-0.008056137408713865,,
Verifiability ,Independent model development,0,1,1,215,217,1,1,0.06449301496838222,,-0.004629629629629629,1.0,-0.0,,-0.004629629629629629,,
Verifiability ,Coupled semantic descriptions,0,1,1,215,217,1,1,0.06449301496838222,,-0.004629629629629629,1.0,-0.0,,-0.004629629629629629,,
Verifiability ,Test time adaption,0,2,1,214,217,1,2,0.08997290406174518,,-0.006562493591317981,1.0,-0.0,,-0.006562493591317981,,
Verifiability ,Merging of fault maps,0,1,1,215,217,1,1,0.06449301496838222,,-0.004629629629629629,1.0,-0.0,,-0.004629629629629629,,
Verifiability ,High-level synthesis,0,1,1,215,217,1,1,0.06449301496838222,,-0.004629629629629629,1.0,-0.0,,-0.004629629629629629,,
Verifiability ,Post-hoc uncertainty calibration ,0,1,1,215,217,1,1,0.06449301496838222,,-0.004629629629629629,1.0,-0.0,,-0.004629629629629629,,
Lightweight,Pruning,0,23,1,193,217,1,23,0.2736491391955218,,-0.023428051901170213,1.0,-0.0,,-0.023428051901170213,,
Lightweight,Quantization,1,39,0,177,217,1,40,0.3440278999511197,,0.14312970031098057,0.18433179723502302,0.2447999141735224,,0.14312970031098057,,
Lightweight,Post-training quantization,0,1,1,215,217,1,1,0.06449301496838222,,-0.004629629629629629,1.0,-0.0,,-0.004629629629629629,,
Lightweight,Huffman coding,0,1,1,215,217,1,1,0.06449301496838222,,-0.004629629629629629,1.0,-0.0,,-0.004629629629629629,,
Lightweight,Ablation,0,1,1,215,217,1,1,0.06449301496838222,,-0.004629629629629629,1.0,-0.0,,-0.004629629629629629,,
Lightweight,Mixed-precision compression,0,5,1,211,217,1,5,0.13849222534596417,,-0.010449372136989982,1.0,-0.0,,-0.010449372136989982,,
Lightweight,Integer-only operations,0,11,1,205,217,1,11,0.19837015644199685,,-0.015723016016341327,1.0,-0.0,,-0.015723016016341327,,
Lightweight,Parameter amount reduction,0,2,1,214,217,1,2,0.08997290406174518,,-0.006562493591317981,1.0,-0.0,,-0.006562493591317981,,
Lightweight,Binary and ternary weights training,0,1,1,215,217,1,1,0.06449301496838222,,-0.004629629629629629,1.0,-0.0,,-0.004629629629629629,,
Lightweight,Quantization-aware training,0,3,1,213,217,1,3,0.10905274771158924,,-0.008056137408713865,1.0,-0.0,,-0.008056137408713865,,
Lightweight,Binary weights and activations,0,6,1,210,217,1,6,0.15066306992548228,,-0.011473806513691905,1.0,-0.0,,-0.011473806513691905,,
Lightweight,Ternary weights and activations 2-bit,0,5,1,211,217,1,5,0.13849222534596417,,-0.010449372136989982,1.0,-0.0,,-0.010449372136989982,,
Lightweight,Tenary weights,0,4,1,212,217,1,4,0.12482668095705252,,-0.009324237314407657,1.0,-0.0,,-0.009324237314407657,,
Lightweight,ADMM-based compression,0,4,1,212,217,1,4,0.12482668095705252,,-0.009324237314407657,1.0,-0.0,,-0.009324237314407657,,
Lightweight,Sparsification,0,10,1,206,217,1,10,0.19007895443513734,,-0.014955052834949042,1.0,-0.0,,-0.014955052834949042,,
Lightweight,Weight sharing,0,1,1,215,217,1,1,0.06449301496838222,,-0.004629629629629629,1.0,-0.0,,-0.004629629629629629,,
Lightweight,Weight grouping,0,1,1,215,217,1,1,0.06449301496838222,,-0.004629629629629629,1.0,-0.0,,-0.004629629629629629,,
Lightweight,Node masking,0,1,1,215,217,1,1,0.06449301496838222,,-0.004629629629629629,1.0,-0.0,,-0.004629629629629629,,
Lightweight,Diagonal scalar weight matrix,0,1,1,215,217,1,1,0.06449301496838222,,-0.004629629629629629,1.0,-0.0,,-0.004629629629629629,,
Lightweight,Matrix reusing,0,1,1,215,217,1,1,0.06449301496838222,,-0.004629629629629629,1.0,-0.0,,-0.004629629629629629,,
Lightweight,Smaller computation datatype,0,7,1,209,217,1,7,0.16170349855334454,,-0.012422599874998832,1.0,-0.0,,-0.012422599874998832,,
Lightweight,Tensor or matrix decomposition,0,6,1,210,217,1,6,0.15066306992548228,,-0.011473806513691905,1.0,-0.0,,-0.011473806513691905,,
Lightweight,Continous learning,0,1,1,215,217,1,1,0.06449301496838222,,-0.004629629629629629,1.0,-0.0,,-0.004629629629629629,,
Lightweight,Imitation learning,0,1,1,215,217,1,1,0.06449301496838222,,-0.004629629629629629,1.0,-0.0,,-0.004629629629629629,,
Lightweight,Closed-loop learning,0,6,1,210,217,1,6,0.15066306992548228,,-0.011473806513691905,1.0,-0.0,,-0.011473806513691905,,
Lightweight,Meta-learning,0,10,1,206,217,1,10,0.19007895443513734,,-0.014955052834949042,1.0,-0.0,,-0.014955052834949042,,
Lightweight,Self-supervision learning,0,3,1,213,217,1,3,0.10905274771158924,,-0.008056137408713865,1.0,-0.0,,-0.008056137408713865,,
Lightweight,Self-adjusted learning,0,1,1,215,217,1,1,0.06449301496838222,,-0.004629629629629629,1.0,-0.0,,-0.004629629629629629,,
Lightweight,Destillation learning,0,11,1,205,217,1,11,0.19837015644199685,,-0.015723016016341327,1.0,-0.0,,-0.015723016016341327,,
Lightweight,Transfer learning,0,5,1,211,217,1,5,0.13849222534596417,,-0.010449372136989982,1.0,-0.0,,-0.010449372136989982,,
Lightweight,Federated learning,0,2,1,214,217,1,2,0.08997290406174518,,-0.006562493591317981,1.0,-0.0,,-0.006562493591317981,,
Lightweight,End-to-end learning,0,4,1,212,217,1,4,0.12482668095705252,,-0.009324237314407657,1.0,-0.0,,-0.009324237314407657,,
Lightweight,Few-shot learning,0,4,1,212,217,1,4,0.12482668095705252,,-0.009324237314407657,1.0,-0.0,,-0.009324237314407657,,
Lightweight,Online training,0,1,1,215,217,1,1,0.06449301496838222,,-0.004629629629629629,1.0,-0.0,,-0.004629629629629629,,
Lightweight,Test-time training,0,1,1,215,217,1,1,0.06449301496838222,,-0.004629629629629629,1.0,-0.0,,-0.004629629629629629,,
Lightweight,Fault tolerant training,0,4,1,212,217,1,4,0.12482668095705252,,-0.009324237314407657,1.0,-0.0,,-0.009324237314407657,,
Lightweight,Adversarial training,0,28,1,188,217,1,28,0.29725897566229753,,-0.026189140043946204,1.0,-0.0,,-0.026189140043946204,,
Lightweight,Adversarial generation decoupling,0,1,1,215,217,1,1,0.06449301496838222,,-0.004629629629629629,1.0,-0.0,,-0.004629629629629629,,
Lightweight,Incremental training with sensor data,0,2,1,214,217,1,2,0.08997290406174518,,-0.006562493591317981,1.0,-0.0,,-0.006562493591317981,,
Lightweight,Inclusion of wrong labeled data in training,0,1,1,215,217,1,1,0.06449301496838222,,-0.004629629629629629,1.0,-0.0,,-0.004629629629629629,,
Lightweight,Training with unlabed data,0,2,1,214,217,1,2,0.08997290406174518,,-0.006562493591317981,1.0,-0.0,,-0.006562493591317981,,
Lightweight,Standard training on fully labeled datasets,0,3,1,213,217,1,3,0.10905274771158924,,-0.008056137408713865,1.0,-0.0,,-0.008056137408713865,,
Lightweight,On-device local training,0,3,1,213,217,1,3,0.10905274771158924,,-0.008056137408713865,1.0,-0.0,,-0.008056137408713865,,
Lightweight,Training with gradient noise,0,2,1,214,217,1,2,0.08997290406174518,,-0.006562493591317981,1.0,-0.0,,-0.006562493591317981,,
Lightweight,Contrastive representation learning,0,1,1,215,217,1,1,0.06449301496838222,,-0.004629629629629629,1.0,-0.0,,-0.004629629629629629,,
Lightweight,Training optimization algorithm selection or adaptation,0,11,1,205,217,1,11,0.19837015644199685,,-0.015723016016341327,1.0,-0.0,,-0.015723016016341327,,
Lightweight,Training loss function selection or adaptation,0,5,1,211,217,1,5,0.13849222534596417,,-0.010449372136989982,1.0,-0.0,,-0.010449372136989982,,
Lightweight,Label smooting,0,2,1,214,217,1,2,0.08997290406174518,,-0.006562493591317981,1.0,-0.0,,-0.006562493591317981,,
Lightweight,Training loss early stopping,0,1,1,215,217,1,1,0.06449301496838222,,-0.004629629629629629,1.0,-0.0,,-0.004629629629629629,,
Lightweight,Weight initialization random,0,1,1,215,217,1,1,0.06449301496838222,,-0.004629629629629629,1.0,-0.0,,-0.004629629629629629,,
Lightweight,Pretraining,0,3,1,213,217,1,3,0.10905274771158924,,-0.008056137408713865,1.0,-0.0,,-0.008056137408713865,,
Lightweight,Suppress redundant channel activations,0,1,1,215,217,1,1,0.06449301496838222,,-0.004629629629629629,1.0,-0.0,,-0.004629629629629629,,
Lightweight,Regularization training,0,8,1,208,217,1,8,0.17185068465818631,,-0.013312051063847861,1.0,-0.0,,-0.013312051063847861,,
Lightweight,Training with uncertainty measures,0,1,1,215,217,1,1,0.06449301496838222,,-0.004629629629629629,1.0,-0.0,,-0.004629629629629629,,
Lightweight,Finetuning ,0,10,1,206,217,1,10,0.19007895443513734,,-0.014955052834949042,1.0,-0.0,,-0.014955052834949042,,
Lightweight,Fault-aware retraining,0,1,1,215,217,1,1,0.06449301496838222,,-0.004629629629629629,1.0,-0.0,,-0.004629629629629629,,
Lightweight,Retraining for fine tuning,0,4,1,212,217,1,4,0.12482668095705252,,-0.009324237314407657,1.0,-0.0,,-0.009324237314407657,,
Lightweight,Quantization-aware retraining,0,3,1,213,217,1,3,0.10905274771158924,,-0.008056137408713865,1.0,-0.0,,-0.008056137408713865,,
Lightweight,Automatic retraining and deployment triggering,0,1,1,215,217,1,1,0.06449301496838222,,-0.004629629629629629,1.0,-0.0,,-0.004629629629629629,,
Lightweight,Training with adversarial noise,0,4,1,212,217,1,4,0.12482668095705252,,-0.009324237314407657,1.0,-0.0,,-0.009324237314407657,,
Lightweight,Heuristics-driven augmentation,0,5,1,211,217,1,5,0.13849222534596417,,-0.010449372136989982,1.0,-0.0,,-0.010449372136989982,,
Lightweight,Data-driven augmentations,0,1,1,215,217,1,1,0.06449301496838222,,-0.004629629629629629,1.0,-0.0,,-0.004629629629629629,,
Lightweight,Modular system design,0,2,1,214,217,1,2,0.08997290406174518,,-0.006562493591317981,1.0,-0.0,,-0.006562493591317981,,
Lightweight,Sensor ring architecture,0,1,1,215,217,1,1,0.06449301496838222,,-0.004629629629629629,1.0,-0.0,,-0.004629629629629629,,
Lightweight,Containerization,0,3,1,213,217,1,3,0.10905274771158924,,-0.008056137408713865,1.0,-0.0,,-0.008056137408713865,,
Lightweight,Specific model type selection,0,4,1,212,217,1,4,0.12482668095705252,,-0.009324237314407657,1.0,-0.0,,-0.009324237314407657,,
Lightweight,TPU SoC or Accelerator Hardware ,0,5,1,211,217,1,5,0.13849222534596417,,-0.010449372136989982,1.0,-0.0,,-0.010449372136989982,,
Lightweight,Edge compute hardware,0,4,1,212,217,1,4,0.12482668095705252,,-0.009324237314407657,1.0,-0.0,,-0.009324237314407657,,
Lightweight,Library Encapsulation,0,1,1,215,217,1,1,0.06449301496838222,,-0.004629629629629629,1.0,-0.0,,-0.004629629629629629,,
Lightweight,Deployment pipeline creation,0,3,1,213,217,1,3,0.10905274771158924,,-0.008056137408713865,1.0,-0.0,,-0.008056137408713865,,
Lightweight,Model pool for deployment,0,1,1,215,217,1,1,0.06449301496838222,,-0.004629629629629629,1.0,-0.0,,-0.004629629629629629,,
Lightweight,Network combination,0,3,1,213,217,1,3,0.10905274771158924,,-0.008056137408713865,1.0,-0.0,,-0.008056137408713865,,
Lightweight,Network partitioning,0,9,1,207,217,1,9,0.18126924692201818,,-0.014153462926807447,1.0,-0.0,,-0.014153462926807447,,
Lightweight,Weight averaging,0,1,1,215,217,1,1,0.06449301496838222,,-0.004629629629629629,1.0,-0.0,,-0.004629629629629629,,
Lightweight,Input resolution adjustment,0,3,1,213,217,1,3,0.10905274771158924,,-0.008056137408713865,1.0,-0.0,,-0.008056137408713865,,
Lightweight,Sensor or input data fusion,0,5,1,211,217,1,5,0.13849222534596417,,-0.010449372136989982,1.0,-0.0,,-0.010449372136989982,,
Lightweight,Sliding Window,0,1,1,215,217,1,1,0.06449301496838222,,-0.004629629629629629,1.0,-0.0,,-0.004629629629629629,,
Lightweight,Frame rate reduction,0,2,1,214,217,1,2,0.08997290406174518,,-0.006562493591317981,1.0,-0.0,,-0.006562493591317981,,
Lightweight,Input spatial partitioning,0,1,1,215,217,1,1,0.06449301496838222,,-0.004629629629629629,1.0,-0.0,,-0.004629629629629629,,
Lightweight,Input contrast improvement,0,1,1,215,217,1,1,0.06449301496838222,,-0.004629629629629629,1.0,-0.0,,-0.004629629629629629,,
Lightweight,Input modification,0,2,1,214,217,1,2,0.08997290406174518,,-0.006562493591317981,1.0,-0.0,,-0.006562493591317981,,
Lightweight,Sequential input fusion,0,1,1,215,217,1,1,0.06449301496838222,,-0.004629629629629629,1.0,-0.0,,-0.004629629629629629,,
Lightweight,Signal overwriting,1,0,0,216,217,1,1,0.06449301496838222,,1.0,0.004608294930875576,0.7788199112828432,,1.0,,
Lightweight,Denoising,0,2,1,214,217,1,2,0.08997290406174518,,-0.006562493591317981,1.0,-0.0,,-0.006562493591317981,,
Lightweight,Robust feature extraction,0,2,1,214,217,1,2,0.08997290406174518,,-0.006562493591317981,1.0,-0.0,,-0.006562493591317981,,
Lightweight,Post-processing,0,1,1,215,217,1,1,0.06449301496838222,,-0.004629629629629629,1.0,-0.0,,-0.004629629629629629,,
Lightweight,Decision smoothing,0,1,1,215,217,1,1,0.06449301496838222,,-0.004629629629629629,1.0,-0.0,,-0.004629629629629629,,
Lightweight,Width adjustment,0,15,1,201,217,1,15,0.22755841388363107,,-0.0185414233120827,1.0,-0.0,,-0.0185414233120827,,
Lightweight,Depth adjustment,0,12,1,204,217,1,12,0.206212993639731,,-0.016462159944159827,1.0,-0.0,,-0.016462159944159827,,
Lightweight,Last stage reduction,0,1,1,215,217,1,1,0.06449301496838222,,-0.004629629629629629,1.0,-0.0,,-0.004629629629629629,,
Lightweight,New or specific layer module,0,5,1,211,217,1,5,0.13849222534596417,,-0.010449372136989982,1.0,-0.0,,-0.010449372136989982,,
Lightweight,Model fusion,0,1,1,215,217,1,1,0.06449301496838222,,-0.004629629629629629,1.0,-0.0,,-0.004629629629629629,,
Lightweight,Kernel regularization,0,1,1,215,217,1,1,0.06449301496838222,,-0.004629629629629629,1.0,-0.0,,-0.004629629629629629,,
Lightweight,Regularization,0,7,1,209,217,1,7,0.16170349855334454,,-0.012422599874998832,1.0,-0.0,,-0.012422599874998832,,
Lightweight,Early-exit inference,0,4,1,212,217,1,4,0.12482668095705252,,-0.009324237314407657,1.0,-0.0,,-0.009324237314407657,,
Lightweight,Additional side branches with uncertainty measures,0,2,1,214,217,1,2,0.08997290406174518,,-0.006562493591317981,1.0,-0.0,,-0.006562493591317981,,
Lightweight,Tuner and meta-tuner blocks,0,2,1,214,217,1,2,0.08997290406174518,,-0.006562493591317981,1.0,-0.0,,-0.006562493591317981,,
Lightweight,Adapter module,0,2,1,214,217,1,2,0.08997290406174518,,-0.006562493591317981,1.0,-0.0,,-0.006562493591317981,,
Lightweight,Bottleneck module,0,2,1,214,217,1,2,0.08997290406174518,,-0.006562493591317981,1.0,-0.0,,-0.006562493591317981,,
Lightweight,Separation of convolutional kernels,0,2,1,214,217,1,2,0.08997290406174518,,-0.006562493591317981,1.0,-0.0,,-0.006562493591317981,,
Lightweight,Depthwise-separable convolution layers,0,2,1,214,217,1,2,0.08997290406174518,,-0.006562493591317981,1.0,-0.0,,-0.006562493591317981,,
Lightweight,Convolution unfolding,0,1,1,215,217,1,1,0.06449301496838222,,-0.004629629629629629,1.0,-0.0,,-0.004629629629629629,,
Lightweight,Activation function selection,0,4,1,212,217,1,4,0.12482668095705252,,-0.009324237314407657,1.0,-0.0,,-0.009324237314407657,,
Lightweight,Layer fusion,0,1,1,215,217,1,1,0.06449301496838222,,-0.004629629629629629,1.0,-0.0,,-0.004629629629629629,,
Lightweight,Fault-map-based neuron re-mapping,0,1,1,215,217,1,1,0.06449301496838222,,-0.004629629629629629,1.0,-0.0,,-0.004629629629629629,,
Lightweight,Multiscale feature processing architectures,0,1,1,215,217,1,1,0.06449301496838222,,-0.004629629629629629,1.0,-0.0,,-0.004629629629629629,,
Lightweight,Architecture design through math. optimization,0,5,1,211,217,1,5,0.13849222534596417,,-0.010449372136989982,1.0,-0.0,,-0.010449372136989982,,
Lightweight,Neural architecture search,0,10,1,206,217,1,10,0.19007895443513734,,-0.014955052834949042,1.0,-0.0,,-0.014955052834949042,,
Lightweight,Hardware and Software codesign,0,8,1,208,217,1,8,0.17185068465818631,,-0.013312051063847861,1.0,-0.0,,-0.013312051063847861,,
Lightweight,Architecture design optimization with reinforcement learning,0,2,1,214,217,1,2,0.08997290406174518,,-0.006562493591317981,1.0,-0.0,,-0.006562493591317981,,
Lightweight,Model format conversion,0,2,1,214,217,1,2,0.08997290406174518,,-0.006562493591317981,1.0,-0.0,,-0.006562493591317981,,
Lightweight,Normalization,0,3,1,213,217,1,3,0.10905274771158924,,-0.008056137408713865,1.0,-0.0,,-0.008056137408713865,,
Lightweight,Policy conversion,0,1,1,215,217,1,1,0.06449301496838222,,-0.004629629629629629,1.0,-0.0,,-0.004629629629629629,,
Lightweight,Feature encoding,0,3,1,213,217,1,3,0.10905274771158924,,-0.008056137408713865,1.0,-0.0,,-0.008056137408713865,,
Lightweight,On-chip weight caching,0,2,1,214,217,1,2,0.08997290406174518,,-0.006562493591317981,1.0,-0.0,,-0.006562493591317981,,
Lightweight,Cache preloading,0,1,1,215,217,1,1,0.06449301496838222,,-0.004629629629629629,1.0,-0.0,,-0.004629629629629629,,
Lightweight,Prediction/intermediate result caching,0,2,1,214,217,1,2,0.08997290406174518,,-0.006562493591317981,1.0,-0.0,,-0.006562493591317981,,
Lightweight,Relevant content caching,0,1,1,215,217,1,1,0.06449301496838222,,-0.004629629629629629,1.0,-0.0,,-0.004629629629629629,,
Lightweight,Light communication protocol usage,0,1,1,215,217,1,1,0.06449301496838222,,-0.004629629629629629,1.0,-0.0,,-0.004629629629629629,,
Lightweight,Cloud compression and edge reconstruction,0,1,1,215,217,1,1,0.06449301496838222,,-0.004629629629629629,1.0,-0.0,,-0.004629629629629629,,
Lightweight,Deadline-aware scheduling,0,2,1,214,217,1,2,0.08997290406174518,,-0.006562493591317981,1.0,-0.0,,-0.006562493591317981,,
Lightweight,Memory scheduling,0,2,1,214,217,1,2,0.08997290406174518,,-0.006562493591317981,1.0,-0.0,,-0.006562493591317981,,
Lightweight,Multitask Scheduling,0,3,1,213,217,1,3,0.10905274771158924,,-0.008056137408713865,1.0,-0.0,,-0.008056137408713865,,
Lightweight,Single task assignment,0,1,1,215,217,1,1,0.06449301496838222,,-0.004629629629629629,1.0,-0.0,,-0.004629629629629629,,
Lightweight,Adaptive model scheduling,0,1,1,215,217,1,1,0.06449301496838222,,-0.004629629629629629,1.0,-0.0,,-0.004629629629629629,,
Lightweight,Adaptive batching,0,1,1,215,217,1,1,0.06449301496838222,,-0.004629629629629629,1.0,-0.0,,-0.004629629629629629,,
Lightweight,Sensor duty cycle,0,2,1,214,217,1,2,0.08997290406174518,,-0.006562493591317981,1.0,-0.0,,-0.006562493591317981,,
Lightweight,Later local processing of encoded features,0,1,1,215,217,1,1,0.06449301496838222,,-0.004629629629629629,1.0,-0.0,,-0.004629629629629629,,
Lightweight,Concurrent processing hardware,0,7,1,209,217,1,7,0.16170349855334454,,-0.012422599874998832,1.0,-0.0,,-0.012422599874998832,,
Lightweight,Straggler mitigation,0,1,1,215,217,1,1,0.06449301496838222,,-0.004629629629629629,1.0,-0.0,,-0.004629629629629629,,
Lightweight,Prediction combination of multi-models,0,1,1,215,217,1,1,0.06449301496838222,,-0.004629629629629629,1.0,-0.0,,-0.004629629629629629,,
Lightweight,Competing models ,0,1,1,215,217,1,1,0.06449301496838222,,-0.004629629629629629,1.0,-0.0,,-0.004629629629629629,,
Lightweight,Multi-model of different models,0,6,1,210,217,1,6,0.15066306992548228,,-0.011473806513691905,1.0,-0.0,,-0.011473806513691905,,
Lightweight,Task-level parallelism on CNN layer-level,0,9,1,207,217,1,9,0.18126924692201818,,-0.014153462926807447,1.0,-0.0,,-0.014153462926807447,,
Lightweight,Data-level parallelsim in CNN layer,0,1,1,215,217,1,1,0.06449301496838222,,-0.004629629629629629,1.0,-0.0,,-0.004629629629629629,,
Lightweight,Event-based processing,0,1,1,215,217,1,1,0.06449301496838222,,-0.004629629629629629,1.0,-0.0,,-0.004629629629629629,,
Lightweight,Partial layer execution,0,2,1,214,217,1,2,0.08997290406174518,,-0.006562493591317981,1.0,-0.0,,-0.006562493591317981,,
Lightweight,Matrix-multiplication optimization,0,1,1,215,217,1,1,0.06449301496838222,,-0.004629629629629629,1.0,-0.0,,-0.004629629629629629,,
Lightweight,Simultaneous memory loading,0,4,1,212,217,1,4,0.12482668095705252,,-0.009324237314407657,1.0,-0.0,,-0.009324237314407657,,
Lightweight,External computational offloading,0,11,1,205,217,1,11,0.19837015644199685,,-0.015723016016341327,1.0,-0.0,,-0.015723016016341327,,
Lightweight,Internal computation balancing,0,3,1,213,217,1,3,0.10905274771158924,,-0.008056137408713865,1.0,-0.0,,-0.008056137408713865,,
Lightweight,Quantitative sensor selection,0,1,1,215,217,1,1,0.06449301496838222,,-0.004629629629629629,1.0,-0.0,,-0.004629629629629629,,
Lightweight,Out-of-distribution detection,0,3,1,213,217,1,3,0.10905274771158924,,-0.008056137408713865,1.0,-0.0,,-0.008056137408713865,,
Lightweight,Failure prevention or mitigation,0,3,1,213,217,1,3,0.10905274771158924,,-0.008056137408713865,1.0,-0.0,,-0.008056137408713865,,
Lightweight,Independent model development,0,1,1,215,217,1,1,0.06449301496838222,,-0.004629629629629629,1.0,-0.0,,-0.004629629629629629,,
Lightweight,Coupled semantic descriptions,0,1,1,215,217,1,1,0.06449301496838222,,-0.004629629629629629,1.0,-0.0,,-0.004629629629629629,,
Lightweight,Test time adaption,0,2,1,214,217,1,2,0.08997290406174518,,-0.006562493591317981,1.0,-0.0,,-0.006562493591317981,,
Lightweight,Merging of fault maps,0,1,1,215,217,1,1,0.06449301496838222,,-0.004629629629629629,1.0,-0.0,,-0.004629629629629629,,
Lightweight,High-level synthesis,0,1,1,215,217,1,1,0.06449301496838222,,-0.004629629629629629,1.0,-0.0,,-0.004629629629629629,,
Lightweight,Post-hoc uncertainty calibration ,0,1,1,215,217,1,1,0.06449301496838222,,-0.004629629629629629,1.0,-0.0,,-0.004629629629629629,,
Physically small,Pruning,0,23,2,192,217,2,23,0.36374466889678037,,-0.03320923113903483,1.0,-0.0,,-0.03320923113903483,,
Physically small,Post-training quantization,0,1,2,214,217,2,1,0.08997290406174518,,-0.006562493591317981,1.0,-0.0,,-0.006562493591317981,,
Physically small,Huffman coding,0,1,2,214,217,2,1,0.08997290406174518,,-0.006562493591317981,1.0,-0.0,,-0.006562493591317981,,
Physically small,Ablation,0,1,2,214,217,2,1,0.08997290406174518,,-0.006562493591317981,1.0,-0.0,,-0.006562493591317981,,
Physically small,Mixed-precision compression,0,5,2,210,217,2,5,0.19007895443513734,,-0.014811970539375384,1.0,-0.0,,-0.014811970539375384,,
Physically small,Integer-only operations,0,11,2,204,217,2,11,0.26852657159596116,,-0.022287353438180866,1.0,-0.0,,-0.022287353438180866,,
Physically small,Parameter amount reduction,0,2,2,213,217,2,2,0.12482668095705252,,-0.009302325581395349,1.0,-0.0,,-0.009302325581395349,,
Physically small,Binary and ternary weights training,0,1,2,214,217,2,1,0.08997290406174518,,-0.006562493591317981,1.0,-0.0,,-0.006562493591317981,,
Physically small,Quantization-aware training,0,3,2,212,217,2,3,0.15066306992548228,,-0.011419563624939743,1.0,-0.0,,-0.011419563624939743,,
Physically small,Binary weights and activations,0,6,2,209,217,2,6,0.206212993639731,,-0.016264104850251135,1.0,-0.0,,-0.016264104850251135,,
Physically small,Ternary weights and activations 2-bit,0,5,2,210,217,2,5,0.19007895443513734,,-0.014811970539375384,1.0,-0.0,,-0.014811970539375384,,
Physically small,Tenary weights,0,4,2,211,217,2,4,0.17185068465818631,,-0.013217093485861298,1.0,-0.0,,-0.013217093485861298,,
Physically small,ADMM-based compression,0,4,2,211,217,2,4,0.17185068465818631,,-0.013217093485861298,1.0,-0.0,,-0.013217093485861298,,
Physically small,Sparsification,0,10,2,205,217,2,10,0.25780435421065095,,-0.02119876669162978,1.0,-0.0,,-0.02119876669162978,,
Physically small,Weight sharing,0,1,2,214,217,2,1,0.08997290406174518,,-0.006562493591317981,1.0,-0.0,,-0.006562493591317981,,
Physically small,Weight grouping,0,1,2,214,217,2,1,0.08997290406174518,,-0.006562493591317981,1.0,-0.0,,-0.006562493591317981,,
Physically small,Node masking,0,1,2,214,217,2,1,0.08997290406174518,,-0.006562493591317981,1.0,-0.0,,-0.006562493591317981,,
Physically small,Diagonal scalar weight matrix,0,1,2,214,217,2,1,0.08997290406174518,,-0.006562493591317981,1.0,-0.0,,-0.006562493591317981,,
Physically small,Matrix reusing,0,1,2,214,217,2,1,0.08997290406174518,,-0.006562493591317981,1.0,-0.0,,-0.006562493591317981,,
Physically small,Smaller computation datatype,0,7,2,208,217,2,7,0.22076594753891132,,-0.017609018126512475,1.0,-0.0,,-0.017609018126512475,,
Physically small,Tensor or matrix decomposition,0,6,2,209,217,2,6,0.206212993639731,,-0.016264104850251135,1.0,-0.0,,-0.016264104850251135,,
Physically small,Continous learning,0,1,2,214,217,2,1,0.08997290406174518,,-0.006562493591317981,1.0,-0.0,,-0.006562493591317981,,
Physically small,Imitation learning,0,1,2,214,217,2,1,0.08997290406174518,,-0.006562493591317981,1.0,-0.0,,-0.006562493591317981,,
Physically small,Meta-learning,0,10,2,205,217,2,10,0.25780435421065095,,-0.02119876669162978,1.0,-0.0,,-0.02119876669162978,,
Physically small,Self-supervision learning,0,3,2,212,217,2,3,0.15066306992548228,,-0.011419563624939743,1.0,-0.0,,-0.011419563624939743,,
Physically small,Self-adjusted learning,0,1,2,214,217,2,1,0.08997290406174518,,-0.006562493591317981,1.0,-0.0,,-0.006562493591317981,,
Physically small,Transfer learning,0,5,2,210,217,2,5,0.19007895443513734,,-0.014811970539375384,1.0,-0.0,,-0.014811970539375384,,
Physically small,Federated learning,0,2,2,213,217,2,2,0.12482668095705252,,-0.009302325581395349,1.0,-0.0,,-0.009302325581395349,,
Physically small,End-to-end learning,0,4,2,211,217,2,4,0.17185068465818631,,-0.013217093485861298,1.0,-0.0,,-0.013217093485861298,,
Physically small,Few-shot learning,0,4,2,211,217,2,4,0.17185068465818631,,-0.013217093485861298,1.0,-0.0,,-0.013217093485861298,,
Physically small,Online training,0,1,2,214,217,2,1,0.08997290406174518,,-0.006562493591317981,1.0,-0.0,,-0.006562493591317981,,
Physically small,Test-time training,0,1,2,214,217,2,1,0.08997290406174518,,-0.006562493591317981,1.0,-0.0,,-0.006562493591317981,,
Physically small,Fault tolerant training,0,4,2,211,217,2,4,0.17185068465818631,,-0.013217093485861298,1.0,-0.0,,-0.013217093485861298,,
Physically small,Adversarial training,0,28,2,187,217,2,28,0.3927942914850693,,-0.037123069759313634,1.0,-0.0,,-0.037123069759313634,,
Physically small,Adversarial generation decoupling,0,1,2,214,217,2,1,0.08997290406174518,,-0.006562493591317981,1.0,-0.0,,-0.006562493591317981,,
Physically small,Incremental training with sensor data,0,2,2,213,217,2,2,0.12482668095705252,,-0.009302325581395349,1.0,-0.0,,-0.009302325581395349,,
Physically small,Inclusion of wrong labeled data in training,0,1,2,214,217,2,1,0.08997290406174518,,-0.006562493591317981,1.0,-0.0,,-0.006562493591317981,,
Physically small,Training with unlabed data,0,2,2,213,217,2,2,0.12482668095705252,,-0.009302325581395349,1.0,-0.0,,-0.009302325581395349,,
Physically small,Standard training on fully labeled datasets,0,3,2,212,217,2,3,0.15066306992548228,,-0.011419563624939743,1.0,-0.0,,-0.011419563624939743,,
Physically small,On-device local training,0,3,2,212,217,2,3,0.15066306992548228,,-0.011419563624939743,1.0,-0.0,,-0.011419563624939743,,
Physically small,Training with gradient noise,0,2,2,213,217,2,2,0.12482668095705252,,-0.009302325581395349,1.0,-0.0,,-0.009302325581395349,,
Physically small,Contrastive representation learning,0,1,2,214,217,2,1,0.08997290406174518,,-0.006562493591317981,1.0,-0.0,,-0.006562493591317981,,
Physically small,Training optimization algorithm selection or adaptation,0,11,2,204,217,2,11,0.26852657159596116,,-0.022287353438180866,1.0,-0.0,,-0.022287353438180866,,
Physically small,Training loss function selection or adaptation,0,5,2,210,217,2,5,0.19007895443513734,,-0.014811970539375384,1.0,-0.0,,-0.014811970539375384,,
Physically small,Label smooting,0,2,2,213,217,2,2,0.12482668095705252,,-0.009302325581395349,1.0,-0.0,,-0.009302325581395349,,
Physically small,Training loss early stopping,0,1,2,214,217,2,1,0.08997290406174518,,-0.006562493591317981,1.0,-0.0,,-0.006562493591317981,,
Physically small,Weight initialization random,0,1,2,214,217,2,1,0.08997290406174518,,-0.006562493591317981,1.0,-0.0,,-0.006562493591317981,,
Physically small,Pretraining,0,3,2,212,217,2,3,0.15066306992548228,,-0.011419563624939743,1.0,-0.0,,-0.011419563624939743,,
Physically small,Suppress redundant channel activations,0,1,2,214,217,2,1,0.08997290406174518,,-0.006562493591317981,1.0,-0.0,,-0.006562493591317981,,
Physically small,Regularization training,0,8,2,207,217,2,8,0.2340716616353513,,-0.01886981395546065,1.0,-0.0,,-0.01886981395546065,,
Physically small,Training with uncertainty measures,0,1,2,214,217,2,1,0.08997290406174518,,-0.006562493591317981,1.0,-0.0,,-0.006562493591317981,,
Physically small,Finetuning ,0,10,2,205,217,2,10,0.25780435421065095,,-0.02119876669162978,1.0,-0.0,,-0.02119876669162978,,
Physically small,Fault-aware retraining,0,1,2,214,217,2,1,0.08997290406174518,,-0.006562493591317981,1.0,-0.0,,-0.006562493591317981,,
Physically small,Retraining for fine tuning,0,4,2,211,217,2,4,0.17185068465818631,,-0.013217093485861298,1.0,-0.0,,-0.013217093485861298,,
Physically small,Quantization-aware retraining,0,3,2,212,217,2,3,0.15066306992548228,,-0.011419563624939743,1.0,-0.0,,-0.011419563624939743,,
Physically small,Automatic retraining and deployment triggering,0,1,2,214,217,2,1,0.08997290406174518,,-0.006562493591317981,1.0,-0.0,,-0.006562493591317981,,
Physically small,Training with adversarial noise,0,4,2,211,217,2,4,0.17185068465818631,,-0.013217093485861298,1.0,-0.0,,-0.013217093485861298,,
Physically small,Heuristics-driven augmentation,0,5,2,210,217,2,5,0.19007895443513734,,-0.014811970539375384,1.0,-0.0,,-0.014811970539375384,,
Physically small,Data-driven augmentations,0,1,2,214,217,2,1,0.08997290406174518,,-0.006562493591317981,1.0,-0.0,,-0.006562493591317981,,
Physically small,Modular system design,0,2,2,213,217,2,2,0.12482668095705252,,-0.009302325581395349,1.0,-0.0,,-0.009302325581395349,,
Physically small,Sensor ring architecture,0,1,2,214,217,2,1,0.08997290406174518,,-0.006562493591317981,1.0,-0.0,,-0.006562493591317981,,
Physically small,Containerization,0,3,2,212,217,2,3,0.15066306992548228,,-0.011419563624939743,1.0,-0.0,,-0.011419563624939743,,
Physically small,Specific model type selection,0,4,2,211,217,2,4,0.17185068465818631,,-0.013217093485861298,1.0,-0.0,,-0.013217093485861298,,
Physically small,TPU SoC or Accelerator Hardware ,0,5,2,210,217,2,5,0.19007895443513734,,-0.014811970539375384,1.0,-0.0,,-0.014811970539375384,,
Physically small,Edge compute hardware,0,4,2,211,217,2,4,0.17185068465818631,,-0.013217093485861298,1.0,-0.0,,-0.013217093485861298,,
Physically small,Library Encapsulation,0,1,2,214,217,2,1,0.08997290406174518,,-0.006562493591317981,1.0,-0.0,,-0.006562493591317981,,
Physically small,Deployment pipeline creation,0,3,2,212,217,2,3,0.15066306992548228,,-0.011419563624939743,1.0,-0.0,,-0.011419563624939743,,
Physically small,Model pool for deployment,0,1,2,214,217,2,1,0.08997290406174518,,-0.006562493591317981,1.0,-0.0,,-0.006562493591317981,,
Physically small,Network combination,0,3,2,212,217,2,3,0.15066306992548228,,-0.011419563624939743,1.0,-0.0,,-0.011419563624939743,,
Physically small,Network partitioning,0,9,2,206,217,2,9,0.24636168355623522,,-0.020062514106460188,1.0,-0.0,,-0.020062514106460188,,
Physically small,Weight averaging,0,1,2,214,217,2,1,0.08997290406174518,,-0.006562493591317981,1.0,-0.0,,-0.006562493591317981,,
Physically small,Input resolution adjustment,0,3,2,212,217,2,3,0.15066306992548228,,-0.011419563624939743,1.0,-0.0,,-0.011419563624939743,,
Physically small,Sensor or input data fusion,0,5,2,210,217,2,5,0.19007895443513734,,-0.014811970539375384,1.0,-0.0,,-0.014811970539375384,,
Physically small,Sliding Window,0,1,2,214,217,2,1,0.08997290406174518,,-0.006562493591317981,1.0,-0.0,,-0.006562493591317981,,
Physically small,Frame rate reduction,0,2,2,213,217,2,2,0.12482668095705252,,-0.009302325581395349,1.0,-0.0,,-0.009302325581395349,,
Physically small,Input spatial partitioning,0,1,2,214,217,2,1,0.08997290406174518,,-0.006562493591317981,1.0,-0.0,,-0.006562493591317981,,
Physically small,Input contrast improvement,0,1,2,214,217,2,1,0.08997290406174518,,-0.006562493591317981,1.0,-0.0,,-0.006562493591317981,,
Physically small,Input modification,0,2,2,213,217,2,2,0.12482668095705252,,-0.009302325581395349,1.0,-0.0,,-0.009302325581395349,,
Physically small,Sequential input fusion,0,1,2,214,217,2,1,0.08997290406174518,,-0.006562493591317981,1.0,-0.0,,-0.006562493591317981,,
Physically small,Signal overwriting,0,1,2,214,217,2,1,0.08997290406174518,,-0.006562493591317981,1.0,-0.0,,-0.006562493591317981,,
Physically small,Denoising,0,2,2,213,217,2,2,0.12482668095705252,,-0.009302325581395349,1.0,-0.0,,-0.009302325581395349,,
Physically small,Robust feature extraction,0,2,2,213,217,2,2,0.12482668095705252,,-0.009302325581395349,1.0,-0.0,,-0.009302325581395349,,
Physically small,Post-processing,0,1,2,214,217,2,1,0.08997290406174518,,-0.006562493591317981,1.0,-0.0,,-0.006562493591317981,,
Physically small,Decision smoothing,0,1,2,214,217,2,1,0.08997290406174518,,-0.006562493591317981,1.0,-0.0,,-0.006562493591317981,,
Physically small,Width adjustment,0,15,2,200,217,2,15,0.30590634059779964,,-0.02628244187844261,1.0,-0.0,,-0.02628244187844261,,
Physically small,Depth adjustment,0,12,2,203,217,2,12,0.27862677921159384,,-0.0233350889326849,1.0,-0.0,,-0.0233350889326849,,
Physically small,Last stage reduction,0,1,2,214,217,2,1,0.08997290406174518,,-0.006562493591317981,1.0,-0.0,,-0.006562493591317981,,
Physically small,New or specific layer module,0,5,2,210,217,2,5,0.19007895443513734,,-0.014811970539375384,1.0,-0.0,,-0.014811970539375384,,
Physically small,Model fusion,0,1,2,214,217,2,1,0.08997290406174518,,-0.006562493591317981,1.0,-0.0,,-0.006562493591317981,,
Physically small,Kernel regularization,0,1,2,214,217,2,1,0.08997290406174518,,-0.006562493591317981,1.0,-0.0,,-0.006562493591317981,,
Physically small,Regularization,0,7,2,208,217,2,7,0.22076594753891132,,-0.017609018126512475,1.0,-0.0,,-0.017609018126512475,,
Physically small,Early-exit inference,0,4,2,211,217,2,4,0.17185068465818631,,-0.013217093485861298,1.0,-0.0,,-0.013217093485861298,,
Physically small,Additional side branches with uncertainty measures,0,2,2,213,217,2,2,0.12482668095705252,,-0.009302325581395349,1.0,-0.0,,-0.009302325581395349,,
Physically small,Tuner and meta-tuner blocks,0,2,2,213,217,2,2,0.12482668095705252,,-0.009302325581395349,1.0,-0.0,,-0.009302325581395349,,
Physically small,Adapter module,0,2,2,213,217,2,2,0.12482668095705252,,-0.009302325581395349,1.0,-0.0,,-0.009302325581395349,,
Physically small,Bottleneck module,0,2,2,213,217,2,2,0.12482668095705252,,-0.009302325581395349,1.0,-0.0,,-0.009302325581395349,,
Physically small,Separation of convolutional kernels,0,2,2,213,217,2,2,0.12482668095705252,,-0.009302325581395349,1.0,-0.0,,-0.009302325581395349,,
Physically small,Depthwise-separable convolution layers,0,2,2,213,217,2,2,0.12482668095705252,,-0.009302325581395349,1.0,-0.0,,-0.009302325581395349,,
Physically small,Convolution unfolding,0,1,2,214,217,2,1,0.08997290406174518,,-0.006562493591317981,1.0,-0.0,,-0.006562493591317981,,
Physically small,Activation function selection,0,4,2,211,217,2,4,0.17185068465818631,,-0.013217093485861298,1.0,-0.0,,-0.013217093485861298,,
Physically small,Layer fusion,0,1,2,214,217,2,1,0.08997290406174518,,-0.006562493591317981,1.0,-0.0,,-0.006562493591317981,,
Physically small,Fault-map-based neuron re-mapping,0,1,2,214,217,2,1,0.08997290406174518,,-0.006562493591317981,1.0,-0.0,,-0.006562493591317981,,
Physically small,Multiscale feature processing architectures,0,1,2,214,217,2,1,0.08997290406174518,,-0.006562493591317981,1.0,-0.0,,-0.006562493591317981,,
Physically small,Architecture design through math. optimization,0,5,2,210,217,2,5,0.19007895443513734,,-0.014811970539375384,1.0,-0.0,,-0.014811970539375384,,
Physically small,Neural architecture search,0,10,2,205,217,2,10,0.25780435421065095,,-0.02119876669162978,1.0,-0.0,,-0.02119876669162978,,
Physically small,Architecture design optimization with reinforcement learning,0,2,2,213,217,2,2,0.12482668095705252,,-0.009302325581395349,1.0,-0.0,,-0.009302325581395349,,
Physically small,Model format conversion,0,2,2,213,217,2,2,0.12482668095705252,,-0.009302325581395349,1.0,-0.0,,-0.009302325581395349,,
Physically small,Normalization,0,3,2,212,217,2,3,0.15066306992548228,,-0.011419563624939743,1.0,-0.0,,-0.011419563624939743,,
Physically small,Policy conversion,0,1,2,214,217,2,1,0.08997290406174518,,-0.006562493591317981,1.0,-0.0,,-0.006562493591317981,,
Physically small,Feature encoding,0,3,2,212,217,2,3,0.15066306992548228,,-0.011419563624939743,1.0,-0.0,,-0.011419563624939743,,
Physically small,On-chip weight caching,0,2,2,213,217,2,2,0.12482668095705252,,-0.009302325581395349,1.0,-0.0,,-0.009302325581395349,,
Physically small,Cache preloading,0,1,2,214,217,2,1,0.08997290406174518,,-0.006562493591317981,1.0,-0.0,,-0.006562493591317981,,
Physically small,Prediction/intermediate result caching,0,2,2,213,217,2,2,0.12482668095705252,,-0.009302325581395349,1.0,-0.0,,-0.009302325581395349,,
Physically small,Relevant content caching,0,1,2,214,217,2,1,0.08997290406174518,,-0.006562493591317981,1.0,-0.0,,-0.006562493591317981,,
Physically small,Light communication protocol usage,0,1,2,214,217,2,1,0.08997290406174518,,-0.006562493591317981,1.0,-0.0,,-0.006562493591317981,,
Physically small,Cloud compression and edge reconstruction,0,1,2,214,217,2,1,0.08997290406174518,,-0.006562493591317981,1.0,-0.0,,-0.006562493591317981,,
Physically small,Deadline-aware scheduling,0,2,2,213,217,2,2,0.12482668095705252,,-0.009302325581395349,1.0,-0.0,,-0.009302325581395349,,
Physically small,Memory scheduling,0,2,2,213,217,2,2,0.12482668095705252,,-0.009302325581395349,1.0,-0.0,,-0.009302325581395349,,
Physically small,Multitask Scheduling,0,3,2,212,217,2,3,0.15066306992548228,,-0.011419563624939743,1.0,-0.0,,-0.011419563624939743,,
Physically small,Single task assignment,0,1,2,214,217,2,1,0.08997290406174518,,-0.006562493591317981,1.0,-0.0,,-0.006562493591317981,,
Physically small,Adaptive model scheduling,0,1,2,214,217,2,1,0.08997290406174518,,-0.006562493591317981,1.0,-0.0,,-0.006562493591317981,,
Physically small,Adaptive batching,0,1,2,214,217,2,1,0.08997290406174518,,-0.006562493591317981,1.0,-0.0,,-0.006562493591317981,,
Physically small,Sensor duty cycle,0,2,2,213,217,2,2,0.12482668095705252,,-0.009302325581395349,1.0,-0.0,,-0.009302325581395349,,
Physically small,Later local processing of encoded features,0,1,2,214,217,2,1,0.08997290406174518,,-0.006562493591317981,1.0,-0.0,,-0.006562493591317981,,
Physically small,Concurrent processing hardware,0,7,2,208,217,2,7,0.22076594753891132,,-0.017609018126512475,1.0,-0.0,,-0.017609018126512475,,
Physically small,Straggler mitigation,0,1,2,214,217,2,1,0.08997290406174518,,-0.006562493591317981,1.0,-0.0,,-0.006562493591317981,,
Physically small,Prediction combination of multi-models,0,1,2,214,217,2,1,0.08997290406174518,,-0.006562493591317981,1.0,-0.0,,-0.006562493591317981,,
Physically small,Competing models ,0,1,2,214,217,2,1,0.08997290406174518,,-0.006562493591317981,1.0,-0.0,,-0.006562493591317981,,
Physically small,Multi-model of different models,0,6,2,209,217,2,6,0.206212993639731,,-0.016264104850251135,1.0,-0.0,,-0.016264104850251135,,
Physically small,Task-level parallelism on CNN layer-level,0,9,2,206,217,2,9,0.24636168355623522,,-0.020062514106460188,1.0,-0.0,,-0.020062514106460188,,
Physically small,Data-level parallelsim in CNN layer,0,1,2,214,217,2,1,0.08997290406174518,,-0.006562493591317981,1.0,-0.0,,-0.006562493591317981,,
Physically small,Event-based processing,0,1,2,214,217,2,1,0.08997290406174518,,-0.006562493591317981,1.0,-0.0,,-0.006562493591317981,,
Physically small,Partial layer execution,0,2,2,213,217,2,2,0.12482668095705252,,-0.009302325581395349,1.0,-0.0,,-0.009302325581395349,,
Physically small,Matrix-multiplication optimization,0,1,2,214,217,2,1,0.08997290406174518,,-0.006562493591317981,1.0,-0.0,,-0.006562493591317981,,
Physically small,Simultaneous memory loading,0,4,2,211,217,2,4,0.17185068465818631,,-0.013217093485861298,1.0,-0.0,,-0.013217093485861298,,
Physically small,External computational offloading,0,11,2,204,217,2,11,0.26852657159596116,,-0.022287353438180866,1.0,-0.0,,-0.022287353438180866,,
Physically small,Internal computation balancing,0,3,2,212,217,2,3,0.15066306992548228,,-0.011419563624939743,1.0,-0.0,,-0.011419563624939743,,
Physically small,Quantitative sensor selection,0,1,2,214,217,2,1,0.08997290406174518,,-0.006562493591317981,1.0,-0.0,,-0.006562493591317981,,
Physically small,Out-of-distribution detection,0,3,2,212,217,2,3,0.15066306992548228,,-0.011419563624939743,1.0,-0.0,,-0.011419563624939743,,
Physically small,Failure prevention or mitigation,0,3,2,212,217,2,3,0.15066306992548228,,-0.011419563624939743,1.0,-0.0,,-0.011419563624939743,,
Physically small,Independent model development,0,1,2,214,217,2,1,0.08997290406174518,,-0.006562493591317981,1.0,-0.0,,-0.006562493591317981,,
Physically small,Coupled semantic descriptions,0,1,2,214,217,2,1,0.08997290406174518,,-0.006562493591317981,1.0,-0.0,,-0.006562493591317981,,
Physically small,Test time adaption,0,2,2,213,217,2,2,0.12482668095705252,,-0.009302325581395349,1.0,-0.0,,-0.009302325581395349,,
Physically small,Merging of fault maps,0,1,2,214,217,2,1,0.08997290406174518,,-0.006562493591317981,1.0,-0.0,,-0.006562493591317981,,
Physically small,High-level synthesis,0,1,2,214,217,2,1,0.08997290406174518,,-0.006562493591317981,1.0,-0.0,,-0.006562493591317981,,
Physically small,Post-hoc uncertainty calibration ,0,1,2,214,217,2,1,0.08997290406174518,,-0.006562493591317981,1.0,-0.0,,-0.006562493591317981,,
Training performance efficiency,Post-training quantization,0,1,11,205,217,11,1,0.19837015644199685,,-0.015723016016341327,1.0,-0.0,,-0.015723016016341327,,
Training performance efficiency,Huffman coding,0,1,11,205,217,11,1,0.19837015644199685,,-0.015723016016341327,1.0,-0.0,,-0.015723016016341327,,
Training performance efficiency,Ablation,0,1,11,205,217,11,1,0.19837015644199685,,-0.015723016016341327,1.0,-0.0,,-0.015723016016341327,,
Training performance efficiency,Mixed-precision compression,0,5,11,201,217,11,5,0.3900713113329324,,-0.035487859421650524,1.0,-0.0,,-0.035487859421650524,,
Training performance efficiency,Integer-only operations,0,11,11,195,217,11,11,0.5196946989102006,,-0.05339805825242718,1.0,-0.0,,-0.05339805825242718,,
Training performance efficiency,Parameter amount reduction,0,2,11,204,217,11,2,0.26852657159596116,,-0.022287353438180866,1.0,-0.0,,-0.022287353438180866,,
Training performance efficiency,Binary and ternary weights training,0,1,11,205,217,11,1,0.19837015644199685,,-0.015723016016341327,1.0,-0.0,,-0.015723016016341327,,
Training performance efficiency,Quantization-aware training,0,3,11,203,217,11,3,0.31816722087539906,,-0.02736002394152379,1.0,-0.0,,-0.02736002394152379,,
Training performance efficiency,Binary weights and activations,0,6,11,200,217,11,6,0.4181848889381188,,-0.038967014213966714,1.0,-0.0,,-0.038967014213966714,,
Training performance efficiency,Ternary weights and activations 2-bit,0,5,11,201,217,11,5,0.3900713113329324,,-0.035487859421650524,1.0,-0.0,,-0.035487859421650524,,
Training performance efficiency,Tenary weights,0,4,11,202,217,11,4,0.3573895939171715,,-0.03166670864907339,1.0,-0.0,,-0.03166670864907339,,
Training performance efficiency,ADMM-based compression,0,4,11,202,217,11,4,0.3573895939171715,,-0.03166670864907339,1.0,-0.0,,-0.03166670864907339,,
Training performance efficiency,Weight sharing,0,1,11,205,217,11,1,0.19837015644199685,,-0.015723016016341327,1.0,-0.0,,-0.015723016016341327,,
Training performance efficiency,Weight grouping,0,1,11,205,217,11,1,0.19837015644199685,,-0.015723016016341327,1.0,-0.0,,-0.015723016016341327,,
Training performance efficiency,Node masking,0,1,11,205,217,11,1,0.19837015644199685,,-0.015723016016341327,1.0,-0.0,,-0.015723016016341327,,
Training performance efficiency,Diagonal scalar weight matrix,0,1,11,205,217,11,1,0.19837015644199685,,-0.015723016016341327,1.0,-0.0,,-0.015723016016341327,,
Training performance efficiency,Tensor or matrix decomposition,0,6,11,200,217,11,6,0.4181848889381188,,-0.038967014213966714,1.0,-0.0,,-0.038967014213966714,,
Training performance efficiency,Continous learning,0,1,11,205,217,11,1,0.19837015644199685,,-0.015723016016341327,1.0,-0.0,,-0.015723016016341327,,
Training performance efficiency,Imitation learning,0,1,11,205,217,11,1,0.19837015644199685,,-0.015723016016341327,1.0,-0.0,,-0.015723016016341327,,
Training performance efficiency,Closed-loop learning,0,6,11,200,217,11,6,0.4181848889381188,,-0.038967014213966714,1.0,-0.0,,-0.038967014213966714,,
Training performance efficiency,Meta-learning,0,10,11,196,217,11,10,0.503020200599074,,-0.050789923613813064,1.0,-0.0,,-0.050789923613813064,,
Training performance efficiency,Destillation learning,0,11,11,195,217,11,11,0.5196946989102006,,-0.05339805825242718,1.0,-0.0,,-0.05339805825242718,,
Training performance efficiency,Transfer learning,0,5,11,201,217,11,5,0.3900713113329324,,-0.035487859421650524,1.0,-0.0,,-0.035487859421650524,,
Training performance efficiency,Federated learning,0,2,11,204,217,11,2,0.26852657159596116,,-0.022287353438180866,1.0,-0.0,,-0.022287353438180866,,
Training performance efficiency,End-to-end learning,0,4,11,202,217,11,4,0.3573895939171715,,-0.03166670864907339,1.0,-0.0,,-0.03166670864907339,,
Training performance efficiency,Few-shot learning,0,4,11,202,217,11,4,0.3573895939171715,,-0.03166670864907339,1.0,-0.0,,-0.03166670864907339,,
Training performance efficiency,Online training,0,1,11,205,217,11,1,0.19837015644199685,,-0.015723016016341327,1.0,-0.0,,-0.015723016016341327,,
Training performance efficiency,Test-time training,0,1,11,205,217,11,1,0.19837015644199685,,-0.015723016016341327,1.0,-0.0,,-0.015723016016341327,,
Training performance efficiency,Adversarial generation decoupling,0,1,11,205,217,11,1,0.19837015644199685,,-0.015723016016341327,1.0,-0.0,,-0.015723016016341327,,
Training performance efficiency,Incremental training with sensor data,0,2,11,204,217,11,2,0.26852657159596116,,-0.022287353438180866,1.0,-0.0,,-0.022287353438180866,,
Training performance efficiency,Inclusion of wrong labeled data in training,0,1,11,205,217,11,1,0.19837015644199685,,-0.015723016016341327,1.0,-0.0,,-0.015723016016341327,,
Training performance efficiency,Training with unlabed data,0,2,11,204,217,11,2,0.26852657159596116,,-0.022287353438180866,1.0,-0.0,,-0.022287353438180866,,
Training performance efficiency,On-device local training,0,3,11,203,217,11,3,0.31816722087539906,,-0.02736002394152379,1.0,-0.0,,-0.02736002394152379,,
Training performance efficiency,Contrastive representation learning,0,1,11,205,217,11,1,0.19837015644199685,,-0.015723016016341327,1.0,-0.0,,-0.015723016016341327,,
Training performance efficiency,Training loss function selection or adaptation,0,5,11,201,217,11,5,0.3900713113329324,,-0.035487859421650524,1.0,-0.0,,-0.035487859421650524,,
Training performance efficiency,Suppress redundant channel activations,0,1,11,205,217,11,1,0.19837015644199685,,-0.015723016016341327,1.0,-0.0,,-0.015723016016341327,,
Training performance efficiency,Regularization training,0,8,11,198,217,11,8,0.46494662353884153,,-0.045210007890842445,1.0,-0.0,,-0.045210007890842445,,
Training performance efficiency,Retraining for fine tuning,0,4,11,202,217,11,4,0.3573895939171715,,-0.03166670864907339,1.0,-0.0,,-0.03166670864907339,,
Training performance efficiency,Quantization-aware retraining,0,3,11,203,217,11,3,0.31816722087539906,,-0.02736002394152379,1.0,-0.0,,-0.02736002394152379,,
Training performance efficiency,Automatic retraining and deployment triggering,0,1,11,205,217,11,1,0.19837015644199685,,-0.015723016016341327,1.0,-0.0,,-0.015723016016341327,,
Training performance efficiency,Data-driven augmentations,0,1,11,205,217,11,1,0.19837015644199685,,-0.015723016016341327,1.0,-0.0,,-0.015723016016341327,,
Training performance efficiency,Modular system design,0,2,11,204,217,11,2,0.26852657159596116,,-0.022287353438180866,1.0,-0.0,,-0.022287353438180866,,
Training performance efficiency,Sensor ring architecture,0,1,11,205,217,11,1,0.19837015644199685,,-0.015723016016341327,1.0,-0.0,,-0.015723016016341327,,
Training performance efficiency,Containerization,0,3,11,203,217,11,3,0.31816722087539906,,-0.02736002394152379,1.0,-0.0,,-0.02736002394152379,,
Training performance efficiency,Specific model type selection,0,4,11,202,217,11,4,0.3573895939171715,,-0.03166670864907339,1.0,-0.0,,-0.03166670864907339,,
Training performance efficiency,TPU SoC or Accelerator Hardware ,0,5,11,201,217,11,5,0.3900713113329324,,-0.035487859421650524,1.0,-0.0,,-0.035487859421650524,,
Training performance efficiency,Edge compute hardware,0,4,11,202,217,11,4,0.3573895939171715,,-0.03166670864907339,1.0,-0.0,,-0.03166670864907339,,
Training performance efficiency,Library Encapsulation,0,1,11,205,217,11,1,0.19837015644199685,,-0.015723016016341327,1.0,-0.0,,-0.015723016016341327,,
Training performance efficiency,Deployment pipeline creation,0,3,11,203,217,11,3,0.31816722087539906,,-0.02736002394152379,1.0,-0.0,,-0.02736002394152379,,
Training performance efficiency,Model pool for deployment,0,1,11,205,217,11,1,0.19837015644199685,,-0.015723016016341327,1.0,-0.0,,-0.015723016016341327,,
Training performance efficiency,Network combination,0,3,11,203,217,11,3,0.31816722087539906,,-0.02736002394152379,1.0,-0.0,,-0.02736002394152379,,
Training performance efficiency,Network partitioning,0,9,11,197,217,11,9,0.4848643207030773,,-0.048067586845535526,1.0,-0.0,,-0.048067586845535526,,
Training performance efficiency,Weight averaging,0,1,11,205,217,11,1,0.19837015644199685,,-0.015723016016341327,1.0,-0.0,,-0.015723016016341327,,
Training performance efficiency,Input resolution adjustment,0,3,11,203,217,11,3,0.31816722087539906,,-0.02736002394152379,1.0,-0.0,,-0.02736002394152379,,
Training performance efficiency,Sensor or input data fusion,0,5,11,201,217,11,5,0.3900713113329324,,-0.035487859421650524,1.0,-0.0,,-0.035487859421650524,,
Training performance efficiency,Sliding Window,0,1,11,205,217,11,1,0.19837015644199685,,-0.015723016016341327,1.0,-0.0,,-0.015723016016341327,,
Training performance efficiency,Frame rate reduction,0,2,11,204,217,11,2,0.26852657159596116,,-0.022287353438180866,1.0,-0.0,,-0.022287353438180866,,
Training performance efficiency,Input spatial partitioning,0,1,11,205,217,11,1,0.19837015644199685,,-0.015723016016341327,1.0,-0.0,,-0.015723016016341327,,
Training performance efficiency,Input contrast improvement,0,1,11,205,217,11,1,0.19837015644199685,,-0.015723016016341327,1.0,-0.0,,-0.015723016016341327,,
Training performance efficiency,Input modification,0,2,11,204,217,11,2,0.26852657159596116,,-0.022287353438180866,1.0,-0.0,,-0.022287353438180866,,
Training performance efficiency,Sequential input fusion,0,1,11,205,217,11,1,0.19837015644199685,,-0.015723016016341327,1.0,-0.0,,-0.015723016016341327,,
Training performance efficiency,Signal overwriting,0,1,11,205,217,11,1,0.19837015644199685,,-0.015723016016341327,1.0,-0.0,,-0.015723016016341327,,
Training performance efficiency,Denoising,0,2,11,204,217,11,2,0.26852657159596116,,-0.022287353438180866,1.0,-0.0,,-0.022287353438180866,,
Training performance efficiency,Robust feature extraction,0,2,11,204,217,11,2,0.26852657159596116,,-0.022287353438180866,1.0,-0.0,,-0.022287353438180866,,
Training performance efficiency,Post-processing,0,1,11,205,217,11,1,0.19837015644199685,,-0.015723016016341327,1.0,-0.0,,-0.015723016016341327,,
Training performance efficiency,Decision smoothing,0,1,11,205,217,11,1,0.19837015644199685,,-0.015723016016341327,1.0,-0.0,,-0.015723016016341327,,
Training performance efficiency,Width adjustment,0,15,11,191,217,11,15,0.5752900605933942,,-0.0629698526715544,1.0,-0.0,,-0.0629698526715544,,
Training performance efficiency,Depth adjustment,0,12,11,194,217,11,12,0.5351040613112231,,-0.05590831776456908,1.0,-0.0,,-0.05590831776456908,,
Training performance efficiency,Last stage reduction,0,1,11,205,217,11,1,0.19837015644199685,,-0.015723016016341327,1.0,-0.0,,-0.015723016016341327,,
Training performance efficiency,New or specific layer module,0,5,11,201,217,11,5,0.3900713113329324,,-0.035487859421650524,1.0,-0.0,,-0.035487859421650524,,
Training performance efficiency,Model fusion,0,1,11,205,217,11,1,0.19837015644199685,,-0.015723016016341327,1.0,-0.0,,-0.015723016016341327,,
Training performance efficiency,Kernel regularization,0,1,11,205,217,11,1,0.19837015644199685,,-0.015723016016341327,1.0,-0.0,,-0.015723016016341327,,
Training performance efficiency,Early-exit inference,0,4,11,202,217,11,4,0.3573895939171715,,-0.03166670864907339,1.0,-0.0,,-0.03166670864907339,,
Training performance efficiency,Additional side branches with uncertainty measures,0,2,11,204,217,11,2,0.26852657159596116,,-0.022287353438180866,1.0,-0.0,,-0.022287353438180866,,
Training performance efficiency,Tuner and meta-tuner blocks,0,2,11,204,217,11,2,0.26852657159596116,,-0.022287353438180866,1.0,-0.0,,-0.022287353438180866,,
Training performance efficiency,Adapter module,0,2,11,204,217,11,2,0.26852657159596116,,-0.022287353438180866,1.0,-0.0,,-0.022287353438180866,,
Training performance efficiency,Bottleneck module,0,2,11,204,217,11,2,0.26852657159596116,,-0.022287353438180866,1.0,-0.0,,-0.022287353438180866,,
Training performance efficiency,Separation of convolutional kernels,0,2,11,204,217,11,2,0.26852657159596116,,-0.022287353438180866,1.0,-0.0,,-0.022287353438180866,,
Training performance efficiency,Depthwise-separable convolution layers,0,2,11,204,217,11,2,0.26852657159596116,,-0.022287353438180866,1.0,-0.0,,-0.022287353438180866,,
Training performance efficiency,Convolution unfolding,0,1,11,205,217,11,1,0.19837015644199685,,-0.015723016016341327,1.0,-0.0,,-0.015723016016341327,,
Training performance efficiency,Activation function selection,0,4,11,202,217,11,4,0.3573895939171715,,-0.03166670864907339,1.0,-0.0,,-0.03166670864907339,,
Training performance efficiency,Layer fusion,0,1,11,205,217,11,1,0.19837015644199685,,-0.015723016016341327,1.0,-0.0,,-0.015723016016341327,,
Training performance efficiency,Fault-map-based neuron re-mapping,0,1,11,205,217,11,1,0.19837015644199685,,-0.015723016016341327,1.0,-0.0,,-0.015723016016341327,,
Training performance efficiency,Multiscale feature processing architectures,0,1,11,205,217,11,1,0.19837015644199685,,-0.015723016016341327,1.0,-0.0,,-0.015723016016341327,,
Training performance efficiency,Architecture design through math. optimization,0,5,11,201,217,11,5,0.3900713113329324,,-0.035487859421650524,1.0,-0.0,,-0.035487859421650524,,
Training performance efficiency,Neural architecture search,0,10,11,196,217,11,10,0.503020200599074,,-0.050789923613813064,1.0,-0.0,,-0.050789923613813064,,
Training performance efficiency,Hardware and Software codesign,0,8,11,198,217,11,8,0.46494662353884153,,-0.045210007890842445,1.0,-0.0,,-0.045210007890842445,,
Training performance efficiency,Architecture design optimization with reinforcement learning,0,2,11,204,217,11,2,0.26852657159596116,,-0.022287353438180866,1.0,-0.0,,-0.022287353438180866,,
Training performance efficiency,Model format conversion,0,2,11,204,217,11,2,0.26852657159596116,,-0.022287353438180866,1.0,-0.0,,-0.022287353438180866,,
Training performance efficiency,Normalization,0,3,11,203,217,11,3,0.31816722087539906,,-0.02736002394152379,1.0,-0.0,,-0.02736002394152379,,
Training performance efficiency,Policy conversion,0,1,11,205,217,11,1,0.19837015644199685,,-0.015723016016341327,1.0,-0.0,,-0.015723016016341327,,
Training performance efficiency,Feature encoding,0,3,11,203,217,11,3,0.31816722087539906,,-0.02736002394152379,1.0,-0.0,,-0.02736002394152379,,
Training performance efficiency,On-chip weight caching,0,2,11,204,217,11,2,0.26852657159596116,,-0.022287353438180866,1.0,-0.0,,-0.022287353438180866,,
Training performance efficiency,Cache preloading,0,1,11,205,217,11,1,0.19837015644199685,,-0.015723016016341327,1.0,-0.0,,-0.015723016016341327,,
Training performance efficiency,Prediction/intermediate result caching,0,2,11,204,217,11,2,0.26852657159596116,,-0.022287353438180866,1.0,-0.0,,-0.022287353438180866,,
Training performance efficiency,Relevant content caching,0,1,11,205,217,11,1,0.19837015644199685,,-0.015723016016341327,1.0,-0.0,,-0.015723016016341327,,
Training performance efficiency,Light communication protocol usage,0,1,11,205,217,11,1,0.19837015644199685,,-0.015723016016341327,1.0,-0.0,,-0.015723016016341327,,
Training performance efficiency,Cloud compression and edge reconstruction,0,1,11,205,217,11,1,0.19837015644199685,,-0.015723016016341327,1.0,-0.0,,-0.015723016016341327,,
Training performance efficiency,Deadline-aware scheduling,0,2,11,204,217,11,2,0.26852657159596116,,-0.022287353438180866,1.0,-0.0,,-0.022287353438180866,,
Training performance efficiency,Memory scheduling,0,2,11,204,217,11,2,0.26852657159596116,,-0.022287353438180866,1.0,-0.0,,-0.022287353438180866,,
Training performance efficiency,Multitask Scheduling,0,3,11,203,217,11,3,0.31816722087539906,,-0.02736002394152379,1.0,-0.0,,-0.02736002394152379,,
Training performance efficiency,Single task assignment,0,1,11,205,217,11,1,0.19837015644199685,,-0.015723016016341327,1.0,-0.0,,-0.015723016016341327,,
Training performance efficiency,Adaptive model scheduling,0,1,11,205,217,11,1,0.19837015644199685,,-0.015723016016341327,1.0,-0.0,,-0.015723016016341327,,
Training performance efficiency,Adaptive batching,0,1,11,205,217,11,1,0.19837015644199685,,-0.015723016016341327,1.0,-0.0,,-0.015723016016341327,,
Training performance efficiency,Sensor duty cycle,0,2,11,204,217,11,2,0.26852657159596116,,-0.022287353438180866,1.0,-0.0,,-0.022287353438180866,,
Training performance efficiency,Later local processing of encoded features,0,1,11,205,217,11,1,0.19837015644199685,,-0.015723016016341327,1.0,-0.0,,-0.015723016016341327,,
Training performance efficiency,Concurrent processing hardware,0,7,11,199,217,11,7,0.4428928155200824,,-0.04218927914862858,1.0,-0.0,,-0.04218927914862858,,
Training performance efficiency,Straggler mitigation,0,1,11,205,217,11,1,0.19837015644199685,,-0.015723016016341327,1.0,-0.0,,-0.015723016016341327,,
Training performance efficiency,Prediction combination of multi-models,0,1,11,205,217,11,1,0.19837015644199685,,-0.015723016016341327,1.0,-0.0,,-0.015723016016341327,,
Training performance efficiency,Competing models ,0,1,11,205,217,11,1,0.19837015644199685,,-0.015723016016341327,1.0,-0.0,,-0.015723016016341327,,
Training performance efficiency,Multi-model of different models,0,6,11,200,217,11,6,0.4181848889381188,,-0.038967014213966714,1.0,-0.0,,-0.038967014213966714,,
Training performance efficiency,Task-level parallelism on CNN layer-level,0,9,11,197,217,11,9,0.4848643207030773,,-0.048067586845535526,1.0,-0.0,,-0.048067586845535526,,
Training performance efficiency,Data-level parallelsim in CNN layer,0,1,11,205,217,11,1,0.19837015644199685,,-0.015723016016341327,1.0,-0.0,,-0.015723016016341327,,
Training performance efficiency,Event-based processing,0,1,11,205,217,11,1,0.19837015644199685,,-0.015723016016341327,1.0,-0.0,,-0.015723016016341327,,
Training performance efficiency,Partial layer execution,0,2,11,204,217,11,2,0.26852657159596116,,-0.022287353438180866,1.0,-0.0,,-0.022287353438180866,,
Training performance efficiency,Matrix-multiplication optimization,0,1,11,205,217,11,1,0.19837015644199685,,-0.015723016016341327,1.0,-0.0,,-0.015723016016341327,,
Training performance efficiency,Simultaneous memory loading,0,4,11,202,217,11,4,0.3573895939171715,,-0.03166670864907339,1.0,-0.0,,-0.03166670864907339,,
Training performance efficiency,External computational offloading,0,11,11,195,217,11,11,0.5196946989102006,,-0.05339805825242718,1.0,-0.0,,-0.05339805825242718,,
Training performance efficiency,Internal computation balancing,0,3,11,203,217,11,3,0.31816722087539906,,-0.02736002394152379,1.0,-0.0,,-0.02736002394152379,,
Training performance efficiency,Quantitative sensor selection,0,1,11,205,217,11,1,0.19837015644199685,,-0.015723016016341327,1.0,-0.0,,-0.015723016016341327,,
Training performance efficiency,Out-of-distribution detection,0,3,11,203,217,11,3,0.31816722087539906,,-0.02736002394152379,1.0,-0.0,,-0.02736002394152379,,
Training performance efficiency,Failure prevention or mitigation,0,3,11,203,217,11,3,0.31816722087539906,,-0.02736002394152379,1.0,-0.0,,-0.02736002394152379,,
Training performance efficiency,Independent model development,0,1,11,205,217,11,1,0.19837015644199685,,-0.015723016016341327,1.0,-0.0,,-0.015723016016341327,,
Training performance efficiency,Coupled semantic descriptions,0,1,11,205,217,11,1,0.19837015644199685,,-0.015723016016341327,1.0,-0.0,,-0.015723016016341327,,
Training performance efficiency,Test time adaption,0,2,11,204,217,11,2,0.26852657159596116,,-0.022287353438180866,1.0,-0.0,,-0.022287353438180866,,
Training performance efficiency,High-level synthesis,0,1,11,205,217,11,1,0.19837015644199685,,-0.015723016016341327,1.0,-0.0,,-0.015723016016341327,,
Training performance efficiency,Post-hoc uncertainty calibration ,0,1,11,205,217,11,1,0.19837015644199685,,-0.015723016016341327,1.0,-0.0,,-0.015723016016341327,,
Flexibility,Pruning,0,23,7,187,217,7,23,0.5708312880278239,,-0.06286405995769173,1.0,-0.0,,-0.06286405995769173,,
Flexibility,Post-training quantization,0,1,7,209,217,7,1,0.16170349855334454,,-0.012422599874998832,1.0,-0.0,,-0.012422599874998832,,
Flexibility,Huffman coding,0,1,7,209,217,7,1,0.16170349855334454,,-0.012422599874998832,1.0,-0.0,,-0.012422599874998832,,
Flexibility,Ablation,0,1,7,209,217,7,1,0.16170349855334454,,-0.012422599874998832,1.0,-0.0,,-0.012422599874998832,,
Flexibility,Mixed-precision compression,0,5,7,205,217,7,5,0.32591921680074,,-0.02803860770460221,1.0,-0.0,,-0.02803860770460221,,
Flexibility,Integer-only operations,0,11,7,199,217,7,11,0.4428928155200824,,-0.04218927914862858,1.0,-0.0,,-0.04218927914862858,,
Flexibility,Parameter amount reduction,0,2,7,208,217,7,2,0.22076594753891132,,-0.017609018126512475,1.0,-0.0,,-0.017609018126512475,,
Flexibility,Binary and ternary weights training,0,1,7,209,217,7,1,0.16170349855334454,,-0.012422599874998832,1.0,-0.0,,-0.012422599874998832,,
Flexibility,Quantization-aware training,0,3,7,207,217,7,3,0.263248813069786,,-0.021616885058355847,1.0,-0.0,,-0.021616885058355847,,
Flexibility,Binary weights and activations,0,6,7,204,217,7,6,0.35082268041346987,,-0.03078745359035396,1.0,-0.0,,-0.03078745359035396,,
Flexibility,Ternary weights and activations 2-bit,0,5,7,205,217,7,5,0.32591921680074,,-0.02803860770460221,1.0,-0.0,,-0.02803860770460221,,
Flexibility,Tenary weights,0,4,7,206,217,7,4,0.29725897566229753,,-0.02501955416802672,1.0,-0.0,,-0.02501955416802672,,
Flexibility,ADMM-based compression,0,4,7,206,217,7,4,0.29725897566229753,,-0.02501955416802672,1.0,-0.0,,-0.02501955416802672,,
Flexibility,Sparsification,0,10,7,200,217,7,10,0.4275176370043109,,-0.0401286176952564,1.0,-0.0,,-0.0401286176952564,,
Flexibility,Weight sharing,0,1,7,209,217,7,1,0.16170349855334454,,-0.012422599874998832,1.0,-0.0,,-0.012422599874998832,,
Flexibility,Weight grouping,0,1,7,209,217,7,1,0.16170349855334454,,-0.012422599874998832,1.0,-0.0,,-0.012422599874998832,,
Flexibility,Node masking,0,1,7,209,217,7,1,0.16170349855334454,,-0.012422599874998832,1.0,-0.0,,-0.012422599874998832,,
Flexibility,Diagonal scalar weight matrix,0,1,7,209,217,7,1,0.16170349855334454,,-0.012422599874998832,1.0,-0.0,,-0.012422599874998832,,
Flexibility,Matrix reusing,0,1,7,209,217,7,1,0.16170349855334454,,-0.012422599874998832,1.0,-0.0,,-0.012422599874998832,,
Flexibility,Smaller computation datatype,0,7,7,203,217,7,7,0.37291091472694393,,-0.03333333333333333,1.0,-0.0,,-0.03333333333333333,,
Flexibility,Tensor or matrix decomposition,0,6,7,204,217,7,6,0.35082268041346987,,-0.03078745359035396,1.0,-0.0,,-0.03078745359035396,,
Flexibility,Continous learning,0,1,7,209,217,7,1,0.16170349855334454,,-0.012422599874998832,1.0,-0.0,,-0.012422599874998832,,
Flexibility,Imitation learning,0,1,7,209,217,7,1,0.16170349855334454,,-0.012422599874998832,1.0,-0.0,,-0.012422599874998832,,
Flexibility,Meta-learning,0,10,7,200,217,7,10,0.4275176370043109,,-0.0401286176952564,1.0,-0.0,,-0.0401286176952564,,
Flexibility,Self-supervision learning,0,3,7,207,217,7,3,0.263248813069786,,-0.021616885058355847,1.0,-0.0,,-0.021616885058355847,,
Flexibility,Self-adjusted learning,0,1,7,209,217,7,1,0.16170349855334454,,-0.012422599874998832,1.0,-0.0,,-0.012422599874998832,,
Flexibility,Transfer learning,0,5,7,205,217,7,5,0.32591921680074,,-0.02803860770460221,1.0,-0.0,,-0.02803860770460221,,
Flexibility,Federated learning,0,2,7,208,217,7,2,0.22076594753891132,,-0.017609018126512475,1.0,-0.0,,-0.017609018126512475,,
Flexibility,End-to-end learning,0,4,7,206,217,7,4,0.29725897566229753,,-0.02501955416802672,1.0,-0.0,,-0.02501955416802672,,
Flexibility,Few-shot learning,0,4,7,206,217,7,4,0.29725897566229753,,-0.02501955416802672,1.0,-0.0,,-0.02501955416802672,,
Flexibility,Online training,0,1,7,209,217,7,1,0.16170349855334454,,-0.012422599874998832,1.0,-0.0,,-0.012422599874998832,,
Flexibility,Test-time training,0,1,7,209,217,7,1,0.16170349855334454,,-0.012422599874998832,1.0,-0.0,,-0.012422599874998832,,
Flexibility,Fault tolerant training,0,4,7,206,217,7,4,0.29725897566229753,,-0.02501955416802672,1.0,-0.0,,-0.02501955416802672,,
Flexibility,Adversarial training,0,28,7,182,217,7,28,0.6067592791314018,,-0.07027283689263064,0.598711985105884,0.07426068266517805,,-0.07027283689263064,,
Flexibility,Adversarial generation decoupling,0,1,7,209,217,7,1,0.16170349855334454,,-0.012422599874998832,1.0,-0.0,,-0.012422599874998832,,
Flexibility,Incremental training with sensor data,0,2,7,208,217,7,2,0.22076594753891132,,-0.017609018126512475,1.0,-0.0,,-0.017609018126512475,,
Flexibility,Inclusion of wrong labeled data in training,0,1,7,209,217,7,1,0.16170349855334454,,-0.012422599874998832,1.0,-0.0,,-0.012422599874998832,,
Flexibility,Training with unlabed data,0,2,7,208,217,7,2,0.22076594753891132,,-0.017609018126512475,1.0,-0.0,,-0.017609018126512475,,
Flexibility,Standard training on fully labeled datasets,0,3,7,207,217,7,3,0.263248813069786,,-0.021616885058355847,1.0,-0.0,,-0.021616885058355847,,
Flexibility,On-device local training,0,3,7,207,217,7,3,0.263248813069786,,-0.021616885058355847,1.0,-0.0,,-0.021616885058355847,,
Flexibility,Training with gradient noise,0,2,7,208,217,7,2,0.22076594753891132,,-0.017609018126512475,1.0,-0.0,,-0.017609018126512475,,
Flexibility,Contrastive representation learning,0,1,7,209,217,7,1,0.16170349855334454,,-0.012422599874998832,1.0,-0.0,,-0.012422599874998832,,
Flexibility,Training optimization algorithm selection or adaptation,0,11,7,199,217,7,11,0.4428928155200824,,-0.04218927914862858,1.0,-0.0,,-0.04218927914862858,,
Flexibility,Training loss function selection or adaptation,0,5,7,205,217,7,5,0.32591921680074,,-0.02803860770460221,1.0,-0.0,,-0.02803860770460221,,
Flexibility,Label smooting,0,2,7,208,217,7,2,0.22076594753891132,,-0.017609018126512475,1.0,-0.0,,-0.017609018126512475,,
Flexibility,Training loss early stopping,0,1,7,209,217,7,1,0.16170349855334454,,-0.012422599874998832,1.0,-0.0,,-0.012422599874998832,,
Flexibility,Weight initialization random,0,1,7,209,217,7,1,0.16170349855334454,,-0.012422599874998832,1.0,-0.0,,-0.012422599874998832,,
Flexibility,Pretraining,0,3,7,207,217,7,3,0.263248813069786,,-0.021616885058355847,1.0,-0.0,,-0.021616885058355847,,
Flexibility,Suppress redundant channel activations,0,1,7,209,217,7,1,0.16170349855334454,,-0.012422599874998832,1.0,-0.0,,-0.012422599874998832,,
Flexibility,Regularization training,0,8,7,202,217,7,8,0.3927942914850693,,-0.035719981318454656,1.0,-0.0,,-0.035719981318454656,,
Flexibility,Training with uncertainty measures,0,1,7,209,217,7,1,0.16170349855334454,,-0.012422599874998832,1.0,-0.0,,-0.012422599874998832,,
Flexibility,Finetuning ,0,10,7,200,217,7,10,0.4275176370043109,,-0.0401286176952564,1.0,-0.0,,-0.0401286176952564,,
Flexibility,Fault-aware retraining,0,1,7,209,217,7,1,0.16170349855334454,,-0.012422599874998832,1.0,-0.0,,-0.012422599874998832,,
Flexibility,Retraining for fine tuning,0,4,7,206,217,7,4,0.29725897566229753,,-0.02501955416802672,1.0,-0.0,,-0.02501955416802672,,
Flexibility,Quantization-aware retraining,0,3,7,207,217,7,3,0.263248813069786,,-0.021616885058355847,1.0,-0.0,,-0.021616885058355847,,
Flexibility,Automatic retraining and deployment triggering,0,1,7,209,217,7,1,0.16170349855334454,,-0.012422599874998832,1.0,-0.0,,-0.012422599874998832,,
Flexibility,Training with adversarial noise,0,4,7,206,217,7,4,0.29725897566229753,,-0.02501955416802672,1.0,-0.0,,-0.02501955416802672,,
Flexibility,Heuristics-driven augmentation,0,5,7,205,217,7,5,0.32591921680074,,-0.02803860770460221,1.0,-0.0,,-0.02803860770460221,,
Flexibility,Data-driven augmentations,0,1,7,209,217,7,1,0.16170349855334454,,-0.012422599874998832,1.0,-0.0,,-0.012422599874998832,,
Flexibility,Sensor ring architecture,0,1,7,209,217,7,1,0.16170349855334454,,-0.012422599874998832,1.0,-0.0,,-0.012422599874998832,,
Flexibility,Specific model type selection,0,4,7,206,217,7,4,0.29725897566229753,,-0.02501955416802672,1.0,-0.0,,-0.02501955416802672,,
Flexibility,TPU SoC or Accelerator Hardware ,0,5,7,205,217,7,5,0.32591921680074,,-0.02803860770460221,1.0,-0.0,,-0.02803860770460221,,
Flexibility,Edge compute hardware,0,4,7,206,217,7,4,0.29725897566229753,,-0.02501955416802672,1.0,-0.0,,-0.02501955416802672,,
Flexibility,Library Encapsulation,0,1,7,209,217,7,1,0.16170349855334454,,-0.012422599874998832,1.0,-0.0,,-0.012422599874998832,,
Flexibility,Model pool for deployment,0,1,7,209,217,7,1,0.16170349855334454,,-0.012422599874998832,1.0,-0.0,,-0.012422599874998832,,
Flexibility,Network combination,0,3,7,207,217,7,3,0.263248813069786,,-0.021616885058355847,1.0,-0.0,,-0.021616885058355847,,
Flexibility,Weight averaging,0,1,7,209,217,7,1,0.16170349855334454,,-0.012422599874998832,1.0,-0.0,,-0.012422599874998832,,
Flexibility,Input resolution adjustment,0,3,7,207,217,7,3,0.263248813069786,,-0.021616885058355847,1.0,-0.0,,-0.021616885058355847,,
Flexibility,Sensor or input data fusion,0,5,7,205,217,7,5,0.32591921680074,,-0.02803860770460221,1.0,-0.0,,-0.02803860770460221,,
Flexibility,Sliding Window,0,1,7,209,217,7,1,0.16170349855334454,,-0.012422599874998832,1.0,-0.0,,-0.012422599874998832,,
Flexibility,Frame rate reduction,0,2,7,208,217,7,2,0.22076594753891132,,-0.017609018126512475,1.0,-0.0,,-0.017609018126512475,,
Flexibility,Input contrast improvement,0,1,7,209,217,7,1,0.16170349855334454,,-0.012422599874998832,1.0,-0.0,,-0.012422599874998832,,
Flexibility,Input modification,0,2,7,208,217,7,2,0.22076594753891132,,-0.017609018126512475,1.0,-0.0,,-0.017609018126512475,,
Flexibility,Sequential input fusion,0,1,7,209,217,7,1,0.16170349855334454,,-0.012422599874998832,1.0,-0.0,,-0.012422599874998832,,
Flexibility,Signal overwriting,0,1,7,209,217,7,1,0.16170349855334454,,-0.012422599874998832,1.0,-0.0,,-0.012422599874998832,,
Flexibility,Robust feature extraction,0,2,7,208,217,7,2,0.22076594753891132,,-0.017609018126512475,1.0,-0.0,,-0.017609018126512475,,
Flexibility,Post-processing,0,1,7,209,217,7,1,0.16170349855334454,,-0.012422599874998832,1.0,-0.0,,-0.012422599874998832,,
Flexibility,Decision smoothing,0,1,7,209,217,7,1,0.16170349855334454,,-0.012422599874998832,1.0,-0.0,,-0.012422599874998832,,
Flexibility,Width adjustment,0,15,7,195,217,7,15,0.49496626555868906,,-0.04975185951049946,1.0,-0.0,,-0.04975185951049946,,
Flexibility,Depth adjustment,0,12,7,198,217,7,12,0.4571976885569208,,-0.04417261042993862,1.0,-0.0,,-0.04417261042993862,,
Flexibility,Last stage reduction,0,1,7,209,217,7,1,0.16170349855334454,,-0.012422599874998832,1.0,-0.0,,-0.012422599874998832,,
Flexibility,New or specific layer module,0,5,7,205,217,7,5,0.32591921680074,,-0.02803860770460221,1.0,-0.0,,-0.02803860770460221,,
Flexibility,Model fusion,0,1,7,209,217,7,1,0.16170349855334454,,-0.012422599874998832,1.0,-0.0,,-0.012422599874998832,,
Flexibility,Kernel regularization,0,1,7,209,217,7,1,0.16170349855334454,,-0.012422599874998832,1.0,-0.0,,-0.012422599874998832,,
Flexibility,Regularization,0,7,7,203,217,7,7,0.37291091472694393,,-0.03333333333333333,1.0,-0.0,,-0.03333333333333333,,
Flexibility,Early-exit inference,0,4,7,206,217,7,4,0.29725897566229753,,-0.02501955416802672,1.0,-0.0,,-0.02501955416802672,,
Flexibility,Additional side branches with uncertainty measures,0,2,7,208,217,7,2,0.22076594753891132,,-0.017609018126512475,1.0,-0.0,,-0.017609018126512475,,
Flexibility,Tuner and meta-tuner blocks,0,2,7,208,217,7,2,0.22076594753891132,,-0.017609018126512475,1.0,-0.0,,-0.017609018126512475,,
Flexibility,Adapter module,0,2,7,208,217,7,2,0.22076594753891132,,-0.017609018126512475,1.0,-0.0,,-0.017609018126512475,,
Flexibility,Bottleneck module,0,2,7,208,217,7,2,0.22076594753891132,,-0.017609018126512475,1.0,-0.0,,-0.017609018126512475,,
Flexibility,Separation of convolutional kernels,0,2,7,208,217,7,2,0.22076594753891132,,-0.017609018126512475,1.0,-0.0,,-0.017609018126512475,,
Flexibility,Depthwise-separable convolution layers,0,2,7,208,217,7,2,0.22076594753891132,,-0.017609018126512475,1.0,-0.0,,-0.017609018126512475,,
Flexibility,Convolution unfolding,0,1,7,209,217,7,1,0.16170349855334454,,-0.012422599874998832,1.0,-0.0,,-0.012422599874998832,,
Flexibility,Activation function selection,0,4,7,206,217,7,4,0.29725897566229753,,-0.02501955416802672,1.0,-0.0,,-0.02501955416802672,,
Flexibility,Fault-map-based neuron re-mapping,0,1,7,209,217,7,1,0.16170349855334454,,-0.012422599874998832,1.0,-0.0,,-0.012422599874998832,,
Flexibility,Multiscale feature processing architectures,0,1,7,209,217,7,1,0.16170349855334454,,-0.012422599874998832,1.0,-0.0,,-0.012422599874998832,,
Flexibility,Architecture design through math. optimization,0,5,7,205,217,7,5,0.32591921680074,,-0.02803860770460221,1.0,-0.0,,-0.02803860770460221,,
Flexibility,Neural architecture search,0,10,7,200,217,7,10,0.4275176370043109,,-0.0401286176952564,1.0,-0.0,,-0.0401286176952564,,
Flexibility,Architecture design optimization with reinforcement learning,0,2,7,208,217,7,2,0.22076594753891132,,-0.017609018126512475,1.0,-0.0,,-0.017609018126512475,,
Flexibility,Model format conversion,0,2,7,208,217,7,2,0.22076594753891132,,-0.017609018126512475,1.0,-0.0,,-0.017609018126512475,,
Flexibility,Normalization,0,3,7,207,217,7,3,0.263248813069786,,-0.021616885058355847,1.0,-0.0,,-0.021616885058355847,,
Flexibility,Policy conversion,0,1,7,209,217,7,1,0.16170349855334454,,-0.012422599874998832,1.0,-0.0,,-0.012422599874998832,,
Flexibility,Feature encoding,0,3,7,207,217,7,3,0.263248813069786,,-0.021616885058355847,1.0,-0.0,,-0.021616885058355847,,
Flexibility,On-chip weight caching,0,2,7,208,217,7,2,0.22076594753891132,,-0.017609018126512475,1.0,-0.0,,-0.017609018126512475,,
Flexibility,Cache preloading,0,1,7,209,217,7,1,0.16170349855334454,,-0.012422599874998832,1.0,-0.0,,-0.012422599874998832,,
Flexibility,Prediction/intermediate result caching,0,2,7,208,217,7,2,0.22076594753891132,,-0.017609018126512475,1.0,-0.0,,-0.017609018126512475,,
Flexibility,Relevant content caching,0,1,7,209,217,7,1,0.16170349855334454,,-0.012422599874998832,1.0,-0.0,,-0.012422599874998832,,
Flexibility,Light communication protocol usage,0,1,7,209,217,7,1,0.16170349855334454,,-0.012422599874998832,1.0,-0.0,,-0.012422599874998832,,
Flexibility,Cloud compression and edge reconstruction,0,1,7,209,217,7,1,0.16170349855334454,,-0.012422599874998832,1.0,-0.0,,-0.012422599874998832,,
Flexibility,Deadline-aware scheduling,0,2,7,208,217,7,2,0.22076594753891132,,-0.017609018126512475,1.0,-0.0,,-0.017609018126512475,,
Flexibility,Memory scheduling,0,2,7,208,217,7,2,0.22076594753891132,,-0.017609018126512475,1.0,-0.0,,-0.017609018126512475,,
Flexibility,Multitask Scheduling,0,3,7,207,217,7,3,0.263248813069786,,-0.021616885058355847,1.0,-0.0,,-0.021616885058355847,,
Flexibility,Single task assignment,0,1,7,209,217,7,1,0.16170349855334454,,-0.012422599874998832,1.0,-0.0,,-0.012422599874998832,,
Flexibility,Adaptive batching,0,1,7,209,217,7,1,0.16170349855334454,,-0.012422599874998832,1.0,-0.0,,-0.012422599874998832,,
Flexibility,Sensor duty cycle,0,2,7,208,217,7,2,0.22076594753891132,,-0.017609018126512475,1.0,-0.0,,-0.017609018126512475,,
Flexibility,Later local processing of encoded features,0,1,7,209,217,7,1,0.16170349855334454,,-0.012422599874998832,1.0,-0.0,,-0.012422599874998832,,
Flexibility,Straggler mitigation,0,1,7,209,217,7,1,0.16170349855334454,,-0.012422599874998832,1.0,-0.0,,-0.012422599874998832,,
Flexibility,Prediction combination of multi-models,0,1,7,209,217,7,1,0.16170349855334454,,-0.012422599874998832,1.0,-0.0,,-0.012422599874998832,,
Flexibility,Competing models ,0,1,7,209,217,7,1,0.16170349855334454,,-0.012422599874998832,1.0,-0.0,,-0.012422599874998832,,
Flexibility,Multi-model of different models,0,6,7,204,217,7,6,0.35082268041346987,,-0.03078745359035396,1.0,-0.0,,-0.03078745359035396,,
Flexibility,Data-level parallelsim in CNN layer,0,1,7,209,217,7,1,0.16170349855334454,,-0.012422599874998832,1.0,-0.0,,-0.012422599874998832,,
Flexibility,Event-based processing,0,1,7,209,217,7,1,0.16170349855334454,,-0.012422599874998832,1.0,-0.0,,-0.012422599874998832,,
Flexibility,Partial layer execution,0,2,7,208,217,7,2,0.22076594753891132,,-0.017609018126512475,1.0,-0.0,,-0.017609018126512475,,
Flexibility,Matrix-multiplication optimization,0,1,7,209,217,7,1,0.16170349855334454,,-0.012422599874998832,1.0,-0.0,,-0.012422599874998832,,
Flexibility,Simultaneous memory loading,0,4,7,206,217,7,4,0.29725897566229753,,-0.02501955416802672,1.0,-0.0,,-0.02501955416802672,,
Flexibility,External computational offloading,0,11,7,199,217,7,11,0.4428928155200824,,-0.04218927914862858,1.0,-0.0,,-0.04218927914862858,,
Flexibility,Internal computation balancing,0,3,7,207,217,7,3,0.263248813069786,,-0.021616885058355847,1.0,-0.0,,-0.021616885058355847,,
Flexibility,Quantitative sensor selection,0,1,7,209,217,7,1,0.16170349855334454,,-0.012422599874998832,1.0,-0.0,,-0.012422599874998832,,
Flexibility,Out-of-distribution detection,0,3,7,207,217,7,3,0.263248813069786,,-0.021616885058355847,1.0,-0.0,,-0.021616885058355847,,
Flexibility,Failure prevention or mitigation,0,3,7,207,217,7,3,0.263248813069786,,-0.021616885058355847,1.0,-0.0,,-0.021616885058355847,,
Flexibility,Independent model development,0,1,7,209,217,7,1,0.16170349855334454,,-0.012422599874998832,1.0,-0.0,,-0.012422599874998832,,
Flexibility,Coupled semantic descriptions,0,1,7,209,217,7,1,0.16170349855334454,,-0.012422599874998832,1.0,-0.0,,-0.012422599874998832,,
Flexibility,Test time adaption,0,2,7,208,217,7,2,0.22076594753891132,,-0.017609018126512475,1.0,-0.0,,-0.017609018126512475,,
Flexibility,Merging of fault maps,0,1,7,209,217,7,1,0.16170349855334454,,-0.012422599874998832,1.0,-0.0,,-0.012422599874998832,,
Flexibility,High-level synthesis,0,1,7,209,217,7,1,0.16170349855334454,,-0.012422599874998832,1.0,-0.0,,-0.012422599874998832,,
Flexibility,Post-hoc uncertainty calibration ,0,1,7,209,217,7,1,0.16170349855334454,,-0.012422599874998832,1.0,-0.0,,-0.012422599874998832,,
Scalability,Pruning,0,23,3,191,217,3,23,0.42522402580291163,,-0.040767754752210374,1.0,-0.0,,-0.040767754752210374,,
Scalability,Quantization,0,40,3,174,217,3,40,0.5182339919776623,,-0.05628557449089982,1.0,-0.0,,-0.05628557449089982,,
Scalability,Post-training quantization,0,1,3,213,217,3,1,0.10905274771158924,,-0.008056137408713865,1.0,-0.0,,-0.008056137408713865,,
Scalability,Huffman coding,0,1,3,213,217,3,1,0.10905274771158924,,-0.008056137408713865,1.0,-0.0,,-0.008056137408713865,,
Scalability,Ablation,0,1,3,213,217,3,1,0.10905274771158924,,-0.008056137408713865,1.0,-0.0,,-0.008056137408713865,,
Scalability,Mixed-precision compression,0,5,3,209,217,3,5,0.22755841388363107,,-0.0181832207984015,1.0,-0.0,,-0.0181832207984015,,
Scalability,Integer-only operations,0,11,3,203,217,3,11,0.31816722087539906,,-0.02736002394152379,1.0,-0.0,,-0.02736002394152379,,
Scalability,Parameter amount reduction,0,2,3,212,217,3,2,0.15066306992548228,,-0.011419563624939743,1.0,-0.0,,-0.011419563624939743,,
Scalability,Binary and ternary weights training,0,1,3,213,217,3,1,0.10905274771158924,,-0.008056137408713865,1.0,-0.0,,-0.008056137408713865,,
Scalability,Quantization-aware training,0,3,3,211,217,3,3,0.18126924692201818,,-0.014018691588785047,1.0,-0.0,,-0.014018691588785047,,
Scalability,Binary weights and activations,0,6,3,208,217,3,6,0.24636168355623522,,-0.019965865365064398,1.0,-0.0,,-0.019965865365064398,,
Scalability,Ternary weights and activations 2-bit,0,5,3,209,217,3,5,0.22755841388363107,,-0.0181832207984015,1.0,-0.0,,-0.0181832207984015,,
Scalability,Tenary weights,0,4,3,210,217,3,4,0.206212993639731,,-0.016225344799846247,1.0,-0.0,,-0.016225344799846247,,
Scalability,ADMM-based compression,0,4,3,210,217,3,4,0.206212993639731,,-0.016225344799846247,1.0,-0.0,,-0.016225344799846247,,
Scalability,Sparsification,0,10,3,204,217,3,10,0.30590634059779964,,-0.026023671488071862,1.0,-0.0,,-0.026023671488071862,,
Scalability,Weight sharing,0,1,3,213,217,3,1,0.10905274771158924,,-0.008056137408713865,1.0,-0.0,,-0.008056137408713865,,
Scalability,Weight grouping,0,1,3,213,217,3,1,0.10905274771158924,,-0.008056137408713865,1.0,-0.0,,-0.008056137408713865,,
Scalability,Node masking,0,1,3,213,217,3,1,0.10905274771158924,,-0.008056137408713865,1.0,-0.0,,-0.008056137408713865,,
Scalability,Diagonal scalar weight matrix,0,1,3,213,217,3,1,0.10905274771158924,,-0.008056137408713865,1.0,-0.0,,-0.008056137408713865,,
Scalability,Matrix reusing,0,1,3,213,217,3,1,0.10905274771158924,,-0.008056137408713865,1.0,-0.0,,-0.008056137408713865,,
Scalability,Smaller computation datatype,0,7,3,207,217,3,7,0.263248813069786,,-0.021616885058355847,1.0,-0.0,,-0.021616885058355847,,
Scalability,Tensor or matrix decomposition,0,6,3,208,217,3,6,0.24636168355623522,,-0.019965865365064398,1.0,-0.0,,-0.019965865365064398,,
Scalability,Continous learning,0,1,3,213,217,3,1,0.10905274771158924,,-0.008056137408713865,1.0,-0.0,,-0.008056137408713865,,
Scalability,Imitation learning,0,1,3,213,217,3,1,0.10905274771158924,,-0.008056137408713865,1.0,-0.0,,-0.008056137408713865,,
Scalability,Closed-loop learning,0,6,3,208,217,3,6,0.24636168355623522,,-0.019965865365064398,1.0,-0.0,,-0.019965865365064398,,
Scalability,Meta-learning,0,10,3,204,217,3,10,0.30590634059779964,,-0.026023671488071862,1.0,-0.0,,-0.026023671488071862,,
Scalability,Self-supervision learning,0,3,3,211,217,3,3,0.18126924692201818,,-0.014018691588785047,1.0,-0.0,,-0.014018691588785047,,
Scalability,Self-adjusted learning,0,1,3,213,217,3,1,0.10905274771158924,,-0.008056137408713865,1.0,-0.0,,-0.008056137408713865,,
Scalability,Destillation learning,0,11,3,203,217,3,11,0.31816722087539906,,-0.02736002394152379,1.0,-0.0,,-0.02736002394152379,,
Scalability,Transfer learning,0,5,3,209,217,3,5,0.22755841388363107,,-0.0181832207984015,1.0,-0.0,,-0.0181832207984015,,
Scalability,Federated learning,0,2,3,212,217,3,2,0.15066306992548228,,-0.011419563624939743,1.0,-0.0,,-0.011419563624939743,,
Scalability,Few-shot learning,0,4,3,210,217,3,4,0.206212993639731,,-0.016225344799846247,1.0,-0.0,,-0.016225344799846247,,
Scalability,Online training,0,1,3,213,217,3,1,0.10905274771158924,,-0.008056137408713865,1.0,-0.0,,-0.008056137408713865,,
Scalability,Test-time training,0,1,3,213,217,3,1,0.10905274771158924,,-0.008056137408713865,1.0,-0.0,,-0.008056137408713865,,
Scalability,Fault tolerant training,0,4,3,210,217,3,4,0.206212993639731,,-0.016225344799846247,1.0,-0.0,,-0.016225344799846247,,
Scalability,Adversarial training,0,28,3,186,217,3,28,0.4571976885569208,,-0.04557239513497755,1.0,-0.0,,-0.04557239513497755,,
Scalability,Adversarial generation decoupling,0,1,3,213,217,3,1,0.10905274771158924,,-0.008056137408713865,1.0,-0.0,,-0.008056137408713865,,
Scalability,Incremental training with sensor data,0,2,3,212,217,3,2,0.15066306992548228,,-0.011419563624939743,1.0,-0.0,,-0.011419563624939743,,
Scalability,Inclusion of wrong labeled data in training,0,1,3,213,217,3,1,0.10905274771158924,,-0.008056137408713865,1.0,-0.0,,-0.008056137408713865,,
Scalability,Training with unlabed data,0,2,3,212,217,3,2,0.15066306992548228,,-0.011419563624939743,1.0,-0.0,,-0.011419563624939743,,
Scalability,Standard training on fully labeled datasets,0,3,3,211,217,3,3,0.18126924692201818,,-0.014018691588785047,1.0,-0.0,,-0.014018691588785047,,
Scalability,On-device local training,0,3,3,211,217,3,3,0.18126924692201818,,-0.014018691588785047,1.0,-0.0,,-0.014018691588785047,,
Scalability,Training with gradient noise,0,2,3,212,217,3,2,0.15066306992548228,,-0.011419563624939743,1.0,-0.0,,-0.011419563624939743,,
Scalability,Contrastive representation learning,0,1,3,213,217,3,1,0.10905274771158924,,-0.008056137408713865,1.0,-0.0,,-0.008056137408713865,,
Scalability,Training optimization algorithm selection or adaptation,0,11,3,203,217,3,11,0.31816722087539906,,-0.02736002394152379,1.0,-0.0,,-0.02736002394152379,,
Scalability,Training loss function selection or adaptation,0,5,3,209,217,3,5,0.22755841388363107,,-0.0181832207984015,1.0,-0.0,,-0.0181832207984015,,
Scalability,Label smooting,0,2,3,212,217,3,2,0.15066306992548228,,-0.011419563624939743,1.0,-0.0,,-0.011419563624939743,,
Scalability,Training loss early stopping,0,1,3,213,217,3,1,0.10905274771158924,,-0.008056137408713865,1.0,-0.0,,-0.008056137408713865,,
Scalability,Weight initialization random,0,1,3,213,217,3,1,0.10905274771158924,,-0.008056137408713865,1.0,-0.0,,-0.008056137408713865,,
Scalability,Pretraining,0,3,3,211,217,3,3,0.18126924692201818,,-0.014018691588785047,1.0,-0.0,,-0.014018691588785047,,
Scalability,Suppress redundant channel activations,0,1,3,213,217,3,1,0.10905274771158924,,-0.008056137408713865,1.0,-0.0,,-0.008056137408713865,,
Scalability,Regularization training,0,8,3,206,217,3,8,0.27862677921159384,,-0.02316464191342957,1.0,-0.0,,-0.02316464191342957,,
Scalability,Training with uncertainty measures,0,1,3,213,217,3,1,0.10905274771158924,,-0.008056137408713865,1.0,-0.0,,-0.008056137408713865,,
Scalability,Finetuning ,0,10,3,204,217,3,10,0.30590634059779964,,-0.026023671488071862,1.0,-0.0,,-0.026023671488071862,,
Scalability,Fault-aware retraining,0,1,3,213,217,3,1,0.10905274771158924,,-0.008056137408713865,1.0,-0.0,,-0.008056137408713865,,
Scalability,Retraining for fine tuning,0,4,3,210,217,3,4,0.206212993639731,,-0.016225344799846247,1.0,-0.0,,-0.016225344799846247,,
Scalability,Quantization-aware retraining,0,3,3,211,217,3,3,0.18126924692201818,,-0.014018691588785047,1.0,-0.0,,-0.014018691588785047,,
Scalability,Automatic retraining and deployment triggering,0,1,3,213,217,3,1,0.10905274771158924,,-0.008056137408713865,1.0,-0.0,,-0.008056137408713865,,
Scalability,Training with adversarial noise,0,4,3,210,217,3,4,0.206212993639731,,-0.016225344799846247,1.0,-0.0,,-0.016225344799846247,,
Scalability,Heuristics-driven augmentation,0,5,3,209,217,3,5,0.22755841388363107,,-0.0181832207984015,1.0,-0.0,,-0.0181832207984015,,
Scalability,Data-driven augmentations,0,1,3,213,217,3,1,0.10905274771158924,,-0.008056137408713865,1.0,-0.0,,-0.008056137408713865,,
Scalability,Modular system design,0,2,3,212,217,3,2,0.15066306992548228,,-0.011419563624939743,1.0,-0.0,,-0.011419563624939743,,
Scalability,Containerization,0,3,3,211,217,3,3,0.18126924692201818,,-0.014018691588785047,1.0,-0.0,,-0.014018691588785047,,
Scalability,Specific model type selection,0,4,3,210,217,3,4,0.206212993639731,,-0.016225344799846247,1.0,-0.0,,-0.016225344799846247,,
Scalability,TPU SoC or Accelerator Hardware ,0,5,3,209,217,3,5,0.22755841388363107,,-0.0181832207984015,1.0,-0.0,,-0.0181832207984015,,
Scalability,Library Encapsulation,0,1,3,213,217,3,1,0.10905274771158924,,-0.008056137408713865,1.0,-0.0,,-0.008056137408713865,,
Scalability,Deployment pipeline creation,0,3,3,211,217,3,3,0.18126924692201818,,-0.014018691588785047,1.0,-0.0,,-0.014018691588785047,,
Scalability,Model pool for deployment,0,1,3,213,217,3,1,0.10905274771158924,,-0.008056137408713865,1.0,-0.0,,-0.008056137408713865,,
Scalability,Network combination,0,3,3,211,217,3,3,0.18126924692201818,,-0.014018691588785047,1.0,-0.0,,-0.014018691588785047,,
Scalability,Weight averaging,0,1,3,213,217,3,1,0.10905274771158924,,-0.008056137408713865,1.0,-0.0,,-0.008056137408713865,,
Scalability,Input resolution adjustment,0,3,3,211,217,3,3,0.18126924692201818,,-0.014018691588785047,1.0,-0.0,,-0.014018691588785047,,
Scalability,Sliding Window,0,1,3,213,217,3,1,0.10905274771158924,,-0.008056137408713865,1.0,-0.0,,-0.008056137408713865,,
Scalability,Frame rate reduction,0,2,3,212,217,3,2,0.15066306992548228,,-0.011419563624939743,1.0,-0.0,,-0.011419563624939743,,
Scalability,Input spatial partitioning,0,1,3,213,217,3,1,0.10905274771158924,,-0.008056137408713865,1.0,-0.0,,-0.008056137408713865,,
Scalability,Input contrast improvement,0,1,3,213,217,3,1,0.10905274771158924,,-0.008056137408713865,1.0,-0.0,,-0.008056137408713865,,
Scalability,Input modification,0,2,3,212,217,3,2,0.15066306992548228,,-0.011419563624939743,1.0,-0.0,,-0.011419563624939743,,
Scalability,Sequential input fusion,0,1,3,213,217,3,1,0.10905274771158924,,-0.008056137408713865,1.0,-0.0,,-0.008056137408713865,,
Scalability,Signal overwriting,0,1,3,213,217,3,1,0.10905274771158924,,-0.008056137408713865,1.0,-0.0,,-0.008056137408713865,,
Scalability,Denoising,0,2,3,212,217,3,2,0.15066306992548228,,-0.011419563624939743,1.0,-0.0,,-0.011419563624939743,,
Scalability,Robust feature extraction,0,2,3,212,217,3,2,0.15066306992548228,,-0.011419563624939743,1.0,-0.0,,-0.011419563624939743,,
Scalability,Post-processing,0,1,3,213,217,3,1,0.10905274771158924,,-0.008056137408713865,1.0,-0.0,,-0.008056137408713865,,
Scalability,Decision smoothing,0,1,3,213,217,3,1,0.10905274771158924,,-0.008056137408713865,1.0,-0.0,,-0.008056137408713865,,
Scalability,Width adjustment,0,15,3,199,217,3,15,0.3605926808381029,,-0.03226440685433805,1.0,-0.0,,-0.03226440685433805,,
Scalability,Depth adjustment,0,12,3,202,217,3,12,0.3296799539643607,,-0.02864622727174541,1.0,-0.0,,-0.02864622727174541,,
Scalability,Last stage reduction,0,1,3,213,217,3,1,0.10905274771158924,,-0.008056137408713865,1.0,-0.0,,-0.008056137408713865,,
Scalability,New or specific layer module,0,5,3,209,217,3,5,0.22755841388363107,,-0.0181832207984015,1.0,-0.0,,-0.0181832207984015,,
Scalability,Model fusion,0,1,3,213,217,3,1,0.10905274771158924,,-0.008056137408713865,1.0,-0.0,,-0.008056137408713865,,
Scalability,Kernel regularization,0,1,3,213,217,3,1,0.10905274771158924,,-0.008056137408713865,1.0,-0.0,,-0.008056137408713865,,
Scalability,Regularization,0,7,3,207,217,3,7,0.263248813069786,,-0.021616885058355847,1.0,-0.0,,-0.021616885058355847,,
Scalability,Tuner and meta-tuner blocks,0,2,3,212,217,3,2,0.15066306992548228,,-0.011419563624939743,1.0,-0.0,,-0.011419563624939743,,
Scalability,Adapter module,0,2,3,212,217,3,2,0.15066306992548228,,-0.011419563624939743,1.0,-0.0,,-0.011419563624939743,,
Scalability,Bottleneck module,0,2,3,212,217,3,2,0.15066306992548228,,-0.011419563624939743,1.0,-0.0,,-0.011419563624939743,,
Scalability,Separation of convolutional kernels,0,2,3,212,217,3,2,0.15066306992548228,,-0.011419563624939743,1.0,-0.0,,-0.011419563624939743,,
Scalability,Depthwise-separable convolution layers,0,2,3,212,217,3,2,0.15066306992548228,,-0.011419563624939743,1.0,-0.0,,-0.011419563624939743,,
Scalability,Convolution unfolding,0,1,3,213,217,3,1,0.10905274771158924,,-0.008056137408713865,1.0,-0.0,,-0.008056137408713865,,
Scalability,Activation function selection,0,4,3,210,217,3,4,0.206212993639731,,-0.016225344799846247,1.0,-0.0,,-0.016225344799846247,,
Scalability,Layer fusion,0,1,3,213,217,3,1,0.10905274771158924,,-0.008056137408713865,1.0,-0.0,,-0.008056137408713865,,
Scalability,Fault-map-based neuron re-mapping,0,1,3,213,217,3,1,0.10905274771158924,,-0.008056137408713865,1.0,-0.0,,-0.008056137408713865,,
Scalability,Multiscale feature processing architectures,0,1,3,213,217,3,1,0.10905274771158924,,-0.008056137408713865,1.0,-0.0,,-0.008056137408713865,,
Scalability,Architecture design through math. optimization,0,5,3,209,217,3,5,0.22755841388363107,,-0.0181832207984015,1.0,-0.0,,-0.0181832207984015,,
Scalability,Neural architecture search,0,10,3,204,217,3,10,0.30590634059779964,,-0.026023671488071862,1.0,-0.0,,-0.026023671488071862,,
Scalability,Hardware and Software codesign,0,8,3,206,217,3,8,0.27862677921159384,,-0.02316464191342957,1.0,-0.0,,-0.02316464191342957,,
Scalability,Architecture design optimization with reinforcement learning,0,2,3,212,217,3,2,0.15066306992548228,,-0.011419563624939743,1.0,-0.0,,-0.011419563624939743,,
Scalability,Model format conversion,0,2,3,212,217,3,2,0.15066306992548228,,-0.011419563624939743,1.0,-0.0,,-0.011419563624939743,,
Scalability,Normalization,0,3,3,211,217,3,3,0.18126924692201818,,-0.014018691588785047,1.0,-0.0,,-0.014018691588785047,,
Scalability,Policy conversion,0,1,3,213,217,3,1,0.10905274771158924,,-0.008056137408713865,1.0,-0.0,,-0.008056137408713865,,
Scalability,On-chip weight caching,0,2,3,212,217,3,2,0.15066306992548228,,-0.011419563624939743,1.0,-0.0,,-0.011419563624939743,,
Scalability,Cache preloading,0,1,3,213,217,3,1,0.10905274771158924,,-0.008056137408713865,1.0,-0.0,,-0.008056137408713865,,
Scalability,Prediction/intermediate result caching,0,2,3,212,217,3,2,0.15066306992548228,,-0.011419563624939743,1.0,-0.0,,-0.011419563624939743,,
Scalability,Relevant content caching,0,1,3,213,217,3,1,0.10905274771158924,,-0.008056137408713865,1.0,-0.0,,-0.008056137408713865,,
Scalability,Light communication protocol usage,0,1,3,213,217,3,1,0.10905274771158924,,-0.008056137408713865,1.0,-0.0,,-0.008056137408713865,,
Scalability,Cloud compression and edge reconstruction,0,1,3,213,217,3,1,0.10905274771158924,,-0.008056137408713865,1.0,-0.0,,-0.008056137408713865,,
Scalability,Memory scheduling,0,2,3,212,217,3,2,0.15066306992548228,,-0.011419563624939743,1.0,-0.0,,-0.011419563624939743,,
Scalability,Multitask Scheduling,0,3,3,211,217,3,3,0.18126924692201818,,-0.014018691588785047,1.0,-0.0,,-0.014018691588785047,,
Scalability,Single task assignment,0,1,3,213,217,3,1,0.10905274771158924,,-0.008056137408713865,1.0,-0.0,,-0.008056137408713865,,
Scalability,Adaptive model scheduling,0,1,3,213,217,3,1,0.10905274771158924,,-0.008056137408713865,1.0,-0.0,,-0.008056137408713865,,
Scalability,Adaptive batching,0,1,3,213,217,3,1,0.10905274771158924,,-0.008056137408713865,1.0,-0.0,,-0.008056137408713865,,
Scalability,Sensor duty cycle,0,2,3,212,217,3,2,0.15066306992548228,,-0.011419563624939743,1.0,-0.0,,-0.011419563624939743,,
Scalability,Concurrent processing hardware,0,7,3,207,217,3,7,0.263248813069786,,-0.021616885058355847,1.0,-0.0,,-0.021616885058355847,,
Scalability,Straggler mitigation,0,1,3,213,217,3,1,0.10905274771158924,,-0.008056137408713865,1.0,-0.0,,-0.008056137408713865,,
Scalability,Prediction combination of multi-models,0,1,3,213,217,3,1,0.10905274771158924,,-0.008056137408713865,1.0,-0.0,,-0.008056137408713865,,
Scalability,Competing models ,0,1,3,213,217,3,1,0.10905274771158924,,-0.008056137408713865,1.0,-0.0,,-0.008056137408713865,,
Scalability,Multi-model of different models,0,6,3,208,217,3,6,0.24636168355623522,,-0.019965865365064398,1.0,-0.0,,-0.019965865365064398,,
Scalability,Data-level parallelsim in CNN layer,0,1,3,213,217,3,1,0.10905274771158924,,-0.008056137408713865,1.0,-0.0,,-0.008056137408713865,,
Scalability,Event-based processing,0,1,3,213,217,3,1,0.10905274771158924,,-0.008056137408713865,1.0,-0.0,,-0.008056137408713865,,
Scalability,Matrix-multiplication optimization,0,1,3,213,217,3,1,0.10905274771158924,,-0.008056137408713865,1.0,-0.0,,-0.008056137408713865,,
Scalability,Simultaneous memory loading,0,4,3,210,217,3,4,0.206212993639731,,-0.016225344799846247,1.0,-0.0,,-0.016225344799846247,,
Scalability,External computational offloading,3,8,0,206,217,3,11,0.31816722087539906,,0.5123786301776273,9.823884542564211e-05,1.0,,0.5123786301776273,,
Scalability,Internal computation balancing,0,3,3,211,217,3,3,0.18126924692201818,,-0.014018691588785047,1.0,-0.0,,-0.014018691588785047,,
Scalability,Quantitative sensor selection,0,1,3,213,217,3,1,0.10905274771158924,,-0.008056137408713865,1.0,-0.0,,-0.008056137408713865,,
Scalability,Out-of-distribution detection,0,3,3,211,217,3,3,0.18126924692201818,,-0.014018691588785047,1.0,-0.0,,-0.014018691588785047,,
Scalability,Failure prevention or mitigation,0,3,3,211,217,3,3,0.18126924692201818,,-0.014018691588785047,1.0,-0.0,,-0.014018691588785047,,
Scalability,Independent model development,0,1,3,213,217,3,1,0.10905274771158924,,-0.008056137408713865,1.0,-0.0,,-0.008056137408713865,,
Scalability,Coupled semantic descriptions,0,1,3,213,217,3,1,0.10905274771158924,,-0.008056137408713865,1.0,-0.0,,-0.008056137408713865,,
Scalability,Test time adaption,0,2,3,212,217,3,2,0.15066306992548228,,-0.011419563624939743,1.0,-0.0,,-0.011419563624939743,,
Scalability,Merging of fault maps,0,1,3,213,217,3,1,0.10905274771158924,,-0.008056137408713865,1.0,-0.0,,-0.008056137408713865,,
Scalability,High-level synthesis,0,1,3,213,217,3,1,0.10905274771158924,,-0.008056137408713865,1.0,-0.0,,-0.008056137408713865,,
Scalability,Post-hoc uncertainty calibration ,0,1,3,213,217,3,1,0.10905274771158924,,-0.008056137408713865,1.0,-0.0,,-0.008056137408713865,,
Fairness,Pruning,0,23,1,193,217,1,23,0.2736491391955218,,-0.023428051901170213,1.0,-0.0,,-0.023428051901170213,,
Fairness,Quantization,0,40,1,176,217,1,40,0.3440278999511197,,-0.03234569498553233,1.0,-0.0,,-0.03234569498553233,,
Fairness,Post-training quantization,0,1,1,215,217,1,1,0.06449301496838222,,-0.004629629629629629,1.0,-0.0,,-0.004629629629629629,,
Fairness,Huffman coding,0,1,1,215,217,1,1,0.06449301496838222,,-0.004629629629629629,1.0,-0.0,,-0.004629629629629629,,
Fairness,Ablation,0,1,1,215,217,1,1,0.06449301496838222,,-0.004629629629629629,1.0,-0.0,,-0.004629629629629629,,
Fairness,Mixed-precision compression,0,5,1,211,217,1,5,0.13849222534596417,,-0.010449372136989982,1.0,-0.0,,-0.010449372136989982,,
Fairness,Integer-only operations,0,11,1,205,217,1,11,0.19837015644199685,,-0.015723016016341327,1.0,-0.0,,-0.015723016016341327,,
Fairness,Parameter amount reduction,0,2,1,214,217,1,2,0.08997290406174518,,-0.006562493591317981,1.0,-0.0,,-0.006562493591317981,,
Fairness,Binary and ternary weights training,0,1,1,215,217,1,1,0.06449301496838222,,-0.004629629629629629,1.0,-0.0,,-0.004629629629629629,,
Fairness,Quantization-aware training,0,3,1,213,217,1,3,0.10905274771158924,,-0.008056137408713865,1.0,-0.0,,-0.008056137408713865,,
Fairness,Binary weights and activations,0,6,1,210,217,1,6,0.15066306992548228,,-0.011473806513691905,1.0,-0.0,,-0.011473806513691905,,
Fairness,Ternary weights and activations 2-bit,0,5,1,211,217,1,5,0.13849222534596417,,-0.010449372136989982,1.0,-0.0,,-0.010449372136989982,,
Fairness,Tenary weights,0,4,1,212,217,1,4,0.12482668095705252,,-0.009324237314407657,1.0,-0.0,,-0.009324237314407657,,
Fairness,ADMM-based compression,0,4,1,212,217,1,4,0.12482668095705252,,-0.009324237314407657,1.0,-0.0,,-0.009324237314407657,,
Fairness,Sparsification,0,10,1,206,217,1,10,0.19007895443513734,,-0.014955052834949042,1.0,-0.0,,-0.014955052834949042,,
Fairness,Weight sharing,0,1,1,215,217,1,1,0.06449301496838222,,-0.004629629629629629,1.0,-0.0,,-0.004629629629629629,,
Fairness,Weight grouping,0,1,1,215,217,1,1,0.06449301496838222,,-0.004629629629629629,1.0,-0.0,,-0.004629629629629629,,
Fairness,Node masking,0,1,1,215,217,1,1,0.06449301496838222,,-0.004629629629629629,1.0,-0.0,,-0.004629629629629629,,
Fairness,Diagonal scalar weight matrix,0,1,1,215,217,1,1,0.06449301496838222,,-0.004629629629629629,1.0,-0.0,,-0.004629629629629629,,
Fairness,Matrix reusing,0,1,1,215,217,1,1,0.06449301496838222,,-0.004629629629629629,1.0,-0.0,,-0.004629629629629629,,
Fairness,Smaller computation datatype,0,7,1,209,217,1,7,0.16170349855334454,,-0.012422599874998832,1.0,-0.0,,-0.012422599874998832,,
Fairness,Tensor or matrix decomposition,0,6,1,210,217,1,6,0.15066306992548228,,-0.011473806513691905,1.0,-0.0,,-0.011473806513691905,,
Fairness,Continous learning,0,1,1,215,217,1,1,0.06449301496838222,,-0.004629629629629629,1.0,-0.0,,-0.004629629629629629,,
Fairness,Imitation learning,0,1,1,215,217,1,1,0.06449301496838222,,-0.004629629629629629,1.0,-0.0,,-0.004629629629629629,,
Fairness,Closed-loop learning,0,6,1,210,217,1,6,0.15066306992548228,,-0.011473806513691905,1.0,-0.0,,-0.011473806513691905,,
Fairness,Meta-learning,0,10,1,206,217,1,10,0.19007895443513734,,-0.014955052834949042,1.0,-0.0,,-0.014955052834949042,,
Fairness,Self-supervision learning,0,3,1,213,217,1,3,0.10905274771158924,,-0.008056137408713865,1.0,-0.0,,-0.008056137408713865,,
Fairness,Self-adjusted learning,0,1,1,215,217,1,1,0.06449301496838222,,-0.004629629629629629,1.0,-0.0,,-0.004629629629629629,,
Fairness,Destillation learning,0,11,1,205,217,1,11,0.19837015644199685,,-0.015723016016341327,1.0,-0.0,,-0.015723016016341327,,
Fairness,Transfer learning,0,5,1,211,217,1,5,0.13849222534596417,,-0.010449372136989982,1.0,-0.0,,-0.010449372136989982,,
Fairness,Federated learning,0,2,1,214,217,1,2,0.08997290406174518,,-0.006562493591317981,1.0,-0.0,,-0.006562493591317981,,
Fairness,End-to-end learning,0,4,1,212,217,1,4,0.12482668095705252,,-0.009324237314407657,1.0,-0.0,,-0.009324237314407657,,
Fairness,Few-shot learning,0,4,1,212,217,1,4,0.12482668095705252,,-0.009324237314407657,1.0,-0.0,,-0.009324237314407657,,
Fairness,Online training,0,1,1,215,217,1,1,0.06449301496838222,,-0.004629629629629629,1.0,-0.0,,-0.004629629629629629,,
Fairness,Test-time training,0,1,1,215,217,1,1,0.06449301496838222,,-0.004629629629629629,1.0,-0.0,,-0.004629629629629629,,
Fairness,Fault tolerant training,0,4,1,212,217,1,4,0.12482668095705252,,-0.009324237314407657,1.0,-0.0,,-0.009324237314407657,,
Fairness,Adversarial training,0,28,1,188,217,1,28,0.29725897566229753,,-0.026189140043946204,1.0,-0.0,,-0.026189140043946204,,
Fairness,Adversarial generation decoupling,0,1,1,215,217,1,1,0.06449301496838222,,-0.004629629629629629,1.0,-0.0,,-0.004629629629629629,,
Fairness,Incremental training with sensor data,0,2,1,214,217,1,2,0.08997290406174518,,-0.006562493591317981,1.0,-0.0,,-0.006562493591317981,,
Fairness,Inclusion of wrong labeled data in training,0,1,1,215,217,1,1,0.06449301496838222,,-0.004629629629629629,1.0,-0.0,,-0.004629629629629629,,
Fairness,Training with unlabed data,0,2,1,214,217,1,2,0.08997290406174518,,-0.006562493591317981,1.0,-0.0,,-0.006562493591317981,,
Fairness,Standard training on fully labeled datasets,0,3,1,213,217,1,3,0.10905274771158924,,-0.008056137408713865,1.0,-0.0,,-0.008056137408713865,,
Fairness,On-device local training,0,3,1,213,217,1,3,0.10905274771158924,,-0.008056137408713865,1.0,-0.0,,-0.008056137408713865,,
Fairness,Training with gradient noise,0,2,1,214,217,1,2,0.08997290406174518,,-0.006562493591317981,1.0,-0.0,,-0.006562493591317981,,
Fairness,Contrastive representation learning,0,1,1,215,217,1,1,0.06449301496838222,,-0.004629629629629629,1.0,-0.0,,-0.004629629629629629,,
Fairness,Training optimization algorithm selection or adaptation,0,11,1,205,217,1,11,0.19837015644199685,,-0.015723016016341327,1.0,-0.0,,-0.015723016016341327,,
Fairness,Training loss function selection or adaptation,0,5,1,211,217,1,5,0.13849222534596417,,-0.010449372136989982,1.0,-0.0,,-0.010449372136989982,,
Fairness,Label smooting,0,2,1,214,217,1,2,0.08997290406174518,,-0.006562493591317981,1.0,-0.0,,-0.006562493591317981,,
Fairness,Training loss early stopping,0,1,1,215,217,1,1,0.06449301496838222,,-0.004629629629629629,1.0,-0.0,,-0.004629629629629629,,
Fairness,Weight initialization random,0,1,1,215,217,1,1,0.06449301496838222,,-0.004629629629629629,1.0,-0.0,,-0.004629629629629629,,
Fairness,Pretraining,0,3,1,213,217,1,3,0.10905274771158924,,-0.008056137408713865,1.0,-0.0,,-0.008056137408713865,,
Fairness,Suppress redundant channel activations,0,1,1,215,217,1,1,0.06449301496838222,,-0.004629629629629629,1.0,-0.0,,-0.004629629629629629,,
Fairness,Regularization training,0,8,1,208,217,1,8,0.17185068465818631,,-0.013312051063847861,1.0,-0.0,,-0.013312051063847861,,
Fairness,Training with uncertainty measures,0,1,1,215,217,1,1,0.06449301496838222,,-0.004629629629629629,1.0,-0.0,,-0.004629629629629629,,
Fairness,Finetuning ,0,10,1,206,217,1,10,0.19007895443513734,,-0.014955052834949042,1.0,-0.0,,-0.014955052834949042,,
Fairness,Fault-aware retraining,0,1,1,215,217,1,1,0.06449301496838222,,-0.004629629629629629,1.0,-0.0,,-0.004629629629629629,,
Fairness,Retraining for fine tuning,0,4,1,212,217,1,4,0.12482668095705252,,-0.009324237314407657,1.0,-0.0,,-0.009324237314407657,,
Fairness,Quantization-aware retraining,0,3,1,213,217,1,3,0.10905274771158924,,-0.008056137408713865,1.0,-0.0,,-0.008056137408713865,,
Fairness,Automatic retraining and deployment triggering,0,1,1,215,217,1,1,0.06449301496838222,,-0.004629629629629629,1.0,-0.0,,-0.004629629629629629,,
Fairness,Training with adversarial noise,0,4,1,212,217,1,4,0.12482668095705252,,-0.009324237314407657,1.0,-0.0,,-0.009324237314407657,,
Fairness,Heuristics-driven augmentation,0,5,1,211,217,1,5,0.13849222534596417,,-0.010449372136989982,1.0,-0.0,,-0.010449372136989982,,
Fairness,Data-driven augmentations,0,1,1,215,217,1,1,0.06449301496838222,,-0.004629629629629629,1.0,-0.0,,-0.004629629629629629,,
Fairness,Modular system design,0,2,1,214,217,1,2,0.08997290406174518,,-0.006562493591317981,1.0,-0.0,,-0.006562493591317981,,
Fairness,Sensor ring architecture,0,1,1,215,217,1,1,0.06449301496838222,,-0.004629629629629629,1.0,-0.0,,-0.004629629629629629,,
Fairness,Containerization,0,3,1,213,217,1,3,0.10905274771158924,,-0.008056137408713865,1.0,-0.0,,-0.008056137408713865,,
Fairness,Specific model type selection,0,4,1,212,217,1,4,0.12482668095705252,,-0.009324237314407657,1.0,-0.0,,-0.009324237314407657,,
Fairness,TPU SoC or Accelerator Hardware ,0,5,1,211,217,1,5,0.13849222534596417,,-0.010449372136989982,1.0,-0.0,,-0.010449372136989982,,
Fairness,Edge compute hardware,0,4,1,212,217,1,4,0.12482668095705252,,-0.009324237314407657,1.0,-0.0,,-0.009324237314407657,,
Fairness,Library Encapsulation,1,0,0,216,217,1,1,0.06449301496838222,,1.0,0.004608294930875576,0.7788199112828432,,1.0,,
Fairness,Deployment pipeline creation,0,3,1,213,217,1,3,0.10905274771158924,,-0.008056137408713865,1.0,-0.0,,-0.008056137408713865,,
Fairness,Model pool for deployment,0,1,1,215,217,1,1,0.06449301496838222,,-0.004629629629629629,1.0,-0.0,,-0.004629629629629629,,
Fairness,Network combination,0,3,1,213,217,1,3,0.10905274771158924,,-0.008056137408713865,1.0,-0.0,,-0.008056137408713865,,
Fairness,Network partitioning,0,9,1,207,217,1,9,0.18126924692201818,,-0.014153462926807447,1.0,-0.0,,-0.014153462926807447,,
Fairness,Weight averaging,0,1,1,215,217,1,1,0.06449301496838222,,-0.004629629629629629,1.0,-0.0,,-0.004629629629629629,,
Fairness,Input resolution adjustment,0,3,1,213,217,1,3,0.10905274771158924,,-0.008056137408713865,1.0,-0.0,,-0.008056137408713865,,
Fairness,Sensor or input data fusion,0,5,1,211,217,1,5,0.13849222534596417,,-0.010449372136989982,1.0,-0.0,,-0.010449372136989982,,
Fairness,Sliding Window,0,1,1,215,217,1,1,0.06449301496838222,,-0.004629629629629629,1.0,-0.0,,-0.004629629629629629,,
Fairness,Frame rate reduction,0,2,1,214,217,1,2,0.08997290406174518,,-0.006562493591317981,1.0,-0.0,,-0.006562493591317981,,
Fairness,Input spatial partitioning,0,1,1,215,217,1,1,0.06449301496838222,,-0.004629629629629629,1.0,-0.0,,-0.004629629629629629,,
Fairness,Input contrast improvement,0,1,1,215,217,1,1,0.06449301496838222,,-0.004629629629629629,1.0,-0.0,,-0.004629629629629629,,
Fairness,Input modification,0,2,1,214,217,1,2,0.08997290406174518,,-0.006562493591317981,1.0,-0.0,,-0.006562493591317981,,
Fairness,Sequential input fusion,0,1,1,215,217,1,1,0.06449301496838222,,-0.004629629629629629,1.0,-0.0,,-0.004629629629629629,,
Fairness,Signal overwriting,0,1,1,215,217,1,1,0.06449301496838222,,-0.004629629629629629,1.0,-0.0,,-0.004629629629629629,,
Fairness,Denoising,0,2,1,214,217,1,2,0.08997290406174518,,-0.006562493591317981,1.0,-0.0,,-0.006562493591317981,,
Fairness,Robust feature extraction,0,2,1,214,217,1,2,0.08997290406174518,,-0.006562493591317981,1.0,-0.0,,-0.006562493591317981,,
Fairness,Post-processing,0,1,1,215,217,1,1,0.06449301496838222,,-0.004629629629629629,1.0,-0.0,,-0.004629629629629629,,
Fairness,Decision smoothing,0,1,1,215,217,1,1,0.06449301496838222,,-0.004629629629629629,1.0,-0.0,,-0.004629629629629629,,
Fairness,Width adjustment,0,15,1,201,217,1,15,0.22755841388363107,,-0.0185414233120827,1.0,-0.0,,-0.0185414233120827,,
Fairness,Depth adjustment,0,12,1,204,217,1,12,0.206212993639731,,-0.016462159944159827,1.0,-0.0,,-0.016462159944159827,,
Fairness,Last stage reduction,0,1,1,215,217,1,1,0.06449301496838222,,-0.004629629629629629,1.0,-0.0,,-0.004629629629629629,,
Fairness,New or specific layer module,0,5,1,211,217,1,5,0.13849222534596417,,-0.010449372136989982,1.0,-0.0,,-0.010449372136989982,,
Fairness,Model fusion,0,1,1,215,217,1,1,0.06449301496838222,,-0.004629629629629629,1.0,-0.0,,-0.004629629629629629,,
Fairness,Kernel regularization,0,1,1,215,217,1,1,0.06449301496838222,,-0.004629629629629629,1.0,-0.0,,-0.004629629629629629,,
Fairness,Regularization,0,7,1,209,217,1,7,0.16170349855334454,,-0.012422599874998832,1.0,-0.0,,-0.012422599874998832,,
Fairness,Early-exit inference,0,4,1,212,217,1,4,0.12482668095705252,,-0.009324237314407657,1.0,-0.0,,-0.009324237314407657,,
Fairness,Additional side branches with uncertainty measures,0,2,1,214,217,1,2,0.08997290406174518,,-0.006562493591317981,1.0,-0.0,,-0.006562493591317981,,
Fairness,Tuner and meta-tuner blocks,0,2,1,214,217,1,2,0.08997290406174518,,-0.006562493591317981,1.0,-0.0,,-0.006562493591317981,,
Fairness,Adapter module,0,2,1,214,217,1,2,0.08997290406174518,,-0.006562493591317981,1.0,-0.0,,-0.006562493591317981,,
Fairness,Bottleneck module,0,2,1,214,217,1,2,0.08997290406174518,,-0.006562493591317981,1.0,-0.0,,-0.006562493591317981,,
Fairness,Separation of convolutional kernels,0,2,1,214,217,1,2,0.08997290406174518,,-0.006562493591317981,1.0,-0.0,,-0.006562493591317981,,
Fairness,Depthwise-separable convolution layers,0,2,1,214,217,1,2,0.08997290406174518,,-0.006562493591317981,1.0,-0.0,,-0.006562493591317981,,
Fairness,Convolution unfolding,0,1,1,215,217,1,1,0.06449301496838222,,-0.004629629629629629,1.0,-0.0,,-0.004629629629629629,,
Fairness,Activation function selection,0,4,1,212,217,1,4,0.12482668095705252,,-0.009324237314407657,1.0,-0.0,,-0.009324237314407657,,
Fairness,Layer fusion,0,1,1,215,217,1,1,0.06449301496838222,,-0.004629629629629629,1.0,-0.0,,-0.004629629629629629,,
Fairness,Fault-map-based neuron re-mapping,0,1,1,215,217,1,1,0.06449301496838222,,-0.004629629629629629,1.0,-0.0,,-0.004629629629629629,,
Fairness,Multiscale feature processing architectures,0,1,1,215,217,1,1,0.06449301496838222,,-0.004629629629629629,1.0,-0.0,,-0.004629629629629629,,
Fairness,Architecture design through math. optimization,0,5,1,211,217,1,5,0.13849222534596417,,-0.010449372136989982,1.0,-0.0,,-0.010449372136989982,,
Fairness,Neural architecture search,0,10,1,206,217,1,10,0.19007895443513734,,-0.014955052834949042,1.0,-0.0,,-0.014955052834949042,,
Fairness,Hardware and Software codesign,0,8,1,208,217,1,8,0.17185068465818631,,-0.013312051063847861,1.0,-0.0,,-0.013312051063847861,,
Fairness,Architecture design optimization with reinforcement learning,0,2,1,214,217,1,2,0.08997290406174518,,-0.006562493591317981,1.0,-0.0,,-0.006562493591317981,,
Fairness,Model format conversion,0,2,1,214,217,1,2,0.08997290406174518,,-0.006562493591317981,1.0,-0.0,,-0.006562493591317981,,
Fairness,Normalization,0,3,1,213,217,1,3,0.10905274771158924,,-0.008056137408713865,1.0,-0.0,,-0.008056137408713865,,
Fairness,Policy conversion,0,1,1,215,217,1,1,0.06449301496838222,,-0.004629629629629629,1.0,-0.0,,-0.004629629629629629,,
Fairness,Feature encoding,0,3,1,213,217,1,3,0.10905274771158924,,-0.008056137408713865,1.0,-0.0,,-0.008056137408713865,,
Fairness,On-chip weight caching,0,2,1,214,217,1,2,0.08997290406174518,,-0.006562493591317981,1.0,-0.0,,-0.006562493591317981,,
Fairness,Cache preloading,0,1,1,215,217,1,1,0.06449301496838222,,-0.004629629629629629,1.0,-0.0,,-0.004629629629629629,,
Fairness,Prediction/intermediate result caching,0,2,1,214,217,1,2,0.08997290406174518,,-0.006562493591317981,1.0,-0.0,,-0.006562493591317981,,
Fairness,Relevant content caching,0,1,1,215,217,1,1,0.06449301496838222,,-0.004629629629629629,1.0,-0.0,,-0.004629629629629629,,
Fairness,Light communication protocol usage,0,1,1,215,217,1,1,0.06449301496838222,,-0.004629629629629629,1.0,-0.0,,-0.004629629629629629,,
Fairness,Cloud compression and edge reconstruction,0,1,1,215,217,1,1,0.06449301496838222,,-0.004629629629629629,1.0,-0.0,,-0.004629629629629629,,
Fairness,Deadline-aware scheduling,0,2,1,214,217,1,2,0.08997290406174518,,-0.006562493591317981,1.0,-0.0,,-0.006562493591317981,,
Fairness,Memory scheduling,0,2,1,214,217,1,2,0.08997290406174518,,-0.006562493591317981,1.0,-0.0,,-0.006562493591317981,,
Fairness,Multitask Scheduling,0,3,1,213,217,1,3,0.10905274771158924,,-0.008056137408713865,1.0,-0.0,,-0.008056137408713865,,
Fairness,Single task assignment,0,1,1,215,217,1,1,0.06449301496838222,,-0.004629629629629629,1.0,-0.0,,-0.004629629629629629,,
Fairness,Adaptive model scheduling,0,1,1,215,217,1,1,0.06449301496838222,,-0.004629629629629629,1.0,-0.0,,-0.004629629629629629,,
Fairness,Adaptive batching,0,1,1,215,217,1,1,0.06449301496838222,,-0.004629629629629629,1.0,-0.0,,-0.004629629629629629,,
Fairness,Sensor duty cycle,0,2,1,214,217,1,2,0.08997290406174518,,-0.006562493591317981,1.0,-0.0,,-0.006562493591317981,,
Fairness,Later local processing of encoded features,0,1,1,215,217,1,1,0.06449301496838222,,-0.004629629629629629,1.0,-0.0,,-0.004629629629629629,,
Fairness,Concurrent processing hardware,0,7,1,209,217,1,7,0.16170349855334454,,-0.012422599874998832,1.0,-0.0,,-0.012422599874998832,,
Fairness,Straggler mitigation,0,1,1,215,217,1,1,0.06449301496838222,,-0.004629629629629629,1.0,-0.0,,-0.004629629629629629,,
Fairness,Prediction combination of multi-models,0,1,1,215,217,1,1,0.06449301496838222,,-0.004629629629629629,1.0,-0.0,,-0.004629629629629629,,
Fairness,Competing models ,0,1,1,215,217,1,1,0.06449301496838222,,-0.004629629629629629,1.0,-0.0,,-0.004629629629629629,,
Fairness,Multi-model of different models,0,6,1,210,217,1,6,0.15066306992548228,,-0.011473806513691905,1.0,-0.0,,-0.011473806513691905,,
Fairness,Task-level parallelism on CNN layer-level,0,9,1,207,217,1,9,0.18126924692201818,,-0.014153462926807447,1.0,-0.0,,-0.014153462926807447,,
Fairness,Data-level parallelsim in CNN layer,0,1,1,215,217,1,1,0.06449301496838222,,-0.004629629629629629,1.0,-0.0,,-0.004629629629629629,,
Fairness,Event-based processing,0,1,1,215,217,1,1,0.06449301496838222,,-0.004629629629629629,1.0,-0.0,,-0.004629629629629629,,
Fairness,Partial layer execution,0,2,1,214,217,1,2,0.08997290406174518,,-0.006562493591317981,1.0,-0.0,,-0.006562493591317981,,
Fairness,Matrix-multiplication optimization,0,1,1,215,217,1,1,0.06449301496838222,,-0.004629629629629629,1.0,-0.0,,-0.004629629629629629,,
Fairness,Simultaneous memory loading,0,4,1,212,217,1,4,0.12482668095705252,,-0.009324237314407657,1.0,-0.0,,-0.009324237314407657,,
Fairness,External computational offloading,0,11,1,205,217,1,11,0.19837015644199685,,-0.015723016016341327,1.0,-0.0,,-0.015723016016341327,,
Fairness,Internal computation balancing,0,3,1,213,217,1,3,0.10905274771158924,,-0.008056137408713865,1.0,-0.0,,-0.008056137408713865,,
Fairness,Quantitative sensor selection,0,1,1,215,217,1,1,0.06449301496838222,,-0.004629629629629629,1.0,-0.0,,-0.004629629629629629,,
Fairness,Out-of-distribution detection,0,3,1,213,217,1,3,0.10905274771158924,,-0.008056137408713865,1.0,-0.0,,-0.008056137408713865,,
Fairness,Failure prevention or mitigation,0,3,1,213,217,1,3,0.10905274771158924,,-0.008056137408713865,1.0,-0.0,,-0.008056137408713865,,
Fairness,Independent model development,0,1,1,215,217,1,1,0.06449301496838222,,-0.004629629629629629,1.0,-0.0,,-0.004629629629629629,,
Fairness,Coupled semantic descriptions,0,1,1,215,217,1,1,0.06449301496838222,,-0.004629629629629629,1.0,-0.0,,-0.004629629629629629,,
Fairness,Test time adaption,0,2,1,214,217,1,2,0.08997290406174518,,-0.006562493591317981,1.0,-0.0,,-0.006562493591317981,,
Fairness,Merging of fault maps,0,1,1,215,217,1,1,0.06449301496838222,,-0.004629629629629629,1.0,-0.0,,-0.004629629629629629,,
Fairness,High-level synthesis,0,1,1,215,217,1,1,0.06449301496838222,,-0.004629629629629629,1.0,-0.0,,-0.004629629629629629,,
Fairness,Post-hoc uncertainty calibration ,0,1,1,215,217,1,1,0.06449301496838222,,-0.004629629629629629,1.0,-0.0,,-0.004629629629629629,,
Explainability,Pruning,0,23,1,193,217,1,23,0.2736491391955218,,-0.023428051901170213,1.0,-0.0,,-0.023428051901170213,,
Explainability,Quantization,0,40,1,176,217,1,40,0.3440278999511197,,-0.03234569498553233,1.0,-0.0,,-0.03234569498553233,,
Explainability,Post-training quantization,0,1,1,215,217,1,1,0.06449301496838222,,-0.004629629629629629,1.0,-0.0,,-0.004629629629629629,,
Explainability,Huffman coding,0,1,1,215,217,1,1,0.06449301496838222,,-0.004629629629629629,1.0,-0.0,,-0.004629629629629629,,
Explainability,Ablation,0,1,1,215,217,1,1,0.06449301496838222,,-0.004629629629629629,1.0,-0.0,,-0.004629629629629629,,
Explainability,Mixed-precision compression,0,5,1,211,217,1,5,0.13849222534596417,,-0.010449372136989982,1.0,-0.0,,-0.010449372136989982,,
Explainability,Integer-only operations,0,11,1,205,217,1,11,0.19837015644199685,,-0.015723016016341327,1.0,-0.0,,-0.015723016016341327,,
Explainability,Parameter amount reduction,0,2,1,214,217,1,2,0.08997290406174518,,-0.006562493591317981,1.0,-0.0,,-0.006562493591317981,,
Explainability,Binary and ternary weights training,0,1,1,215,217,1,1,0.06449301496838222,,-0.004629629629629629,1.0,-0.0,,-0.004629629629629629,,
Explainability,Quantization-aware training,0,3,1,213,217,1,3,0.10905274771158924,,-0.008056137408713865,1.0,-0.0,,-0.008056137408713865,,
Explainability,Binary weights and activations,0,6,1,210,217,1,6,0.15066306992548228,,-0.011473806513691905,1.0,-0.0,,-0.011473806513691905,,
Explainability,Ternary weights and activations 2-bit,0,5,1,211,217,1,5,0.13849222534596417,,-0.010449372136989982,1.0,-0.0,,-0.010449372136989982,,
Explainability,Tenary weights,0,4,1,212,217,1,4,0.12482668095705252,,-0.009324237314407657,1.0,-0.0,,-0.009324237314407657,,
Explainability,ADMM-based compression,0,4,1,212,217,1,4,0.12482668095705252,,-0.009324237314407657,1.0,-0.0,,-0.009324237314407657,,
Explainability,Sparsification,0,10,1,206,217,1,10,0.19007895443513734,,-0.014955052834949042,1.0,-0.0,,-0.014955052834949042,,
Explainability,Weight sharing,0,1,1,215,217,1,1,0.06449301496838222,,-0.004629629629629629,1.0,-0.0,,-0.004629629629629629,,
Explainability,Weight grouping,0,1,1,215,217,1,1,0.06449301496838222,,-0.004629629629629629,1.0,-0.0,,-0.004629629629629629,,
Explainability,Node masking,0,1,1,215,217,1,1,0.06449301496838222,,-0.004629629629629629,1.0,-0.0,,-0.004629629629629629,,
Explainability,Diagonal scalar weight matrix,0,1,1,215,217,1,1,0.06449301496838222,,-0.004629629629629629,1.0,-0.0,,-0.004629629629629629,,
Explainability,Matrix reusing,0,1,1,215,217,1,1,0.06449301496838222,,-0.004629629629629629,1.0,-0.0,,-0.004629629629629629,,
Explainability,Smaller computation datatype,0,7,1,209,217,1,7,0.16170349855334454,,-0.012422599874998832,1.0,-0.0,,-0.012422599874998832,,
Explainability,Tensor or matrix decomposition,0,6,1,210,217,1,6,0.15066306992548228,,-0.011473806513691905,1.0,-0.0,,-0.011473806513691905,,
Explainability,Continous learning,0,1,1,215,217,1,1,0.06449301496838222,,-0.004629629629629629,1.0,-0.0,,-0.004629629629629629,,
Explainability,Imitation learning,0,1,1,215,217,1,1,0.06449301496838222,,-0.004629629629629629,1.0,-0.0,,-0.004629629629629629,,
Explainability,Closed-loop learning,0,6,1,210,217,1,6,0.15066306992548228,,-0.011473806513691905,1.0,-0.0,,-0.011473806513691905,,
Explainability,Meta-learning,0,10,1,206,217,1,10,0.19007895443513734,,-0.014955052834949042,1.0,-0.0,,-0.014955052834949042,,
Explainability,Self-supervision learning,0,3,1,213,217,1,3,0.10905274771158924,,-0.008056137408713865,1.0,-0.0,,-0.008056137408713865,,
Explainability,Self-adjusted learning,0,1,1,215,217,1,1,0.06449301496838222,,-0.004629629629629629,1.0,-0.0,,-0.004629629629629629,,
Explainability,Destillation learning,0,11,1,205,217,1,11,0.19837015644199685,,-0.015723016016341327,1.0,-0.0,,-0.015723016016341327,,
Explainability,Transfer learning,0,5,1,211,217,1,5,0.13849222534596417,,-0.010449372136989982,1.0,-0.0,,-0.010449372136989982,,
Explainability,Federated learning,0,2,1,214,217,1,2,0.08997290406174518,,-0.006562493591317981,1.0,-0.0,,-0.006562493591317981,,
Explainability,End-to-end learning,0,4,1,212,217,1,4,0.12482668095705252,,-0.009324237314407657,1.0,-0.0,,-0.009324237314407657,,
Explainability,Few-shot learning,0,4,1,212,217,1,4,0.12482668095705252,,-0.009324237314407657,1.0,-0.0,,-0.009324237314407657,,
Explainability,Online training,0,1,1,215,217,1,1,0.06449301496838222,,-0.004629629629629629,1.0,-0.0,,-0.004629629629629629,,
Explainability,Test-time training,0,1,1,215,217,1,1,0.06449301496838222,,-0.004629629629629629,1.0,-0.0,,-0.004629629629629629,,
Explainability,Fault tolerant training,0,4,1,212,217,1,4,0.12482668095705252,,-0.009324237314407657,1.0,-0.0,,-0.009324237314407657,,
Explainability,Adversarial training,0,28,1,188,217,1,28,0.29725897566229753,,-0.026189140043946204,1.0,-0.0,,-0.026189140043946204,,
Explainability,Adversarial generation decoupling,0,1,1,215,217,1,1,0.06449301496838222,,-0.004629629629629629,1.0,-0.0,,-0.004629629629629629,,
Explainability,Incremental training with sensor data,0,2,1,214,217,1,2,0.08997290406174518,,-0.006562493591317981,1.0,-0.0,,-0.006562493591317981,,
Explainability,Inclusion of wrong labeled data in training,0,1,1,215,217,1,1,0.06449301496838222,,-0.004629629629629629,1.0,-0.0,,-0.004629629629629629,,
Explainability,Training with unlabed data,0,2,1,214,217,1,2,0.08997290406174518,,-0.006562493591317981,1.0,-0.0,,-0.006562493591317981,,
Explainability,Standard training on fully labeled datasets,0,3,1,213,217,1,3,0.10905274771158924,,-0.008056137408713865,1.0,-0.0,,-0.008056137408713865,,
Explainability,On-device local training,0,3,1,213,217,1,3,0.10905274771158924,,-0.008056137408713865,1.0,-0.0,,-0.008056137408713865,,
Explainability,Training with gradient noise,0,2,1,214,217,1,2,0.08997290406174518,,-0.006562493591317981,1.0,-0.0,,-0.006562493591317981,,
Explainability,Contrastive representation learning,0,1,1,215,217,1,1,0.06449301496838222,,-0.004629629629629629,1.0,-0.0,,-0.004629629629629629,,
Explainability,Training optimization algorithm selection or adaptation,0,11,1,205,217,1,11,0.19837015644199685,,-0.015723016016341327,1.0,-0.0,,-0.015723016016341327,,
Explainability,Training loss function selection or adaptation,0,5,1,211,217,1,5,0.13849222534596417,,-0.010449372136989982,1.0,-0.0,,-0.010449372136989982,,
Explainability,Label smooting,0,2,1,214,217,1,2,0.08997290406174518,,-0.006562493591317981,1.0,-0.0,,-0.006562493591317981,,
Explainability,Training loss early stopping,0,1,1,215,217,1,1,0.06449301496838222,,-0.004629629629629629,1.0,-0.0,,-0.004629629629629629,,
Explainability,Weight initialization random,0,1,1,215,217,1,1,0.06449301496838222,,-0.004629629629629629,1.0,-0.0,,-0.004629629629629629,,
Explainability,Pretraining,0,3,1,213,217,1,3,0.10905274771158924,,-0.008056137408713865,1.0,-0.0,,-0.008056137408713865,,
Explainability,Suppress redundant channel activations,0,1,1,215,217,1,1,0.06449301496838222,,-0.004629629629629629,1.0,-0.0,,-0.004629629629629629,,
Explainability,Regularization training,0,8,1,208,217,1,8,0.17185068465818631,,-0.013312051063847861,1.0,-0.0,,-0.013312051063847861,,
Explainability,Training with uncertainty measures,0,1,1,215,217,1,1,0.06449301496838222,,-0.004629629629629629,1.0,-0.0,,-0.004629629629629629,,
Explainability,Finetuning ,0,10,1,206,217,1,10,0.19007895443513734,,-0.014955052834949042,1.0,-0.0,,-0.014955052834949042,,
Explainability,Fault-aware retraining,0,1,1,215,217,1,1,0.06449301496838222,,-0.004629629629629629,1.0,-0.0,,-0.004629629629629629,,
Explainability,Retraining for fine tuning,0,4,1,212,217,1,4,0.12482668095705252,,-0.009324237314407657,1.0,-0.0,,-0.009324237314407657,,
Explainability,Quantization-aware retraining,0,3,1,213,217,1,3,0.10905274771158924,,-0.008056137408713865,1.0,-0.0,,-0.008056137408713865,,
Explainability,Automatic retraining and deployment triggering,0,1,1,215,217,1,1,0.06449301496838222,,-0.004629629629629629,1.0,-0.0,,-0.004629629629629629,,
Explainability,Training with adversarial noise,0,4,1,212,217,1,4,0.12482668095705252,,-0.009324237314407657,1.0,-0.0,,-0.009324237314407657,,
Explainability,Heuristics-driven augmentation,0,5,1,211,217,1,5,0.13849222534596417,,-0.010449372136989982,1.0,-0.0,,-0.010449372136989982,,
Explainability,Data-driven augmentations,0,1,1,215,217,1,1,0.06449301496838222,,-0.004629629629629629,1.0,-0.0,,-0.004629629629629629,,
Explainability,Modular system design,0,2,1,214,217,1,2,0.08997290406174518,,-0.006562493591317981,1.0,-0.0,,-0.006562493591317981,,
Explainability,Sensor ring architecture,0,1,1,215,217,1,1,0.06449301496838222,,-0.004629629629629629,1.0,-0.0,,-0.004629629629629629,,
Explainability,Containerization,0,3,1,213,217,1,3,0.10905274771158924,,-0.008056137408713865,1.0,-0.0,,-0.008056137408713865,,
Explainability,Specific model type selection,0,4,1,212,217,1,4,0.12482668095705252,,-0.009324237314407657,1.0,-0.0,,-0.009324237314407657,,
Explainability,TPU SoC or Accelerator Hardware ,0,5,1,211,217,1,5,0.13849222534596417,,-0.010449372136989982,1.0,-0.0,,-0.010449372136989982,,
Explainability,Edge compute hardware,0,4,1,212,217,1,4,0.12482668095705252,,-0.009324237314407657,1.0,-0.0,,-0.009324237314407657,,
Explainability,Library Encapsulation,1,0,0,216,217,1,1,0.06449301496838222,,1.0,0.004608294930875576,0.7788199112828432,,1.0,,
Explainability,Deployment pipeline creation,0,3,1,213,217,1,3,0.10905274771158924,,-0.008056137408713865,1.0,-0.0,,-0.008056137408713865,,
Explainability,Model pool for deployment,0,1,1,215,217,1,1,0.06449301496838222,,-0.004629629629629629,1.0,-0.0,,-0.004629629629629629,,
Explainability,Network combination,0,3,1,213,217,1,3,0.10905274771158924,,-0.008056137408713865,1.0,-0.0,,-0.008056137408713865,,
Explainability,Network partitioning,0,9,1,207,217,1,9,0.18126924692201818,,-0.014153462926807447,1.0,-0.0,,-0.014153462926807447,,
Explainability,Weight averaging,0,1,1,215,217,1,1,0.06449301496838222,,-0.004629629629629629,1.0,-0.0,,-0.004629629629629629,,
Explainability,Input resolution adjustment,0,3,1,213,217,1,3,0.10905274771158924,,-0.008056137408713865,1.0,-0.0,,-0.008056137408713865,,
Explainability,Sensor or input data fusion,0,5,1,211,217,1,5,0.13849222534596417,,-0.010449372136989982,1.0,-0.0,,-0.010449372136989982,,
Explainability,Sliding Window,0,1,1,215,217,1,1,0.06449301496838222,,-0.004629629629629629,1.0,-0.0,,-0.004629629629629629,,
Explainability,Frame rate reduction,0,2,1,214,217,1,2,0.08997290406174518,,-0.006562493591317981,1.0,-0.0,,-0.006562493591317981,,
Explainability,Input spatial partitioning,0,1,1,215,217,1,1,0.06449301496838222,,-0.004629629629629629,1.0,-0.0,,-0.004629629629629629,,
Explainability,Input contrast improvement,0,1,1,215,217,1,1,0.06449301496838222,,-0.004629629629629629,1.0,-0.0,,-0.004629629629629629,,
Explainability,Input modification,0,2,1,214,217,1,2,0.08997290406174518,,-0.006562493591317981,1.0,-0.0,,-0.006562493591317981,,
Explainability,Sequential input fusion,0,1,1,215,217,1,1,0.06449301496838222,,-0.004629629629629629,1.0,-0.0,,-0.004629629629629629,,
Explainability,Signal overwriting,0,1,1,215,217,1,1,0.06449301496838222,,-0.004629629629629629,1.0,-0.0,,-0.004629629629629629,,
Explainability,Denoising,0,2,1,214,217,1,2,0.08997290406174518,,-0.006562493591317981,1.0,-0.0,,-0.006562493591317981,,
Explainability,Robust feature extraction,0,2,1,214,217,1,2,0.08997290406174518,,-0.006562493591317981,1.0,-0.0,,-0.006562493591317981,,
Explainability,Post-processing,0,1,1,215,217,1,1,0.06449301496838222,,-0.004629629629629629,1.0,-0.0,,-0.004629629629629629,,
Explainability,Decision smoothing,0,1,1,215,217,1,1,0.06449301496838222,,-0.004629629629629629,1.0,-0.0,,-0.004629629629629629,,
Explainability,Width adjustment,0,15,1,201,217,1,15,0.22755841388363107,,-0.0185414233120827,1.0,-0.0,,-0.0185414233120827,,
Explainability,Depth adjustment,0,12,1,204,217,1,12,0.206212993639731,,-0.016462159944159827,1.0,-0.0,,-0.016462159944159827,,
Explainability,Last stage reduction,0,1,1,215,217,1,1,0.06449301496838222,,-0.004629629629629629,1.0,-0.0,,-0.004629629629629629,,
Explainability,New or specific layer module,0,5,1,211,217,1,5,0.13849222534596417,,-0.010449372136989982,1.0,-0.0,,-0.010449372136989982,,
Explainability,Model fusion,0,1,1,215,217,1,1,0.06449301496838222,,-0.004629629629629629,1.0,-0.0,,-0.004629629629629629,,
Explainability,Kernel regularization,0,1,1,215,217,1,1,0.06449301496838222,,-0.004629629629629629,1.0,-0.0,,-0.004629629629629629,,
Explainability,Regularization,0,7,1,209,217,1,7,0.16170349855334454,,-0.012422599874998832,1.0,-0.0,,-0.012422599874998832,,
Explainability,Early-exit inference,0,4,1,212,217,1,4,0.12482668095705252,,-0.009324237314407657,1.0,-0.0,,-0.009324237314407657,,
Explainability,Additional side branches with uncertainty measures,0,2,1,214,217,1,2,0.08997290406174518,,-0.006562493591317981,1.0,-0.0,,-0.006562493591317981,,
Explainability,Tuner and meta-tuner blocks,0,2,1,214,217,1,2,0.08997290406174518,,-0.006562493591317981,1.0,-0.0,,-0.006562493591317981,,
Explainability,Adapter module,0,2,1,214,217,1,2,0.08997290406174518,,-0.006562493591317981,1.0,-0.0,,-0.006562493591317981,,
Explainability,Bottleneck module,0,2,1,214,217,1,2,0.08997290406174518,,-0.006562493591317981,1.0,-0.0,,-0.006562493591317981,,
Explainability,Separation of convolutional kernels,0,2,1,214,217,1,2,0.08997290406174518,,-0.006562493591317981,1.0,-0.0,,-0.006562493591317981,,
Explainability,Depthwise-separable convolution layers,0,2,1,214,217,1,2,0.08997290406174518,,-0.006562493591317981,1.0,-0.0,,-0.006562493591317981,,
Explainability,Convolution unfolding,0,1,1,215,217,1,1,0.06449301496838222,,-0.004629629629629629,1.0,-0.0,,-0.004629629629629629,,
Explainability,Activation function selection,0,4,1,212,217,1,4,0.12482668095705252,,-0.009324237314407657,1.0,-0.0,,-0.009324237314407657,,
Explainability,Layer fusion,0,1,1,215,217,1,1,0.06449301496838222,,-0.004629629629629629,1.0,-0.0,,-0.004629629629629629,,
Explainability,Fault-map-based neuron re-mapping,0,1,1,215,217,1,1,0.06449301496838222,,-0.004629629629629629,1.0,-0.0,,-0.004629629629629629,,
Explainability,Multiscale feature processing architectures,0,1,1,215,217,1,1,0.06449301496838222,,-0.004629629629629629,1.0,-0.0,,-0.004629629629629629,,
Explainability,Architecture design through math. optimization,0,5,1,211,217,1,5,0.13849222534596417,,-0.010449372136989982,1.0,-0.0,,-0.010449372136989982,,
Explainability,Neural architecture search,0,10,1,206,217,1,10,0.19007895443513734,,-0.014955052834949042,1.0,-0.0,,-0.014955052834949042,,
Explainability,Hardware and Software codesign,0,8,1,208,217,1,8,0.17185068465818631,,-0.013312051063847861,1.0,-0.0,,-0.013312051063847861,,
Explainability,Architecture design optimization with reinforcement learning,0,2,1,214,217,1,2,0.08997290406174518,,-0.006562493591317981,1.0,-0.0,,-0.006562493591317981,,
Explainability,Model format conversion,0,2,1,214,217,1,2,0.08997290406174518,,-0.006562493591317981,1.0,-0.0,,-0.006562493591317981,,
Explainability,Normalization,0,3,1,213,217,1,3,0.10905274771158924,,-0.008056137408713865,1.0,-0.0,,-0.008056137408713865,,
Explainability,Policy conversion,0,1,1,215,217,1,1,0.06449301496838222,,-0.004629629629629629,1.0,-0.0,,-0.004629629629629629,,
Explainability,Feature encoding,0,3,1,213,217,1,3,0.10905274771158924,,-0.008056137408713865,1.0,-0.0,,-0.008056137408713865,,
Explainability,On-chip weight caching,0,2,1,214,217,1,2,0.08997290406174518,,-0.006562493591317981,1.0,-0.0,,-0.006562493591317981,,
Explainability,Cache preloading,0,1,1,215,217,1,1,0.06449301496838222,,-0.004629629629629629,1.0,-0.0,,-0.004629629629629629,,
Explainability,Prediction/intermediate result caching,0,2,1,214,217,1,2,0.08997290406174518,,-0.006562493591317981,1.0,-0.0,,-0.006562493591317981,,
Explainability,Relevant content caching,0,1,1,215,217,1,1,0.06449301496838222,,-0.004629629629629629,1.0,-0.0,,-0.004629629629629629,,
Explainability,Light communication protocol usage,0,1,1,215,217,1,1,0.06449301496838222,,-0.004629629629629629,1.0,-0.0,,-0.004629629629629629,,
Explainability,Cloud compression and edge reconstruction,0,1,1,215,217,1,1,0.06449301496838222,,-0.004629629629629629,1.0,-0.0,,-0.004629629629629629,,
Explainability,Deadline-aware scheduling,0,2,1,214,217,1,2,0.08997290406174518,,-0.006562493591317981,1.0,-0.0,,-0.006562493591317981,,
Explainability,Memory scheduling,0,2,1,214,217,1,2,0.08997290406174518,,-0.006562493591317981,1.0,-0.0,,-0.006562493591317981,,
Explainability,Multitask Scheduling,0,3,1,213,217,1,3,0.10905274771158924,,-0.008056137408713865,1.0,-0.0,,-0.008056137408713865,,
Explainability,Single task assignment,0,1,1,215,217,1,1,0.06449301496838222,,-0.004629629629629629,1.0,-0.0,,-0.004629629629629629,,
Explainability,Adaptive model scheduling,0,1,1,215,217,1,1,0.06449301496838222,,-0.004629629629629629,1.0,-0.0,,-0.004629629629629629,,
Explainability,Adaptive batching,0,1,1,215,217,1,1,0.06449301496838222,,-0.004629629629629629,1.0,-0.0,,-0.004629629629629629,,
Explainability,Sensor duty cycle,0,2,1,214,217,1,2,0.08997290406174518,,-0.006562493591317981,1.0,-0.0,,-0.006562493591317981,,
Explainability,Later local processing of encoded features,0,1,1,215,217,1,1,0.06449301496838222,,-0.004629629629629629,1.0,-0.0,,-0.004629629629629629,,
Explainability,Concurrent processing hardware,0,7,1,209,217,1,7,0.16170349855334454,,-0.012422599874998832,1.0,-0.0,,-0.012422599874998832,,
Explainability,Straggler mitigation,0,1,1,215,217,1,1,0.06449301496838222,,-0.004629629629629629,1.0,-0.0,,-0.004629629629629629,,
Explainability,Prediction combination of multi-models,0,1,1,215,217,1,1,0.06449301496838222,,-0.004629629629629629,1.0,-0.0,,-0.004629629629629629,,
Explainability,Competing models ,0,1,1,215,217,1,1,0.06449301496838222,,-0.004629629629629629,1.0,-0.0,,-0.004629629629629629,,
Explainability,Multi-model of different models,0,6,1,210,217,1,6,0.15066306992548228,,-0.011473806513691905,1.0,-0.0,,-0.011473806513691905,,
Explainability,Task-level parallelism on CNN layer-level,0,9,1,207,217,1,9,0.18126924692201818,,-0.014153462926807447,1.0,-0.0,,-0.014153462926807447,,
Explainability,Data-level parallelsim in CNN layer,0,1,1,215,217,1,1,0.06449301496838222,,-0.004629629629629629,1.0,-0.0,,-0.004629629629629629,,
Explainability,Event-based processing,0,1,1,215,217,1,1,0.06449301496838222,,-0.004629629629629629,1.0,-0.0,,-0.004629629629629629,,
Explainability,Partial layer execution,0,2,1,214,217,1,2,0.08997290406174518,,-0.006562493591317981,1.0,-0.0,,-0.006562493591317981,,
Explainability,Matrix-multiplication optimization,0,1,1,215,217,1,1,0.06449301496838222,,-0.004629629629629629,1.0,-0.0,,-0.004629629629629629,,
Explainability,Simultaneous memory loading,0,4,1,212,217,1,4,0.12482668095705252,,-0.009324237314407657,1.0,-0.0,,-0.009324237314407657,,
Explainability,External computational offloading,0,11,1,205,217,1,11,0.19837015644199685,,-0.015723016016341327,1.0,-0.0,,-0.015723016016341327,,
Explainability,Internal computation balancing,0,3,1,213,217,1,3,0.10905274771158924,,-0.008056137408713865,1.0,-0.0,,-0.008056137408713865,,
Explainability,Quantitative sensor selection,0,1,1,215,217,1,1,0.06449301496838222,,-0.004629629629629629,1.0,-0.0,,-0.004629629629629629,,
Explainability,Out-of-distribution detection,0,3,1,213,217,1,3,0.10905274771158924,,-0.008056137408713865,1.0,-0.0,,-0.008056137408713865,,
Explainability,Failure prevention or mitigation,0,3,1,213,217,1,3,0.10905274771158924,,-0.008056137408713865,1.0,-0.0,,-0.008056137408713865,,
Explainability,Independent model development,0,1,1,215,217,1,1,0.06449301496838222,,-0.004629629629629629,1.0,-0.0,,-0.004629629629629629,,
Explainability,Coupled semantic descriptions,0,1,1,215,217,1,1,0.06449301496838222,,-0.004629629629629629,1.0,-0.0,,-0.004629629629629629,,
Explainability,Test time adaption,0,2,1,214,217,1,2,0.08997290406174518,,-0.006562493591317981,1.0,-0.0,,-0.006562493591317981,,
Explainability,Merging of fault maps,0,1,1,215,217,1,1,0.06449301496838222,,-0.004629629629629629,1.0,-0.0,,-0.004629629629629629,,
Explainability,High-level synthesis,0,1,1,215,217,1,1,0.06449301496838222,,-0.004629629629629629,1.0,-0.0,,-0.004629629629629629,,
Explainability,Post-hoc uncertainty calibration ,0,1,1,215,217,1,1,0.06449301496838222,,-0.004629629629629629,1.0,-0.0,,-0.004629629629629629,,
